run_id,schema,context_id,horizon,raw_open,raw_high,raw_low,raw_close,projected_open,projected_high,projected_low,projected_close,raw_valid,projected_valid,projection_applied,high_adjustment,low_adjustment,total_absolute_adjustment,relative_adjustment,predictor_class,model_sha256,tokenizer_sha256,seed,temperature,top_p,sample_count
run2,OHLC,OHLC_0000,1,100.09522247314453,100.09500885009766,99.95496368408203,100.00627899169922,100.09522247314453,100.09522247314453,99.95496368408203,100.00627899169922,False,True,True,0.000213623046875,0.0,0.000213623046875,2.136096343437908e-06,KronosPredictor,a7d5f37e2e9fbd9891f7d7d4f72574512dd1f704fee14223e0a8cd0fbf54197c,0b30a443affb03e05a876a083857de9164f899feb7b4d261da02c485c9a3e3b6,20260725,1.0,0.9,1
run2,OHLC,OHLC_0000,2,99.9748764038086,100.09996795654297,99.96515655517578,100.00869750976562,99.9748764038086,100.09996795654297,99.96515655517578,100.00869750976562,False,True,True,0.0,0.0,0.0,0.0,KronosPredictor,a7d5f37e2e9fbd9891f7d7d4f72574512dd1f704fee14223e0a8cd0fbf54197c,0b30a443affb03e05a876a083857de9164f899feb7b4d261da02c485c9a3e3b6,20260725,1.0,0.9,1
run2,OHLC,OHLC_0000,3,100.02732849121094,100.06754302978516,99.9576416015625,100.00740051269531,100.02732849121094,100.06754302978516,99.9576416015625,100.00740051269531,False,True,True,0.0,0.0,0.0,0.0,KronosPredictor,a7d5f37e2e9fbd9891f7d7d4f72574512dd1f704fee14223e0a8cd0fbf54197c,0b30a443affb03e05a876a083857de9164f899feb7b4d261da02c485c9a3e3b6,20260725,1.0,0.9,1
run2,OHLC,OHLC_0000,4,99.89514923095703,100.07030487060547,99.93321228027344,100.01115417480469,99.89514923095703,100.07030487060547,99.89514923095703,100.01115417480469,False,True,True,0.0,0.03806304931640625,0.03806304931640625,0.00038060659490756155,KronosPredictor,a7d5f37e2e9fbd9891f7d7d4f72574512dd1f704fee14223e0a8cd0fbf54197c,0b30a443affb03e05a876a083857de9164f899feb7b4d261da02c485c9a3e3b6,20260725,1.0,0.9,1
run2,OHLC,OHLC_0000,5,99.96125793457031,100.06359100341797,99.97225189208984,100.0108642578125,99.96125793457031,100.06359100341797,99.96125793457031,100.0108642578125,False,True,True,0.0,0.01099395751953125,0.01099395751953125,0.0001099326725319295,KronosPredictor,a7d5f37e2e9fbd9891f7d7d4f72574512dd1f704fee14223e0a8cd0fbf54197c,0b30a443affb03e05a876a083857de9164f899feb7b4d261da02c485c9a3e3b6,20260725,1.0,0.9,1
run2,OHLC,OHLC_0001,1,100.03392791748047,100.11910247802734,99.97523498535156,100.01411437988281,100.03392791748047,100.11910247802734,99.97523498535156,100.01411437988281,False,True,True,0.0,0.0,0.0,0.0,KronosPredictor,a7d5f37e2e9fbd9891f7d7d4f72574512dd1f704fee14223e0a8cd0fbf54197c,0b30a443affb03e05a876a083857de9164f899feb7b4d261da02c485c9a3e3b6,20260725,1.0,0.9,1
run2,OHLC,OHLC_0001,2,100.09102630615234,100.04059600830078,99.95481872558594,100.00264739990234,100.09102630615234,100.09102630615234,99.95481872558594,100.00264739990234,False,True,True,0.0504302978515625,0.0,0.0504302978515625,0.0005042318093225672,KronosPredictor,a7d5f37e2e9fbd9891f7d7d4f72574512dd1f704fee14223e0a8cd0fbf54197c,0b30a443affb03e05a876a083857de9164f899feb7b4d261da02c485c9a3e3b6,20260725,1.0,0.9,1
run2,OHLC,OHLC_0001,3,99.99417877197266,100.02912139892578,99.98246765136719,100.00659942626953,99.99417877197266,100.02912139892578,99.98246765136719,100.00659942626953,False,True,True,0.0,0.0,0.0,0.0,KronosPredictor,a7d5f37e2e9fbd9891f7d7d4f72574512dd1f704fee14223e0a8cd0fbf54197c,0b30a443affb03e05a876a083857de9164f899feb7b4d261da02c485c9a3e3b6,20260725,1.0,0.9,1
run2,OHLC,OHLC_0001,4,100.02477264404297,100.03044128417969,99.98345184326172,100.0050048828125,100.02477264404297,100.03044128417969,99.98345184326172,100.0050048828125,False,True,True,0.0,0.0,0.0,0.0,KronosPredictor,a7d5f37e2e9fbd9891f7d7d4f72574512dd1f704fee14223e0a8cd0fbf54197c,0b30a443affb03e05a876a083857de9164f899feb7b4d261da02c485c9a3e3b6,20260725,1.0,0.9,1
run2,OHLC,OHLC_0001,5,99.98067474365234,100.03572082519531,99.91090393066406,100.0007553100586,99.98067474365234,100.03572082519531,99.91090393066406,100.0007553100586,False,True,True,0.0,0.0,0.0,0.0,KronosPredictor,a7d5f37e2e9fbd9891f7d7d4f72574512dd1f704fee14223e0a8cd0fbf54197c,0b30a443affb03e05a876a083857de9164f899feb7b4d261da02c485c9a3e3b6,20260725,1.0,0.9,1
run2,OHLC,OHLC_0002,1,100.0804214477539,100.02605438232422,100.02450561523438,100.01557159423828,100.0804214477539,100.0804214477539,100.01557159423828,100.01557159423828,False,True,True,0.0543670654296875,0.00893402099609375,0.06330108642578125,0.0006329123097210586,KronosPredictor,a7d5f37e2e9fbd9891f7d7d4f72574512dd1f704fee14223e0a8cd0fbf54197c,0b30a443affb03e05a876a083857de9164f899feb7b4d261da02c485c9a3e3b6,20260725,1.0,0.9,1
run2,OHLC,OHLC_0002,2,99.98351287841797,100.07710266113281,99.94306945800781,100.02033996582031,99.98351287841797,100.07710266113281,99.94306945800781,100.02033996582031,False,True,True,0.0,0.0,0.0,0.0,KronosPredictor,a7d5f37e2e9fbd9891f7d7d4f72574512dd1f704fee14223e0a8cd0fbf54197c,0b30a443affb03e05a876a083857de9164f899feb7b4d261da02c485c9a3e3b6,20260725,1.0,0.9,1
run2,OHLC,OHLC_0002,3,100.27590942382812,100.12081909179688,100.02603149414062,100.01644134521484,100.27590942382812,100.27590942382812,100.01644134521484,100.01644134521484,False,True,True,0.15509033203125,0.00959014892578125,0.16468048095703125,0.001646548415732078,KronosPredictor,a7d5f37e2e9fbd9891f7d7d4f72574512dd1f704fee14223e0a8cd0fbf54197c,0b30a443affb03e05a876a083857de9164f899feb7b4d261da02c485c9a3e3b6,20260725,1.0,0.9,1
run2,OHLC,OHLC_0002,4,100.08295440673828,100.08363342285156,100.01782989501953,100.01815032958984,100.08295440673828,100.08363342285156,100.01782989501953,100.01815032958984,False,True,True,0.0,0.0,0.0,0.0,KronosPredictor,a7d5f37e2e9fbd9891f7d7d4f72574512dd1f704fee14223e0a8cd0fbf54197c,0b30a443affb03e05a876a083857de9164f899feb7b4d261da02c485c9a3e3b6,20260725,1.0,0.9,1
run2,OHLC,OHLC_0002,5,100.01675415039062,100.09384155273438,99.97760772705078,100.02111053466797,100.01675415039062,100.09384155273438,99.97760772705078,100.02111053466797,False,True,True,0.0,0.0,0.0,0.0,KronosPredictor,a7d5f37e2e9fbd9891f7d7d4f72574512dd1f704fee14223e0a8cd0fbf54197c,0b30a443affb03e05a876a083857de9164f899feb7b4d261da02c485c9a3e3b6,20260725,1.0,0.9,1
run2,OHLC,OHLC_0003,1,100.08953857421875,100.06026458740234,100.01394653320312,100.01219940185547,100.08953857421875,100.08953857421875,100.01219940185547,100.01219940185547,False,True,True,0.02927398681640625,0.00174713134765625,0.0310211181640625,0.0003101733423481434,KronosPredictor,a7d5f37e2e9fbd9891f7d7d4f72574512dd1f704fee14223e0a8cd0fbf54197c,0b30a443affb03e05a876a083857de9164f899feb7b4d261da02c485c9a3e3b6,20260725,1.0,0.9,1
run2,OHLC,OHLC_0003,2,99.94654846191406,100.0809326171875,99.9418716430664,100.01520538330078,99.94654846191406,100.0809326171875,99.9418716430664,100.01520538330078,False,True,True,0.0,0.0,0.0,0.0,KronosPredictor,a7d5f37e2e9fbd9891f7d7d4f72574512dd1f704fee14223e0a8cd0fbf54197c,0b30a443affb03e05a876a083857de9164f899feb7b4d261da02c485c9a3e3b6,20260725,1.0,0.9,1
run2,OHLC,OHLC_0003,3,100.1072998046875,100.10880279541016,99.9903793334961,100.00984191894531,100.1072998046875,100.10880279541016,99.9903793334961,100.00984191894531,False,True,True,0.0,0.0,0.0,0.0,KronosPredictor,a7d5f37e2e9fbd9891f7d7d4f72574512dd1f704fee14223e0a8cd0fbf54197c,0b30a443affb03e05a876a083857de9164f899feb7b4d261da02c485c9a3e3b6,20260725,1.0,0.9,1
run2,OHLC,OHLC_0003,4,100.00467681884766,100.1265869140625,99.96184539794922,100.01300048828125,100.00467681884766,100.1265869140625,99.96184539794922,100.01300048828125,False,True,True,0.0,0.0,0.0,0.0,KronosPredictor,a7d5f37e2e9fbd9891f7d7d4f72574512dd1f704fee14223e0a8cd0fbf54197c,0b30a443affb03e05a876a083857de9164f899feb7b4d261da02c485c9a3e3b6,20260725,1.0,0.9,1
run2,OHLC,OHLC_0003,5,100.11776733398438,100.15872955322266,99.98219299316406,100.01383972167969,100.11776733398438,100.15872955322266,99.98219299316406,100.01383972167969,False,True,True,0.0,0.0,0.0,0.0,KronosPredictor,a7d5f37e2e9fbd9891f7d7d4f72574512dd1f704fee14223e0a8cd0fbf54197c,0b30a443affb03e05a876a083857de9164f899feb7b4d261da02c485c9a3e3b6,20260725,1.0,0.9,1
run2,OHLC,OHLC_0004,1,99.93441772460938,100.08036041259766,99.87193298339844,99.98993682861328,99.93441772460938,100.08036041259766,99.87193298339844,99.98993682861328,False,True,True,0.0,0.0,0.0,0.0,KronosPredictor,a7d5f37e2e9fbd9891f7d7d4f72574512dd1f704fee14223e0a8cd0fbf54197c,0b30a443affb03e05a876a083857de9164f899feb7b4d261da02c485c9a3e3b6,20260725,1.0,0.9,1
run2,OHLC,OHLC_0004,2,99.95333099365234,100.03736114501953,99.93099212646484,99.99751281738281,99.95333099365234,100.03736114501953,99.93099212646484,99.99751281738281,False,True,True,0.0,0.0,0.0,0.0,KronosPredictor,a7d5f37e2e9fbd9891f7d7d4f72574512dd1f704fee14223e0a8cd0fbf54197c,0b30a443affb03e05a876a083857de9164f899feb7b4d261da02c485c9a3e3b6,20260725,1.0,0.9,1
run2,OHLC,OHLC_0004,3,99.97622680664062,100.02787017822266,99.94132232666016,99.99644470214844,99.97622680664062,100.02787017822266,99.94132232666016,99.99644470214844,False,True,True,0.0,0.0,0.0,0.0,KronosPredictor,a7d5f37e2e9fbd9891f7d7d4f72574512dd1f704fee14223e0a8cd0fbf54197c,0b30a443affb03e05a876a083857de9164f899feb7b4d261da02c485c9a3e3b6,20260725,1.0,0.9,1
run2,OHLC,OHLC_0004,4,99.91461181640625,99.99642944335938,99.92144775390625,99.9940185546875,99.91461181640625,99.99642944335938,99.91461181640625,99.9940185546875,False,True,True,0.0,0.0068359375,0.0068359375,6.836625481339256e-05,KronosPredictor,a7d5f37e2e9fbd9891f7d7d4f72574512dd1f704fee14223e0a8cd0fbf54197c,0b30a443affb03e05a876a083857de9164f899feb7b4d261da02c485c9a3e3b6,20260725,1.0,0.9,1
run2,OHLC,OHLC_0004,5,99.90736389160156,100.02381134033203,99.85466766357422,99.99372100830078,99.90736389160156,100.02381134033203,99.85466766357422,99.99372100830078,False,True,True,0.0,0.0,0.0,0.0,KronosPredictor,a7d5f37e2e9fbd9891f7d7d4f72574512dd1f704fee14223e0a8cd0fbf54197c,0b30a443affb03e05a876a083857de9164f899feb7b4d261da02c485c9a3e3b6,20260725,1.0,0.9,1
run2,OHLC,OHLC_0005,1,99.8543930053711,100.0401840209961,99.90323638916016,99.99993133544922,99.8543930053711,100.0401840209961,99.8543930053711,99.99993133544922,False,True,True,0.0,0.0488433837890625,0.0488433837890625,0.0004884341732717559,KronosPredictor,a7d5f37e2e9fbd9891f7d7d4f72574512dd1f704fee14223e0a8cd0fbf54197c,0b30a443affb03e05a876a083857de9164f899feb7b4d261da02c485c9a3e3b6,20260725,1.0,0.9,1
run2,OHLC,OHLC_0005,2,99.90967559814453,100.03861999511719,99.91854095458984,100.00006103515625,99.90967559814453,100.03861999511719,99.90967559814453,100.00006103515625,False,True,True,0.0,0.0088653564453125,0.0088653564453125,8.865362532673858e-05,KronosPredictor,a7d5f37e2e9fbd9891f7d7d4f72574512dd1f704fee14223e0a8cd0fbf54197c,0b30a443affb03e05a876a083857de9164f899feb7b4d261da02c485c9a3e3b6,20260725,1.0,0.9,1
run2,OHLC,OHLC_0005,3,100.02283477783203,100.08004760742188,99.93917846679688,99.99976348876953,100.02283477783203,100.08004760742188,99.93917846679688,99.99976348876953,False,True,True,0.0,0.0,0.0,0.0,KronosPredictor,a7d5f37e2e9fbd9891f7d7d4f72574512dd1f704fee14223e0a8cd0fbf54197c,0b30a443affb03e05a876a083857de9164f899feb7b4d261da02c485c9a3e3b6,20260725,1.0,0.9,1
run2,OHLC,OHLC_0005,4,99.81964111328125,100.06607055664062,99.90670776367188,100.00213623046875,99.81964111328125,100.06607055664062,99.81964111328125,100.00213623046875,False,True,True,0.0,0.087066650390625,0.087066650390625,0.0008706671017459042,KronosPredictor,a7d5f37e2e9fbd9891f7d7d4f72574512dd1f704fee14223e0a8cd0fbf54197c,0b30a443affb03e05a876a083857de9164f899feb7b4d261da02c485c9a3e3b6,20260725,1.0,0.9,1
run2,OHLC,OHLC_0005,5,99.98046875,100.06420135498047,99.92550659179688,100.00189971923828,99.98046875,100.06420135498047,99.92550659179688,100.00189971923828,False,True,True,0.0,0.0,0.0,0.0,KronosPredictor,a7d5f37e2e9fbd9891f7d7d4f72574512dd1f704fee14223e0a8cd0fbf54197c,0b30a443affb03e05a876a083857de9164f899feb7b4d261da02c485c9a3e3b6,20260725,1.0,0.9,1
run2,OHLC,OHLC_0006,1,99.86933898925781,100.01800537109375,99.9026870727539,100.00019073486328,99.86933898925781,100.01800537109375,99.86933898925781,100.00019073486328,False,True,True,0.0,0.03334808349609375,0.03334808349609375,0.0003334801988979361,KronosPredictor,a7d5f37e2e9fbd9891f7d7d4f72574512dd1f704fee14223e0a8cd0fbf54197c,0b30a443affb03e05a876a083857de9164f899feb7b4d261da02c485c9a3e3b6,20260725,1.0,0.9,1
run2,OHLC,OHLC_0006,2,99.98802947998047,100.01866912841797,99.92998504638672,99.99809265136719,99.98802947998047,100.01866912841797,99.92998504638672,99.99809265136719,False,True,True,0.0,0.0,0.0,0.0,KronosPredictor,a7d5f37e2e9fbd9891f7d7d4f72574512dd1f704fee14223e0a8cd0fbf54197c,0b30a443affb03e05a876a083857de9164f899feb7b4d261da02c485c9a3e3b6,20260725,1.0,0.9,1
run2,OHLC,OHLC_0006,3,99.96627807617188,100.00289154052734,99.82283782958984,99.99156951904297,99.96627807617188,100.00289154052734,99.82283782958984,99.99156951904297,False,True,True,0.0,0.0,0.0,0.0,KronosPredictor,a7d5f37e2e9fbd9891f7d7d4f72574512dd1f704fee14223e0a8cd0fbf54197c,0b30a443affb03e05a876a083857de9164f899feb7b4d261da02c485c9a3e3b6,20260725,1.0,0.9,1
run2,OHLC,OHLC_0006,4,99.84334564208984,100.05614471435547,99.87902069091797,100.00028991699219,99.84334564208984,100.05614471435547,99.84334564208984,100.00028991699219,False,True,True,0.0,0.035675048828125,0.035675048828125,0.0003567498078349918,KronosPredictor,a7d5f37e2e9fbd9891f7d7d4f72574512dd1f704fee14223e0a8cd0fbf54197c,0b30a443affb03e05a876a083857de9164f899feb7b4d261da02c485c9a3e3b6,20260725,1.0,0.9,1
run2,OHLC,OHLC_0006,5,100.02308654785156,100.03239440917969,99.9638442993164,99.99850463867188,100.02308654785156,100.03239440917969,99.9638442993164,99.99850463867188,False,True,True,0.0,0.0,0.0,0.0,KronosPredictor,a7d5f37e2e9fbd9891f7d7d4f72574512dd1f704fee14223e0a8cd0fbf54197c,0b30a443affb03e05a876a083857de9164f899feb7b4d261da02c485c9a3e3b6,20260725,1.0,0.9,1
run2,OHLC,OHLC_0007,1,100.07613372802734,100.07997131347656,99.96053314208984,100.00215148925781,100.07613372802734,100.07997131347656,99.96053314208984,100.00215148925781,False,True,True,0.0,0.0,0.0,0.0,KronosPredictor,a7d5f37e2e9fbd9891f7d7d4f72574512dd1f704fee14223e0a8cd0fbf54197c,0b30a443affb03e05a876a083857de9164f899feb7b4d261da02c485c9a3e3b6,20260725,1.0,0.9,1
run2,OHLC,OHLC_0007,2,99.93179321289062,100.0829086303711,99.92850494384766,100.00328826904297,99.93179321289062,100.0829086303711,99.92850494384766,100.00328826904297,False,True,True,0.0,0.0,0.0,0.0,KronosPredictor,a7d5f37e2e9fbd9891f7d7d4f72574512dd1f704fee14223e0a8cd0fbf54197c,0b30a443affb03e05a876a083857de9164f899feb7b4d261da02c485c9a3e3b6,20260725,1.0,0.9,1
run2,OHLC,OHLC_0007,3,100.0173110961914,100.0476303100586,99.94044494628906,100.00045776367188,100.0173110961914,100.0476303100586,99.94044494628906,100.00045776367188,False,True,True,0.0,0.0,0.0,0.0,KronosPredictor,a7d5f37e2e9fbd9891f7d7d4f72574512dd1f704fee14223e0a8cd0fbf54197c,0b30a443affb03e05a876a083857de9164f899feb7b4d261da02c485c9a3e3b6,20260725,1.0,0.9,1
run2,OHLC,OHLC_0007,4,100.05986785888672,100.0242919921875,99.95527648925781,99.9973373413086,100.05986785888672,100.05986785888672,99.95527648925781,99.9973373413086,False,True,True,0.03557586669921875,0.0,0.03557586669921875,0.0003557510130473572,KronosPredictor,a7d5f37e2e9fbd9891f7d7d4f72574512dd1f704fee14223e0a8cd0fbf54197c,0b30a443affb03e05a876a083857de9164f899feb7b4d261da02c485c9a3e3b6,20260725,1.0,0.9,1
run2,OHLC,OHLC_0007,5,99.91187286376953,100.0062026977539,99.95215606689453,100.00382995605469,99.91187286376953,100.0062026977539,99.91187286376953,100.00382995605469,False,True,True,0.0,0.040283203125,0.040283203125,0.00040282336454858377,KronosPredictor,a7d5f37e2e9fbd9891f7d7d4f72574512dd1f704fee14223e0a8cd0fbf54197c,0b30a443affb03e05a876a083857de9164f899feb7b4d261da02c485c9a3e3b6,20260725,1.0,0.9,1
run2,OHLC,OHLC_0008,1,99.95418548583984,99.98011016845703,99.91747283935547,99.9836654663086,99.95418548583984,99.9836654663086,99.91747283935547,99.9836654663086,False,True,True,0.0035552978515625,0.0,0.0035552978515625,3.5558786877647785e-05,KronosPredictor,a7d5f37e2e9fbd9891f7d7d4f72574512dd1f704fee14223e0a8cd0fbf54197c,0b30a443affb03e05a876a083857de9164f899feb7b4d261da02c485c9a3e3b6,20260725,1.0,0.9,1
run2,OHLC,OHLC_0008,2,99.95173645019531,100.05287170410156,99.88522338867188,99.97854614257812,99.95173645019531,100.05287170410156,99.88522338867188,99.97854614257812,False,True,True,0.0,0.0,0.0,0.0,KronosPredictor,a7d5f37e2e9fbd9891f7d7d4f72574512dd1f704fee14223e0a8cd0fbf54197c,0b30a443affb03e05a876a083857de9164f899feb7b4d261da02c485c9a3e3b6,20260725,1.0,0.9,1
run2,OHLC,OHLC_0008,3,99.85686492919922,100.08512878417969,99.85851287841797,99.99366760253906,99.85686492919922,100.08512878417969,99.85686492919922,99.99366760253906,False,True,True,0.0,0.00164794921875,0.00164794921875,1.6482184475476225e-05,KronosPredictor,a7d5f37e2e9fbd9891f7d7d4f72574512dd1f704fee14223e0a8cd0fbf54197c,0b30a443affb03e05a876a083857de9164f899feb7b4d261da02c485c9a3e3b6,20260725,1.0,0.9,1
run2,OHLC,OHLC_0008,4,100.09149169921875,100.10240173339844,99.957275390625,99.98709106445312,100.09149169921875,100.10240173339844,99.957275390625,99.98709106445312,False,True,True,0.0,0.0,0.0,0.0,KronosPredictor,a7d5f37e2e9fbd9891f7d7d4f72574512dd1f704fee14223e0a8cd0fbf54197c,0b30a443affb03e05a876a083857de9164f899feb7b4d261da02c485c9a3e3b6,20260725,1.0,0.9,1
run2,OHLC,OHLC_0008,5,100.0727310180664,100.06929779052734,99.93856048583984,99.98561096191406,100.0727310180664,100.0727310180664,99.93856048583984,99.98561096191406,False,True,True,0.0034332275390625,0.0,0.0034332275390625,3.4337884323908806e-05,KronosPredictor,a7d5f37e2e9fbd9891f7d7d4f72574512dd1f704fee14223e0a8cd0fbf54197c,0b30a443affb03e05a876a083857de9164f899feb7b4d261da02c485c9a3e3b6,20260725,1.0,0.9,1
run2,OHLC,OHLC_0009,1,100.08361053466797,100.0550537109375,99.96131134033203,100.00192260742188,100.08361053466797,100.08361053466797,99.96131134033203,100.00192260742188,False,True,True,0.02855682373046875,0.0,0.02855682373046875,0.00028556274705411855,KronosPredictor,a7d5f37e2e9fbd9891f7d7d4f72574512dd1f704fee14223e0a8cd0fbf54197c,0b30a443affb03e05a876a083857de9164f899feb7b4d261da02c485c9a3e3b6,20260725,1.0,0.9,1
run2,OHLC,OHLC_0009,2,100.05382537841797,100.04550170898438,100.01676940917969,100.00546264648438,100.05382537841797,100.05382537841797,100.00546264648438,100.00546264648438,False,True,True,0.00832366943359375,0.0113067626953125,0.01963043212890625,0.00019630054720017284,KronosPredictor,a7d5f37e2e9fbd9891f7d7d4f72574512dd1f704fee14223e0a8cd0fbf54197c,0b30a443affb03e05a876a083857de9164f899feb7b4d261da02c485c9a3e3b6,20260725,1.0,0.9,1
run2,OHLC,OHLC_0009,3,100.01527404785156,100.062255859375,99.95089721679688,100.00572204589844,100.01527404785156,100.062255859375,99.95089721679688,100.00572204589844,False,True,True,0.0,0.0,0.0,0.0,KronosPredictor,a7d5f37e2e9fbd9891f7d7d4f72574512dd1f704fee14223e0a8cd0fbf54197c,0b30a443affb03e05a876a083857de9164f899feb7b4d261da02c485c9a3e3b6,20260725,1.0,0.9,1
run2,OHLC,OHLC_0009,4,99.96540832519531,100.05667114257812,99.91383361816406,100.00633239746094,99.96540832519531,100.05667114257812,99.91383361816406,100.00633239746094,False,True,True,0.0,0.0,0.0,0.0,KronosPredictor,a7d5f37e2e9fbd9891f7d7d4f72574512dd1f704fee14223e0a8cd0fbf54197c,0b30a443affb03e05a876a083857de9164f899feb7b4d261da02c485c9a3e3b6,20260725,1.0,0.9,1
run2,OHLC,OHLC_0009,5,100.0098648071289,100.14107513427734,99.90239715576172,100.0032730102539,100.0098648071289,100.14107513427734,99.90239715576172,100.0032730102539,False,True,True,0.0,0.0,0.0,0.0,KronosPredictor,a7d5f37e2e9fbd9891f7d7d4f72574512dd1f704fee14223e0a8cd0fbf54197c,0b30a443affb03e05a876a083857de9164f899feb7b4d261da02c485c9a3e3b6,20260725,1.0,0.9,1
run2,OHLC,OHLC_0010,1,99.88050842285156,99.9619369506836,99.90331268310547,99.98806762695312,99.88050842285156,99.98806762695312,99.88050842285156,99.98806762695312,False,True,True,0.02613067626953125,0.02280426025390625,0.0489349365234375,0.0004894077631943997,KronosPredictor,a7d5f37e2e9fbd9891f7d7d4f72574512dd1f704fee14223e0a8cd0fbf54197c,0b30a443affb03e05a876a083857de9164f899feb7b4d261da02c485c9a3e3b6,20260725,1.0,0.9,1
run2,OHLC,OHLC_0010,2,99.92141723632812,99.9557113647461,99.92561340332031,99.98764038085938,99.92141723632812,99.98764038085938,99.92141723632812,99.98764038085938,False,True,True,0.03192901611328125,0.0041961669921875,0.03612518310546875,0.0003612949421149802,KronosPredictor,a7d5f37e2e9fbd9891f7d7d4f72574512dd1f704fee14223e0a8cd0fbf54197c,0b30a443affb03e05a876a083857de9164f899feb7b4d261da02c485c9a3e3b6,20260725,1.0,0.9,1
run2,OHLC,OHLC_0010,3,99.8885498046875,99.96392822265625,99.89372253417969,99.98795318603516,99.8885498046875,99.98795318603516,99.8885498046875,99.98795318603516,False,True,True,0.02402496337890625,0.0051727294921875,0.02919769287109375,0.0002920117726449903,KronosPredictor,a7d5f37e2e9fbd9891f7d7d4f72574512dd1f704fee14223e0a8cd0fbf54197c,0b30a443affb03e05a876a083857de9164f899feb7b4d261da02c485c9a3e3b6,20260725,1.0,0.9,1
run2,OHLC,OHLC_0010,4,99.91473388671875,99.95679473876953,99.91928100585938,99.98753356933594,99.91473388671875,99.98753356933594,99.91473388671875,99.98753356933594,False,True,True,0.03073883056640625,0.004547119140625,0.03528594970703125,0.0003529016066065012,KronosPredictor,a7d5f37e2e9fbd9891f7d7d4f72574512dd1f704fee14223e0a8cd0fbf54197c,0b30a443affb03e05a876a083857de9164f899feb7b4d261da02c485c9a3e3b6,20260725,1.0,0.9,1
run2,OHLC,OHLC_0010,5,99.89842987060547,99.9801025390625,99.88997650146484,99.98670959472656,99.89842987060547,99.98670959472656,99.88997650146484,99.98670959472656,False,True,True,0.0066070556640625,0.0,0.0066070556640625,6.607844136675245e-05,KronosPredictor,a7d5f37e2e9fbd9891f7d7d4f72574512dd1f704fee14223e0a8cd0fbf54197c,0b30a443affb03e05a876a083857de9164f899feb7b4d261da02c485c9a3e3b6,20260725,1.0,0.9,1
run2,OHLC,OHLC_0011,1,100.03587341308594,100.05380249023438,99.97923278808594,100.01117706298828,100.03587341308594,100.05380249023438,99.97923278808594,100.01117706298828,True,True,False,0.0,0.0,0.0,0.0,KronosPredictor,a7d5f37e2e9fbd9891f7d7d4f72574512dd1f704fee14223e0a8cd0fbf54197c,0b30a443affb03e05a876a083857de9164f899feb7b4d261da02c485c9a3e3b6,20260725,1.0,0.9,1
run2,OHLC,OHLC_0011,2,99.89997863769531,100.0726089477539,99.89574432373047,100.0163345336914,99.89997863769531,100.0726089477539,99.89574432373047,100.0163345336914,True,True,False,0.0,0.0,0.0,0.0,KronosPredictor,a7d5f37e2e9fbd9891f7d7d4f72574512dd1f704fee14223e0a8cd0fbf54197c,0b30a443affb03e05a876a083857de9164f899feb7b4d261da02c485c9a3e3b6,20260725,1.0,0.9,1
run2,OHLC,OHLC_0011,3,100.00890350341797,100.11621856689453,99.91350555419922,100.01631927490234,100.00890350341797,100.11621856689453,99.91350555419922,100.01631927490234,True,True,False,0.0,0.0,0.0,0.0,KronosPredictor,a7d5f37e2e9fbd9891f7d7d4f72574512dd1f704fee14223e0a8cd0fbf54197c,0b30a443affb03e05a876a083857de9164f899feb7b4d261da02c485c9a3e3b6,20260725,1.0,0.9,1
run2,OHLC,OHLC_0011,4,99.92684936523438,100.04444122314453,99.9179458618164,100.0094223022461,99.92684936523438,100.04444122314453,99.9179458618164,100.0094223022461,True,True,False,0.0,0.0,0.0,0.0,KronosPredictor,a7d5f37e2e9fbd9891f7d7d4f72574512dd1f704fee14223e0a8cd0fbf54197c,0b30a443affb03e05a876a083857de9164f899feb7b4d261da02c485c9a3e3b6,20260725,1.0,0.9,1
run2,OHLC,OHLC_0011,5,100.02974700927734,100.07166290283203,99.96166229248047,100.01126098632812,100.02974700927734,100.07166290283203,99.96166229248047,100.01126098632812,True,True,False,0.0,0.0,0.0,0.0,KronosPredictor,a7d5f37e2e9fbd9891f7d7d4f72574512dd1f704fee14223e0a8cd0fbf54197c,0b30a443affb03e05a876a083857de9164f899feb7b4d261da02c485c9a3e3b6,20260725,1.0,0.9,1
run2,OHLC,OHLC_0012,1,99.92818450927734,100.0462646484375,99.91319274902344,99.98426055908203,99.92818450927734,100.0462646484375,99.91319274902344,99.98426055908203,False,True,True,0.0,0.0,0.0,0.0,KronosPredictor,a7d5f37e2e9fbd9891f7d7d4f72574512dd1f704fee14223e0a8cd0fbf54197c,0b30a443affb03e05a876a083857de9164f899feb7b4d261da02c485c9a3e3b6,20260725,1.0,0.9,1
run2,OHLC,OHLC_0012,2,99.99984741210938,100.0223159790039,99.8921127319336,99.97242736816406,99.99984741210938,100.0223159790039,99.8921127319336,99.97242736816406,False,True,True,0.0,0.0,0.0,0.0,KronosPredictor,a7d5f37e2e9fbd9891f7d7d4f72574512dd1f704fee14223e0a8cd0fbf54197c,0b30a443affb03e05a876a083857de9164f899feb7b4d261da02c485c9a3e3b6,20260725,1.0,0.9,1
run2,OHLC,OHLC_0012,3,100.0390853881836,100.0087661743164,99.95512390136719,99.9797592163086,100.0390853881836,100.0390853881836,99.95512390136719,99.9797592163086,False,True,True,0.0303192138671875,0.0,0.0303192138671875,0.00030323986693157044,KronosPredictor,a7d5f37e2e9fbd9891f7d7d4f72574512dd1f704fee14223e0a8cd0fbf54197c,0b30a443affb03e05a876a083857de9164f899feb7b4d261da02c485c9a3e3b6,20260725,1.0,0.9,1
run2,OHLC,OHLC_0012,4,99.69731140136719,100.03910827636719,99.8078842163086,99.98400115966797,99.69731140136719,100.03910827636719,99.69731140136719,99.98400115966797,False,True,True,0.0,0.11057281494140625,0.11057281494140625,0.0011059022122393684,KronosPredictor,a7d5f37e2e9fbd9891f7d7d4f72574512dd1f704fee14223e0a8cd0fbf54197c,0b30a443affb03e05a876a083857de9164f899feb7b4d261da02c485c9a3e3b6,20260725,1.0,0.9,1
run2,OHLC,OHLC_0012,5,100.07805633544922,100.07462310791016,99.89752197265625,99.96871948242188,100.07805633544922,100.07805633544922,99.89752197265625,99.96871948242188,False,True,True,0.0034332275390625,0.0,0.0034332275390625,3.433767994947325e-05,KronosPredictor,a7d5f37e2e9fbd9891f7d7d4f72574512dd1f704fee14223e0a8cd0fbf54197c,0b30a443affb03e05a876a083857de9164f899feb7b4d261da02c485c9a3e3b6,20260725,1.0,0.9,1
run2,OHLC,OHLC_0013,1,99.97129821777344,100.07270050048828,99.9571304321289,99.99520111083984,99.97129821777344,100.07270050048828,99.9571304321289,99.99520111083984,False,True,True,0.0,0.0,0.0,0.0,KronosPredictor,a7d5f37e2e9fbd9891f7d7d4f72574512dd1f704fee14223e0a8cd0fbf54197c,0b30a443affb03e05a876a083857de9164f899feb7b4d261da02c485c9a3e3b6,20260725,1.0,0.9,1
run2,OHLC,OHLC_0013,2,100.10501861572266,100.06549835205078,99.93714904785156,99.98970031738281,100.10501861572266,100.10501861572266,99.93714904785156,99.98970031738281,False,True,True,0.039520263671875,0.0,0.039520263671875,0.0003952216029654133,KronosPredictor,a7d5f37e2e9fbd9891f7d7d4f72574512dd1f704fee14223e0a8cd0fbf54197c,0b30a443affb03e05a876a083857de9164f899feb7b4d261da02c485c9a3e3b6,20260725,1.0,0.9,1
run2,OHLC,OHLC_0013,3,99.89737701416016,99.97095489501953,99.96992492675781,99.98967742919922,99.89737701416016,99.98967742919922,99.89737701416016,99.98967742919922,False,True,True,0.0187225341796875,0.07254791259765625,0.09127044677734375,0.0009127482695512045,KronosPredictor,a7d5f37e2e9fbd9891f7d7d4f72574512dd1f704fee14223e0a8cd0fbf54197c,0b30a443affb03e05a876a083857de9164f899feb7b4d261da02c485c9a3e3b6,20260725,1.0,0.9,1
run2,OHLC,OHLC_0013,4,100.04320526123047,100.06038665771484,99.99397277832031,99.99092864990234,100.04320526123047,100.06038665771484,99.99092864990234,99.99092864990234,False,True,True,0.0,0.00304412841796875,0.00304412841796875,3.0442745093281837e-05,KronosPredictor,a7d5f37e2e9fbd9891f7d7d4f72574512dd1f704fee14223e0a8cd0fbf54197c,0b30a443affb03e05a876a083857de9164f899feb7b4d261da02c485c9a3e3b6,20260725,1.0,0.9,1
run2,OHLC,OHLC_0013,5,100.02568054199219,100.06558227539062,99.95501708984375,99.99156188964844,100.02568054199219,100.06558227539062,99.95501708984375,99.99156188964844,False,True,True,0.0,0.0,0.0,0.0,KronosPredictor,a7d5f37e2e9fbd9891f7d7d4f72574512dd1f704fee14223e0a8cd0fbf54197c,0b30a443affb03e05a876a083857de9164f899feb7b4d261da02c485c9a3e3b6,20260725,1.0,0.9,1
run2,OHLC,OHLC_0014,1,99.83709716796875,100.06440734863281,99.820556640625,99.99652862548828,99.83709716796875,100.06440734863281,99.820556640625,99.99652862548828,False,True,True,0.0,0.0,0.0,0.0,KronosPredictor,a7d5f37e2e9fbd9891f7d7d4f72574512dd1f704fee14223e0a8cd0fbf54197c,0b30a443affb03e05a876a083857de9164f899feb7b4d261da02c485c9a3e3b6,20260725,1.0,0.9,1
run2,OHLC,OHLC_0014,2,99.94878387451172,100.02630615234375,99.9229507446289,99.99559783935547,99.94878387451172,100.02630615234375,99.9229507446289,99.99559783935547,False,True,True,0.0,0.0,0.0,0.0,KronosPredictor,a7d5f37e2e9fbd9891f7d7d4f72574512dd1f704fee14223e0a8cd0fbf54197c,0b30a443affb03e05a876a083857de9164f899feb7b4d261da02c485c9a3e3b6,20260725,1.0,0.9,1
run2,OHLC,OHLC_0014,3,99.98316955566406,100.00135803222656,99.98401641845703,99.99628448486328,99.98316955566406,100.00135803222656,99.98316955566406,99.99628448486328,False,True,True,0.0,0.00084686279296875,0.00084686279296875,8.468921917684367e-06,KronosPredictor,a7d5f37e2e9fbd9891f7d7d4f72574512dd1f704fee14223e0a8cd0fbf54197c,0b30a443affb03e05a876a083857de9164f899feb7b4d261da02c485c9a3e3b6,20260725,1.0,0.9,1
run2,OHLC,OHLC_0014,4,99.85037231445312,100.00605773925781,99.89208221435547,99.99893188476562,99.85037231445312,100.00605773925781,99.85037231445312,99.99893188476562,False,True,True,0.0,0.04170989990234375,0.04170989990234375,0.00041711347859441837,KronosPredictor,a7d5f37e2e9fbd9891f7d7d4f72574512dd1f704fee14223e0a8cd0fbf54197c,0b30a443affb03e05a876a083857de9164f899feb7b4d261da02c485c9a3e3b6,20260725,1.0,0.9,1
run2,OHLC,OHLC_0014,5,99.90754699707031,100.02562713623047,99.86331176757812,99.99781799316406,99.90754699707031,100.02562713623047,99.86331176757812,99.99781799316406,False,True,True,0.0,0.0,0.0,0.0,KronosPredictor,a7d5f37e2e9fbd9891f7d7d4f72574512dd1f704fee14223e0a8cd0fbf54197c,0b30a443affb03e05a876a083857de9164f899feb7b4d261da02c485c9a3e3b6,20260725,1.0,0.9,1
run2,OHLC,OHLC_0015,1,99.9349594116211,99.99494934082031,99.92645263671875,99.99712371826172,99.9349594116211,99.99712371826172,99.92645263671875,99.99712371826172,False,True,True,0.00217437744140625,0.0,0.00217437744140625,2.174439984426432e-05,KronosPredictor,a7d5f37e2e9fbd9891f7d7d4f72574512dd1f704fee14223e0a8cd0fbf54197c,0b30a443affb03e05a876a083857de9164f899feb7b4d261da02c485c9a3e3b6,20260725,1.0,0.9,1
run2,OHLC,OHLC_0015,2,99.93035125732422,100.02957153320312,99.9360122680664,100.000244140625,99.93035125732422,100.02957153320312,99.93035125732422,100.000244140625,False,True,True,0.0,0.0056610107421875,0.0056610107421875,5.661173573489167e-05,KronosPredictor,a7d5f37e2e9fbd9891f7d7d4f72574512dd1f704fee14223e0a8cd0fbf54197c,0b30a443affb03e05a876a083857de9164f899feb7b4d261da02c485c9a3e3b6,20260725,1.0,0.9,1
run2,OHLC,OHLC_0015,3,99.99742126464844,100.06864166259766,99.94568634033203,100.00068664550781,99.99742126464844,100.06864166259766,99.94568634033203,100.00068664550781,False,True,True,0.0,0.0,0.0,0.0,KronosPredictor,a7d5f37e2e9fbd9891f7d7d4f72574512dd1f704fee14223e0a8cd0fbf54197c,0b30a443affb03e05a876a083857de9164f899feb7b4d261da02c485c9a3e3b6,20260725,1.0,0.9,1
run2,OHLC,OHLC_0015,4,99.92094421386719,100.0241928100586,99.94036865234375,100.0006332397461,99.92094421386719,100.0241928100586,99.92094421386719,100.0006332397461,False,True,True,0.0,0.0194244384765625,0.0194244384765625,0.0001942499719420946,KronosPredictor,a7d5f37e2e9fbd9891f7d7d4f72574512dd1f704fee14223e0a8cd0fbf54197c,0b30a443affb03e05a876a083857de9164f899feb7b4d261da02c485c9a3e3b6,20260725,1.0,0.9,1
run2,OHLC,OHLC_0015,5,100.0032958984375,100.02472686767578,99.94947814941406,99.9985580444336,100.0032958984375,100.02472686767578,99.94947814941406,99.9985580444336,False,True,True,0.0,0.0,0.0,0.0,KronosPredictor,a7d5f37e2e9fbd9891f7d7d4f72574512dd1f704fee14223e0a8cd0fbf54197c,0b30a443affb03e05a876a083857de9164f899feb7b4d261da02c485c9a3e3b6,20260725,1.0,0.9,1
run2,OHLC,OHLC_0016,1,99.98332977294922,100.09181213378906,99.97187042236328,100.0278091430664,99.98332977294922,100.09181213378906,99.97187042236328,100.0278091430664,True,True,False,0.0,0.0,0.0,0.0,KronosPredictor,a7d5f37e2e9fbd9891f7d7d4f72574512dd1f704fee14223e0a8cd0fbf54197c,0b30a443affb03e05a876a083857de9164f899feb7b4d261da02c485c9a3e3b6,20260725,1.0,0.9,1
run2,OHLC,OHLC_0016,2,100.05307006835938,100.10557556152344,99.94824981689453,100.02306365966797,100.05307006835938,100.10557556152344,99.94824981689453,100.02306365966797,True,True,False,0.0,0.0,0.0,0.0,KronosPredictor,a7d5f37e2e9fbd9891f7d7d4f72574512dd1f704fee14223e0a8cd0fbf54197c,0b30a443affb03e05a876a083857de9164f899feb7b4d261da02c485c9a3e3b6,20260725,1.0,0.9,1
run2,OHLC,OHLC_0016,3,100.0284423828125,100.10431671142578,99.96424865722656,100.02266693115234,100.0284423828125,100.10431671142578,99.96424865722656,100.02266693115234,True,True,False,0.0,0.0,0.0,0.0,KronosPredictor,a7d5f37e2e9fbd9891f7d7d4f72574512dd1f704fee14223e0a8cd0fbf54197c,0b30a443affb03e05a876a083857de9164f899feb7b4d261da02c485c9a3e3b6,20260725,1.0,0.9,1
run2,OHLC,OHLC_0016,4,99.99784088134766,100.12828826904297,99.9250717163086,100.02567291259766,99.99784088134766,100.12828826904297,99.9250717163086,100.02567291259766,True,True,False,0.0,0.0,0.0,0.0,KronosPredictor,a7d5f37e2e9fbd9891f7d7d4f72574512dd1f704fee14223e0a8cd0fbf54197c,0b30a443affb03e05a876a083857de9164f899feb7b4d261da02c485c9a3e3b6,20260725,1.0,0.9,1
run2,OHLC,OHLC_0016,5,99.99166107177734,100.09976196289062,99.95076751708984,100.01473999023438,99.99166107177734,100.09976196289062,99.95076751708984,100.01473999023438,True,True,False,0.0,0.0,0.0,0.0,KronosPredictor,a7d5f37e2e9fbd9891f7d7d4f72574512dd1f704fee14223e0a8cd0fbf54197c,0b30a443affb03e05a876a083857de9164f899feb7b4d261da02c485c9a3e3b6,20260725,1.0,0.9,1
run2,OHLC,OHLC_0017,1,99.98096466064453,100.03636932373047,99.8970947265625,100.00411987304688,99.98096466064453,100.03636932373047,99.8970947265625,100.00411987304688,False,True,True,0.0,0.0,0.0,0.0,KronosPredictor,a7d5f37e2e9fbd9891f7d7d4f72574512dd1f704fee14223e0a8cd0fbf54197c,0b30a443affb03e05a876a083857de9164f899feb7b4d261da02c485c9a3e3b6,20260725,1.0,0.9,1
run2,OHLC,OHLC_0017,2,100.01290893554688,100.03404235839844,99.9078598022461,100.00243377685547,100.01290893554688,100.03404235839844,99.9078598022461,100.00243377685547,False,True,True,0.0,0.0,0.0,0.0,KronosPredictor,a7d5f37e2e9fbd9891f7d7d4f72574512dd1f704fee14223e0a8cd0fbf54197c,0b30a443affb03e05a876a083857de9164f899feb7b4d261da02c485c9a3e3b6,20260725,1.0,0.9,1
run2,OHLC,OHLC_0017,3,99.99198913574219,99.99093627929688,99.94239807128906,100.00308990478516,99.99198913574219,100.00308990478516,99.94239807128906,100.00308990478516,False,True,True,0.01215362548828125,0.0,0.01215362548828125,0.0001215312479496847,KronosPredictor,a7d5f37e2e9fbd9891f7d7d4f72574512dd1f704fee14223e0a8cd0fbf54197c,0b30a443affb03e05a876a083857de9164f899feb7b4d261da02c485c9a3e3b6,20260725,1.0,0.9,1
run2,OHLC,OHLC_0017,4,100.01898193359375,100.0357666015625,99.93286895751953,100.0035629272461,100.01898193359375,100.0357666015625,99.93286895751953,100.0035629272461,False,True,True,0.0,0.0,0.0,0.0,KronosPredictor,a7d5f37e2e9fbd9891f7d7d4f72574512dd1f704fee14223e0a8cd0fbf54197c,0b30a443affb03e05a876a083857de9164f899feb7b4d261da02c485c9a3e3b6,20260725,1.0,0.9,1
run2,OHLC,OHLC_0017,5,99.8891372680664,100.07146453857422,99.89236450195312,100.00413513183594,99.8891372680664,100.07146453857422,99.8891372680664,100.00413513183594,False,True,True,0.0,0.00322723388671875,0.00322723388671875,3.227100934257164e-05,KronosPredictor,a7d5f37e2e9fbd9891f7d7d4f72574512dd1f704fee14223e0a8cd0fbf54197c,0b30a443affb03e05a876a083857de9164f899feb7b4d261da02c485c9a3e3b6,20260725,1.0,0.9,1
run2,OHLC,OHLC_0018,1,99.76485443115234,99.96356201171875,99.82693481445312,99.98374938964844,99.76485443115234,99.98374938964844,99.76485443115234,99.98374938964844,False,True,True,0.0201873779296875,0.06208038330078125,0.08226776123046875,0.0008228113241669064,KronosPredictor,a7d5f37e2e9fbd9891f7d7d4f72574512dd1f704fee14223e0a8cd0fbf54197c,0b30a443affb03e05a876a083857de9164f899feb7b4d261da02c485c9a3e3b6,20260725,1.0,0.9,1
run2,OHLC,OHLC_0018,2,99.89200592041016,99.96009826660156,99.88878631591797,99.98243713378906,99.89200592041016,99.98243713378906,99.88878631591797,99.98243713378906,False,True,True,0.0223388671875,0.0,0.0223388671875,0.000223424979797895,KronosPredictor,a7d5f37e2e9fbd9891f7d7d4f72574512dd1f704fee14223e0a8cd0fbf54197c,0b30a443affb03e05a876a083857de9164f899feb7b4d261da02c485c9a3e3b6,20260725,1.0,0.9,1
run2,OHLC,OHLC_0018,3,99.82190704345703,99.96318054199219,99.83165740966797,99.98306274414062,99.82190704345703,99.98306274414062,99.82190704345703,99.98306274414062,False,True,True,0.0198822021484375,0.0097503662109375,0.029632568359375,0.0002963738461526722,KronosPredictor,a7d5f37e2e9fbd9891f7d7d4f72574512dd1f704fee14223e0a8cd0fbf54197c,0b30a443affb03e05a876a083857de9164f899feb7b4d261da02c485c9a3e3b6,20260725,1.0,0.9,1
run2,OHLC,OHLC_0018,4,99.86698150634766,99.94270324707031,99.87129211425781,99.97998046875,99.86698150634766,99.97998046875,99.86698150634766,99.97998046875,False,True,True,0.0372772216796875,0.00431060791015625,0.04158782958984375,0.00041594588964423694,KronosPredictor,a7d5f37e2e9fbd9891f7d7d4f72574512dd1f704fee14223e0a8cd0fbf54197c,0b30a443affb03e05a876a083857de9164f899feb7b4d261da02c485c9a3e3b6,20260725,1.0,0.9,1
run2,OHLC,OHLC_0018,5,99.8199462890625,99.95581817626953,99.86747741699219,99.98281860351562,99.8199462890625,99.98281860351562,99.8199462890625,99.98281860351562,False,True,True,0.02700042724609375,0.0475311279296875,0.07453155517578125,0.0007454366897696845,KronosPredictor,a7d5f37e2e9fbd9891f7d7d4f72574512dd1f704fee14223e0a8cd0fbf54197c,0b30a443affb03e05a876a083857de9164f899feb7b4d261da02c485c9a3e3b6,20260725,1.0,0.9,1
run2,OHLC,OHLC_0019,1,100.10702514648438,100.08220672607422,100.00624084472656,99.99718475341797,100.10702514648438,100.10702514648438,99.99718475341797,99.99718475341797,False,True,True,0.02481842041015625,0.00905609130859375,0.03387451171875,0.00033875465396631727,KronosPredictor,a7d5f37e2e9fbd9891f7d7d4f72574512dd1f704fee14223e0a8cd0fbf54197c,0b30a443affb03e05a876a083857de9164f899feb7b4d261da02c485c9a3e3b6,20260725,1.0,0.9,1
run2,OHLC,OHLC_0019,2,100.04776763916016,100.0811767578125,99.98896789550781,99.9981918334961,100.04776763916016,100.0811767578125,99.98896789550781,99.9981918334961,False,True,True,0.0,0.0,0.0,0.0,KronosPredictor,a7d5f37e2e9fbd9891f7d7d4f72574512dd1f704fee14223e0a8cd0fbf54197c,0b30a443affb03e05a876a083857de9164f899feb7b4d261da02c485c9a3e3b6,20260725,1.0,0.9,1
run2,OHLC,OHLC_0019,3,99.80966186523438,100.06449890136719,99.89552307128906,100.00005340576172,99.80966186523438,100.06449890136719,99.80966186523438,100.00005340576172,False,True,True,0.0,0.0858612060546875,0.0858612060546875,0.0008586362332740844,KronosPredictor,a7d5f37e2e9fbd9891f7d7d4f72574512dd1f704fee14223e0a8cd0fbf54197c,0b30a443affb03e05a876a083857de9164f899feb7b4d261da02c485c9a3e3b6,20260725,1.0,0.9,1
run2,OHLC,OHLC_0019,4,100.08586120605469,100.14742279052734,99.94306182861328,100.00005340576172,100.08586120605469,100.14742279052734,99.94306182861328,100.00005340576172,False,True,True,0.0,0.0,0.0,0.0,KronosPredictor,a7d5f37e2e9fbd9891f7d7d4f72574512dd1f704fee14223e0a8cd0fbf54197c,0b30a443affb03e05a876a083857de9164f899feb7b4d261da02c485c9a3e3b6,20260725,1.0,0.9,1
run2,OHLC,OHLC_0019,5,100.08177185058594,100.1065673828125,99.95401000976562,100.0008773803711,100.08177185058594,100.1065673828125,99.95401000976562,100.0008773803711,False,True,True,0.0,0.0,0.0,0.0,KronosPredictor,a7d5f37e2e9fbd9891f7d7d4f72574512dd1f704fee14223e0a8cd0fbf54197c,0b30a443affb03e05a876a083857de9164f899feb7b4d261da02c485c9a3e3b6,20260725,1.0,0.9,1
run2,OHLC,OHLC_0020,1,99.88740539550781,99.99241638183594,99.89264678955078,100.00056457519531,99.88740539550781,100.00056457519531,99.88740539550781,100.00056457519531,False,True,True,0.008148193359375,0.00524139404296875,0.01338958740234375,0.00013389511808481306,KronosPredictor,a7d5f37e2e9fbd9891f7d7d4f72574512dd1f704fee14223e0a8cd0fbf54197c,0b30a443affb03e05a876a083857de9164f899feb7b4d261da02c485c9a3e3b6,20260725,1.0,0.9,1
run2,OHLC,OHLC_0020,2,99.87483978271484,99.9931640625,99.86875915527344,100.00135803222656,99.87483978271484,100.00135803222656,99.86875915527344,100.00135803222656,False,True,True,0.0081939697265625,0.0,0.0081939697265625,8.19392346570309e-05,KronosPredictor,a7d5f37e2e9fbd9891f7d7d4f72574512dd1f704fee14223e0a8cd0fbf54197c,0b30a443affb03e05a876a083857de9164f899feb7b4d261da02c485c9a3e3b6,20260725,1.0,0.9,1
run2,OHLC,OHLC_0020,3,99.91324615478516,99.98858642578125,99.90229797363281,100.00096893310547,99.91324615478516,100.00096893310547,99.90229797363281,100.00096893310547,False,True,True,0.01238250732421875,0.0,0.01238250732421875,0.00012382437416048523,KronosPredictor,a7d5f37e2e9fbd9891f7d7d4f72574512dd1f704fee14223e0a8cd0fbf54197c,0b30a443affb03e05a876a083857de9164f899feb7b4d261da02c485c9a3e3b6,20260725,1.0,0.9,1
run2,OHLC,OHLC_0020,4,99.9385757446289,100.0547103881836,99.92927551269531,100.0013427734375,99.9385757446289,100.0547103881836,99.92927551269531,100.0013427734375,False,True,True,0.0,0.0,0.0,0.0,KronosPredictor,a7d5f37e2e9fbd9891f7d7d4f72574512dd1f704fee14223e0a8cd0fbf54197c,0b30a443affb03e05a876a083857de9164f899feb7b4d261da02c485c9a3e3b6,20260725,1.0,0.9,1
run2,OHLC,OHLC_0020,5,99.84478759765625,100.03050231933594,99.87738800048828,100.00508117675781,99.84478759765625,100.03050231933594,99.84478759765625,100.00508117675781,False,True,True,0.0,0.03260040283203125,0.03260040283203125,0.00032600218779282403,KronosPredictor,a7d5f37e2e9fbd9891f7d7d4f72574512dd1f704fee14223e0a8cd0fbf54197c,0b30a443affb03e05a876a083857de9164f899feb7b4d261da02c485c9a3e3b6,20260725,1.0,0.9,1
run2,OHLC,OHLC_0021,1,99.93819427490234,100.04666137695312,99.94166564941406,99.99372100830078,99.93819427490234,100.04666137695312,99.93819427490234,99.99372100830078,False,True,True,0.0,0.00347137451171875,0.00347137451171875,3.471592492723199e-05,KronosPredictor,a7d5f37e2e9fbd9891f7d7d4f72574512dd1f704fee14223e0a8cd0fbf54197c,0b30a443affb03e05a876a083857de9164f899feb7b4d261da02c485c9a3e3b6,20260725,1.0,0.9,1
run2,OHLC,OHLC_0021,2,100.03887176513672,100.02276611328125,99.939208984375,99.98651123046875,100.03887176513672,100.03887176513672,99.939208984375,99.98651123046875,False,True,True,0.01610565185546875,0.0,0.01610565185546875,0.00016106663191513566,KronosPredictor,a7d5f37e2e9fbd9891f7d7d4f72574512dd1f704fee14223e0a8cd0fbf54197c,0b30a443affb03e05a876a083857de9164f899feb7b4d261da02c485c9a3e3b6,20260725,1.0,0.9,1
run2,OHLC,OHLC_0021,3,99.94575500488281,100.0321273803711,99.94402313232422,99.99256134033203,99.94575500488281,100.0321273803711,99.94402313232422,99.99256134033203,False,True,True,0.0,0.0,0.0,0.0,KronosPredictor,a7d5f37e2e9fbd9891f7d7d4f72574512dd1f704fee14223e0a8cd0fbf54197c,0b30a443affb03e05a876a083857de9164f899feb7b4d261da02c485c9a3e3b6,20260725,1.0,0.9,1
run2,OHLC,OHLC_0021,4,99.97575378417969,100.0063705444336,99.95440673828125,99.99372863769531,99.97575378417969,100.0063705444336,99.95440673828125,99.99372863769531,False,True,True,0.0,0.0,0.0,0.0,KronosPredictor,a7d5f37e2e9fbd9891f7d7d4f72574512dd1f704fee14223e0a8cd0fbf54197c,0b30a443affb03e05a876a083857de9164f899feb7b4d261da02c485c9a3e3b6,20260725,1.0,0.9,1
run2,OHLC,OHLC_0021,5,100.00157165527344,99.97833251953125,99.978271484375,99.99300384521484,100.00157165527344,100.00157165527344,99.978271484375,99.99300384521484,False,True,True,0.0232391357421875,0.0,0.0232391357421875,0.0002324059501721948,KronosPredictor,a7d5f37e2e9fbd9891f7d7d4f72574512dd1f704fee14223e0a8cd0fbf54197c,0b30a443affb03e05a876a083857de9164f899feb7b4d261da02c485c9a3e3b6,20260725,1.0,0.9,1
run2,OHLC,OHLC_0022,1,99.88429260253906,100.00119018554688,99.91918182373047,100.0012435913086,99.88429260253906,100.0012435913086,99.88429260253906,100.0012435913086,False,True,True,5.340576171875e-05,0.03488922119140625,0.034942626953125,0.00034942192415057094,KronosPredictor,a7d5f37e2e9fbd9891f7d7d4f72574512dd1f704fee14223e0a8cd0fbf54197c,0b30a443affb03e05a876a083857de9164f899feb7b4d261da02c485c9a3e3b6,20260725,1.0,0.9,1
run2,OHLC,OHLC_0022,2,99.9688491821289,99.98448181152344,99.94473266601562,99.999755859375,99.9688491821289,99.999755859375,99.94473266601562,99.999755859375,False,True,True,0.0152740478515625,0.0,0.0152740478515625,0.0001527385790719308,KronosPredictor,a7d5f37e2e9fbd9891f7d7d4f72574512dd1f704fee14223e0a8cd0fbf54197c,0b30a443affb03e05a876a083857de9164f899feb7b4d261da02c485c9a3e3b6,20260725,1.0,0.9,1
run2,OHLC,OHLC_0022,3,100.01563262939453,100.0030517578125,99.93742370605469,99.99951934814453,100.01563262939453,100.01563262939453,99.93742370605469,99.99951934814453,False,True,True,0.01258087158203125,0.0,0.01258087158203125,0.0001258071512935134,KronosPredictor,a7d5f37e2e9fbd9891f7d7d4f72574512dd1f704fee14223e0a8cd0fbf54197c,0b30a443affb03e05a876a083857de9164f899feb7b4d261da02c485c9a3e3b6,20260725,1.0,0.9,1
run2,OHLC,OHLC_0022,4,99.91976165771484,100.04546356201172,99.93327331542969,100.00323486328125,99.91976165771484,100.04546356201172,99.91976165771484,100.00323486328125,False,True,True,0.0,0.01351165771484375,0.01351165771484375,0.0001351148968713234,KronosPredictor,a7d5f37e2e9fbd9891f7d7d4f72574512dd1f704fee14223e0a8cd0fbf54197c,0b30a443affb03e05a876a083857de9164f899feb7b4d261da02c485c9a3e3b6,20260725,1.0,0.9,1
run2,OHLC,OHLC_0022,5,100.01483154296875,100.0802230834961,99.92149353027344,99.99991607666016,100.01483154296875,100.0802230834961,99.92149353027344,99.99991607666016,False,True,True,0.0,0.0,0.0,0.0,KronosPredictor,a7d5f37e2e9fbd9891f7d7d4f72574512dd1f704fee14223e0a8cd0fbf54197c,0b30a443affb03e05a876a083857de9164f899feb7b4d261da02c485c9a3e3b6,20260725,1.0,0.9,1
run2,OHLC,OHLC_0023,1,99.95999908447266,100.05304718017578,99.97069549560547,100.0061264038086,99.95999908447266,100.05304718017578,99.95999908447266,100.0061264038086,False,True,True,0.0,0.0106964111328125,0.0106964111328125,0.00010695755867617669,KronosPredictor,a7d5f37e2e9fbd9891f7d7d4f72574512dd1f704fee14223e0a8cd0fbf54197c,0b30a443affb03e05a876a083857de9164f899feb7b4d261da02c485c9a3e3b6,20260725,1.0,0.9,1
run2,OHLC,OHLC_0023,2,100.09037017822266,100.07671356201172,100.003173828125,100.00348663330078,100.09037017822266,100.09037017822266,100.003173828125,100.00348663330078,False,True,True,0.0136566162109375,0.0,0.0136566162109375,0.00013655779602735825,KronosPredictor,a7d5f37e2e9fbd9891f7d7d4f72574512dd1f704fee14223e0a8cd0fbf54197c,0b30a443affb03e05a876a083857de9164f899feb7b4d261da02c485c9a3e3b6,20260725,1.0,0.9,1
run2,OHLC,OHLC_0023,3,100.0503158569336,100.06082153320312,100.00677490234375,100.00450134277344,100.0503158569336,100.06082153320312,100.00450134277344,100.00450134277344,False,True,True,0.0,0.0022735595703125,0.0022735595703125,2.273420291405182e-05,KronosPredictor,a7d5f37e2e9fbd9891f7d7d4f72574512dd1f704fee14223e0a8cd0fbf54197c,0b30a443affb03e05a876a083857de9164f899feb7b4d261da02c485c9a3e3b6,20260725,1.0,0.9,1
run2,OHLC,OHLC_0023,4,100.05305480957031,100.1055679321289,99.9869384765625,100.00242614746094,100.05305480957031,100.1055679321289,99.9869384765625,100.00242614746094,False,True,True,0.0,0.0,0.0,0.0,KronosPredictor,a7d5f37e2e9fbd9891f7d7d4f72574512dd1f704fee14223e0a8cd0fbf54197c,0b30a443affb03e05a876a083857de9164f899feb7b4d261da02c485c9a3e3b6,20260725,1.0,0.9,1
run2,OHLC,OHLC_0023,5,100.06555938720703,100.05320739746094,100.00438690185547,100.00281524658203,100.06555938720703,100.06555938720703,100.00281524658203,100.00281524658203,False,True,True,0.01235198974609375,0.0015716552734375,0.01392364501953125,0.0001392279205306865,KronosPredictor,a7d5f37e2e9fbd9891f7d7d4f72574512dd1f704fee14223e0a8cd0fbf54197c,0b30a443affb03e05a876a083857de9164f899feb7b4d261da02c485c9a3e3b6,20260725,1.0,0.9,1
run2,OHLC,OHLC_0024,1,99.87627410888672,100.03541564941406,99.91535186767578,100.00030517578125,99.87627410888672,100.03541564941406,99.87627410888672,100.00030517578125,False,True,True,0.0,0.0390777587890625,0.0390777587890625,0.0003907763953357076,KronosPredictor,a7d5f37e2e9fbd9891f7d7d4f72574512dd1f704fee14223e0a8cd0fbf54197c,0b30a443affb03e05a876a083857de9164f899feb7b4d261da02c485c9a3e3b6,20260725,1.0,0.9,1
run2,OHLC,OHLC_0024,2,99.95545959472656,100.00558471679688,99.93102264404297,99.99641418457031,99.95545959472656,100.00558471679688,99.93102264404297,99.99641418457031,False,True,True,0.0,0.0,0.0,0.0,KronosPredictor,a7d5f37e2e9fbd9891f7d7d4f72574512dd1f704fee14223e0a8cd0fbf54197c,0b30a443affb03e05a876a083857de9164f899feb7b4d261da02c485c9a3e3b6,20260725,1.0,0.9,1
run2,OHLC,OHLC_0024,3,100.01513671875,100.02409362792969,99.98763275146484,99.99960327148438,100.01513671875,100.02409362792969,99.98763275146484,99.99960327148438,False,True,True,0.0,0.0,0.0,0.0,KronosPredictor,a7d5f37e2e9fbd9891f7d7d4f72574512dd1f704fee14223e0a8cd0fbf54197c,0b30a443affb03e05a876a083857de9164f899feb7b4d261da02c485c9a3e3b6,20260725,1.0,0.9,1
run2,OHLC,OHLC_0024,4,100.01358032226562,100.12889862060547,99.95828247070312,100.0013198852539,100.01358032226562,100.12889862060547,99.95828247070312,100.0013198852539,False,True,True,0.0,0.0,0.0,0.0,KronosPredictor,a7d5f37e2e9fbd9891f7d7d4f72574512dd1f704fee14223e0a8cd0fbf54197c,0b30a443affb03e05a876a083857de9164f899feb7b4d261da02c485c9a3e3b6,20260725,1.0,0.9,1
run2,OHLC,OHLC_0024,5,100.0712890625,100.13401794433594,99.97399139404297,100.00305938720703,100.0712890625,100.13401794433594,99.97399139404297,100.00305938720703,False,True,True,0.0,0.0,0.0,0.0,KronosPredictor,a7d5f37e2e9fbd9891f7d7d4f72574512dd1f704fee14223e0a8cd0fbf54197c,0b30a443affb03e05a876a083857de9164f899feb7b4d261da02c485c9a3e3b6,20260725,1.0,0.9,1
run2,OHLC,OHLC_0025,1,100.0372085571289,100.02458190917969,100.00508880615234,100.0003662109375,100.0372085571289,100.0372085571289,100.0003662109375,100.0003662109375,False,True,True,0.01262664794921875,0.00472259521484375,0.0173492431640625,0.0001734917962946913,KronosPredictor,a7d5f37e2e9fbd9891f7d7d4f72574512dd1f704fee14223e0a8cd0fbf54197c,0b30a443affb03e05a876a083857de9164f899feb7b4d261da02c485c9a3e3b6,20260725,1.0,0.9,1
run2,OHLC,OHLC_0025,2,100.06295013427734,100.10511016845703,99.95628356933594,100.00062561035156,100.06295013427734,100.10511016845703,99.95628356933594,100.00062561035156,False,True,True,0.0,0.0,0.0,0.0,KronosPredictor,a7d5f37e2e9fbd9891f7d7d4f72574512dd1f704fee14223e0a8cd0fbf54197c,0b30a443affb03e05a876a083857de9164f899feb7b4d261da02c485c9a3e3b6,20260725,1.0,0.9,1
run2,OHLC,OHLC_0025,3,100.07188415527344,100.06048583984375,100.00568389892578,100.00093841552734,100.07188415527344,100.07188415527344,100.00093841552734,100.00093841552734,False,True,True,0.0113983154296875,0.0047454833984375,0.016143798828125,0.00016143739707984468,KronosPredictor,a7d5f37e2e9fbd9891f7d7d4f72574512dd1f704fee14223e0a8cd0fbf54197c,0b30a443affb03e05a876a083857de9164f899feb7b4d261da02c485c9a3e3b6,20260725,1.0,0.9,1
run2,OHLC,OHLC_0025,4,100.03597259521484,100.05142211914062,99.98165893554688,100.00086975097656,100.03597259521484,100.05142211914062,99.98165893554688,100.00086975097656,False,True,True,0.0,0.0,0.0,0.0,KronosPredictor,a7d5f37e2e9fbd9891f7d7d4f72574512dd1f704fee14223e0a8cd0fbf54197c,0b30a443affb03e05a876a083857de9164f899feb7b4d261da02c485c9a3e3b6,20260725,1.0,0.9,1
run2,OHLC,OHLC_0025,5,100.1075439453125,100.09417724609375,100.01432037353516,99.99992370605469,100.1075439453125,100.1075439453125,99.99992370605469,99.99992370605469,False,True,True,0.01336669921875,0.01439666748046875,0.02776336669921875,0.0002776326502710561,KronosPredictor,a7d5f37e2e9fbd9891f7d7d4f72574512dd1f704fee14223e0a8cd0fbf54197c,0b30a443affb03e05a876a083857de9164f899feb7b4d261da02c485c9a3e3b6,20260725,1.0,0.9,1
run2,OHLC,OHLC_0026,1,99.96632385253906,99.98384094238281,99.92284393310547,99.97044372558594,99.96632385253906,99.98384094238281,99.92284393310547,99.97044372558594,False,True,True,0.0,0.0,0.0,0.0,KronosPredictor,a7d5f37e2e9fbd9891f7d7d4f72574512dd1f704fee14223e0a8cd0fbf54197c,0b30a443affb03e05a876a083857de9164f899feb7b4d261da02c485c9a3e3b6,20260725,1.0,0.9,1
run2,OHLC,OHLC_0026,2,99.94953918457031,99.96038055419922,99.91239929199219,99.96401977539062,99.94953918457031,99.96401977539062,99.91239929199219,99.96401977539062,False,True,True,0.00363922119140625,0.0,0.00363922119140625,3.640297127614775e-05,KronosPredictor,a7d5f37e2e9fbd9891f7d7d4f72574512dd1f704fee14223e0a8cd0fbf54197c,0b30a443affb03e05a876a083857de9164f899feb7b4d261da02c485c9a3e3b6,20260725,1.0,0.9,1
run2,OHLC,OHLC_0026,3,99.89767456054688,100.03510284423828,99.9029541015625,99.97825622558594,99.89767456054688,100.03510284423828,99.89767456054688,99.97825622558594,False,True,True,0.0,0.005279541015625,0.005279541015625,5.281101912598374e-05,KronosPredictor,a7d5f37e2e9fbd9891f7d7d4f72574512dd1f704fee14223e0a8cd0fbf54197c,0b30a443affb03e05a876a083857de9164f899feb7b4d261da02c485c9a3e3b6,20260725,1.0,0.9,1
run2,OHLC,OHLC_0026,4,100.02545166015625,100.0370101928711,99.91197204589844,99.964599609375,100.02545166015625,100.0370101928711,99.91197204589844,99.964599609375,False,True,True,0.0,0.0,0.0,0.0,KronosPredictor,a7d5f37e2e9fbd9891f7d7d4f72574512dd1f704fee14223e0a8cd0fbf54197c,0b30a443affb03e05a876a083857de9164f899feb7b4d261da02c485c9a3e3b6,20260725,1.0,0.9,1
run2,OHLC,OHLC_0026,5,99.95761108398438,100.02349853515625,99.89818572998047,99.97126770019531,99.95761108398438,100.02349853515625,99.89818572998047,99.97126770019531,False,True,True,0.0,0.0,0.0,0.0,KronosPredictor,a7d5f37e2e9fbd9891f7d7d4f72574512dd1f704fee14223e0a8cd0fbf54197c,0b30a443affb03e05a876a083857de9164f899feb7b4d261da02c485c9a3e3b6,20260725,1.0,0.9,1
run2,OHLC,OHLC_0027,1,99.80156707763672,99.9806137084961,99.84331512451172,99.99344635009766,99.80156707763672,99.99344635009766,99.80156707763672,99.99344635009766,False,True,True,0.0128326416015625,0.041748046875,0.0545806884765625,0.0005458426573824075,KronosPredictor,a7d5f37e2e9fbd9891f7d7d4f72574512dd1f704fee14223e0a8cd0fbf54197c,0b30a443affb03e05a876a083857de9164f899feb7b4d261da02c485c9a3e3b6,20260725,1.0,0.9,1
run2,OHLC,OHLC_0027,2,99.88294982910156,99.96466827392578,99.88333129882812,99.99236297607422,99.88294982910156,99.99236297607422,99.88294982910156,99.99236297607422,False,True,True,0.0276947021484375,0.0003814697265625,0.028076171875,0.00028078012009606645,KronosPredictor,a7d5f37e2e9fbd9891f7d7d4f72574512dd1f704fee14223e0a8cd0fbf54197c,0b30a443affb03e05a876a083857de9164f899feb7b4d261da02c485c9a3e3b6,20260725,1.0,0.9,1
run2,OHLC,OHLC_0027,3,99.88139343261719,99.96776580810547,99.89173126220703,99.99340057373047,99.88139343261719,99.99340057373047,99.88139343261719,99.99340057373047,False,True,True,0.025634765625,0.01033782958984375,0.03597259521484375,0.00035974952887308517,KronosPredictor,a7d5f37e2e9fbd9891f7d7d4f72574512dd1f704fee14223e0a8cd0fbf54197c,0b30a443affb03e05a876a083857de9164f899feb7b4d261da02c485c9a3e3b6,20260725,1.0,0.9,1
run2,OHLC,OHLC_0027,4,99.8708267211914,99.96342468261719,99.88202667236328,99.99359130859375,99.8708267211914,99.99359130859375,99.8708267211914,99.99359130859375,False,True,True,0.0301666259765625,0.011199951171875,0.0413665771484375,0.0004136928834676284,KronosPredictor,a7d5f37e2e9fbd9891f7d7d4f72574512dd1f704fee14223e0a8cd0fbf54197c,0b30a443affb03e05a876a083857de9164f899feb7b4d261da02c485c9a3e3b6,20260725,1.0,0.9,1
run2,OHLC,OHLC_0027,5,99.86443328857422,99.97850799560547,99.8635482788086,99.99472045898438,99.86443328857422,99.99472045898438,99.8635482788086,99.99472045898438,False,True,True,0.01621246337890625,0.0,0.01621246337890625,0.00016213525956634272,KronosPredictor,a7d5f37e2e9fbd9891f7d7d4f72574512dd1f704fee14223e0a8cd0fbf54197c,0b30a443affb03e05a876a083857de9164f899feb7b4d261da02c485c9a3e3b6,20260725,1.0,0.9,1
run2,OHLC,OHLC_0028,1,100.1019515991211,100.1285171508789,99.95465087890625,100.03166961669922,100.1019515991211,100.1285171508789,99.95465087890625,100.03166961669922,False,True,True,0.0,0.0,0.0,0.0,KronosPredictor,a7d5f37e2e9fbd9891f7d7d4f72574512dd1f704fee14223e0a8cd0fbf54197c,0b30a443affb03e05a876a083857de9164f899feb7b4d261da02c485c9a3e3b6,20260725,1.0,0.9,1
run2,OHLC,OHLC_0028,2,100.0592041015625,100.0579833984375,99.95753479003906,100.01056671142578,100.0592041015625,100.0592041015625,99.95753479003906,100.01056671142578,False,True,True,0.001220703125,0.0,0.001220703125,1.2203166553927203e-05,KronosPredictor,a7d5f37e2e9fbd9891f7d7d4f72574512dd1f704fee14223e0a8cd0fbf54197c,0b30a443affb03e05a876a083857de9164f899feb7b4d261da02c485c9a3e3b6,20260725,1.0,0.9,1
run2,OHLC,OHLC_0028,3,99.91876220703125,100.0817642211914,99.91584014892578,100.0325927734375,99.91876220703125,100.0817642211914,99.91584014892578,100.0325927734375,False,True,True,0.0,0.0,0.0,0.0,KronosPredictor,a7d5f37e2e9fbd9891f7d7d4f72574512dd1f704fee14223e0a8cd0fbf54197c,0b30a443affb03e05a876a083857de9164f899feb7b4d261da02c485c9a3e3b6,20260725,1.0,0.9,1
run2,OHLC,OHLC_0028,4,100.0891342163086,100.06305694580078,99.96537780761719,100.0145034790039,100.0891342163086,100.0891342163086,99.96537780761719,100.0145034790039,False,True,True,0.0260772705078125,0.0,0.0260772705078125,0.0002606901455082699,KronosPredictor,a7d5f37e2e9fbd9891f7d7d4f72574512dd1f704fee14223e0a8cd0fbf54197c,0b30a443affb03e05a876a083857de9164f899feb7b4d261da02c485c9a3e3b6,20260725,1.0,0.9,1
run2,OHLC,OHLC_0028,5,99.99169158935547,100.11492919921875,99.9455337524414,100.0230941772461,99.99169158935547,100.11492919921875,99.9455337524414,100.0230941772461,False,True,True,0.0,0.0,0.0,0.0,KronosPredictor,a7d5f37e2e9fbd9891f7d7d4f72574512dd1f704fee14223e0a8cd0fbf54197c,0b30a443affb03e05a876a083857de9164f899feb7b4d261da02c485c9a3e3b6,20260725,1.0,0.9,1
run2,OHLC,OHLC_0029,1,99.99397277832031,100.05977630615234,99.9600601196289,99.99845123291016,99.99397277832031,100.05977630615234,99.9600601196289,99.99845123291016,False,True,True,0.0,0.0,0.0,0.0,KronosPredictor,a7d5f37e2e9fbd9891f7d7d4f72574512dd1f704fee14223e0a8cd0fbf54197c,0b30a443affb03e05a876a083857de9164f899feb7b4d261da02c485c9a3e3b6,20260725,1.0,0.9,1
run2,OHLC,OHLC_0029,2,99.99890899658203,100.04124450683594,99.95191955566406,99.99840545654297,99.99890899658203,100.04124450683594,99.95191955566406,99.99840545654297,False,True,True,0.0,0.0,0.0,0.0,KronosPredictor,a7d5f37e2e9fbd9891f7d7d4f72574512dd1f704fee14223e0a8cd0fbf54197c,0b30a443affb03e05a876a083857de9164f899feb7b4d261da02c485c9a3e3b6,20260725,1.0,0.9,1
run2,OHLC,OHLC_0029,3,100.06192779541016,100.04385375976562,100.02882385253906,99.9996566772461,100.06192779541016,100.06192779541016,99.9996566772461,99.9996566772461,False,True,True,0.01807403564453125,0.02916717529296875,0.0472412109375,0.0004724194260515967,KronosPredictor,a7d5f37e2e9fbd9891f7d7d4f72574512dd1f704fee14223e0a8cd0fbf54197c,0b30a443affb03e05a876a083857de9164f899feb7b4d261da02c485c9a3e3b6,20260725,1.0,0.9,1
run2,OHLC,OHLC_0029,4,100.04194641113281,100.04615020751953,100.0008316040039,99.99928283691406,100.04194641113281,100.04615020751953,99.99928283691406,99.99928283691406,False,True,True,0.0,0.00154876708984375,0.00154876708984375,1.548791077010241e-05,KronosPredictor,a7d5f37e2e9fbd9891f7d7d4f72574512dd1f704fee14223e0a8cd0fbf54197c,0b30a443affb03e05a876a083857de9164f899feb7b4d261da02c485c9a3e3b6,20260725,1.0,0.9,1
run2,OHLC,OHLC_0029,5,100.00613403320312,100.02645874023438,99.99267578125,100.00146484375,100.00613403320312,100.02645874023438,99.99267578125,100.00146484375,False,True,True,0.0,0.0,0.0,0.0,KronosPredictor,a7d5f37e2e9fbd9891f7d7d4f72574512dd1f704fee14223e0a8cd0fbf54197c,0b30a443affb03e05a876a083857de9164f899feb7b4d261da02c485c9a3e3b6,20260725,1.0,0.9,1
run2,OHLC,OHLC_0030,1,99.98847198486328,100.0401382446289,99.94116973876953,99.99114990234375,99.98847198486328,100.0401382446289,99.94116973876953,99.99114990234375,False,True,True,0.0,0.0,0.0,0.0,KronosPredictor,a7d5f37e2e9fbd9891f7d7d4f72574512dd1f704fee14223e0a8cd0fbf54197c,0b30a443affb03e05a876a083857de9164f899feb7b4d261da02c485c9a3e3b6,20260725,1.0,0.9,1
run2,OHLC,OHLC_0030,2,99.9732437133789,100.00032043457031,99.90047454833984,99.98756408691406,99.9732437133789,100.00032043457031,99.90047454833984,99.98756408691406,False,True,True,0.0,0.0,0.0,0.0,KronosPredictor,a7d5f37e2e9fbd9891f7d7d4f72574512dd1f704fee14223e0a8cd0fbf54197c,0b30a443affb03e05a876a083857de9164f899feb7b4d261da02c485c9a3e3b6,20260725,1.0,0.9,1
run2,OHLC,OHLC_0030,3,99.87322235107422,100.05504608154297,99.87825012207031,99.9935073852539,99.87322235107422,100.05504608154297,99.87322235107422,99.9935073852539,False,True,True,0.0,0.00502777099609375,0.00502777099609375,5.028215998119951e-05,KronosPredictor,a7d5f37e2e9fbd9891f7d7d4f72574512dd1f704fee14223e0a8cd0fbf54197c,0b30a443affb03e05a876a083857de9164f899feb7b4d261da02c485c9a3e3b6,20260725,1.0,0.9,1
run2,OHLC,OHLC_0030,4,99.98358154296875,100.0766830444336,99.91231536865234,99.99867248535156,99.98358154296875,100.0766830444336,99.91231536865234,99.99867248535156,False,True,True,0.0,0.0,0.0,0.0,KronosPredictor,a7d5f37e2e9fbd9891f7d7d4f72574512dd1f704fee14223e0a8cd0fbf54197c,0b30a443affb03e05a876a083857de9164f899feb7b4d261da02c485c9a3e3b6,20260725,1.0,0.9,1
run2,OHLC,OHLC_0030,5,99.97248840332031,100.02820587158203,99.88948059082031,99.98777770996094,99.97248840332031,100.02820587158203,99.88948059082031,99.98777770996094,False,True,True,0.0,0.0,0.0,0.0,KronosPredictor,a7d5f37e2e9fbd9891f7d7d4f72574512dd1f704fee14223e0a8cd0fbf54197c,0b30a443affb03e05a876a083857de9164f899feb7b4d261da02c485c9a3e3b6,20260725,1.0,0.9,1
run2,OHLC,OHLC_0031,1,99.99583435058594,100.06314849853516,99.88224792480469,99.97848510742188,99.99583435058594,100.06314849853516,99.88224792480469,99.97848510742188,False,True,True,0.0,0.0,0.0,0.0,KronosPredictor,a7d5f37e2e9fbd9891f7d7d4f72574512dd1f704fee14223e0a8cd0fbf54197c,0b30a443affb03e05a876a083857de9164f899feb7b4d261da02c485c9a3e3b6,20260725,1.0,0.9,1
run2,OHLC,OHLC_0031,2,99.87062072753906,100.02598571777344,99.88916778564453,99.98746490478516,99.87062072753906,100.02598571777344,99.87062072753906,99.98746490478516,False,True,True,0.0,0.01854705810546875,0.01854705810546875,0.00018551049343807185,KronosPredictor,a7d5f37e2e9fbd9891f7d7d4f72574512dd1f704fee14223e0a8cd0fbf54197c,0b30a443affb03e05a876a083857de9164f899feb7b4d261da02c485c9a3e3b6,20260725,1.0,0.9,1
run2,OHLC,OHLC_0031,3,99.97280883789062,100.05097961425781,99.87527465820312,99.98751068115234,99.97280883789062,100.05097961425781,99.87527465820312,99.98751068115234,False,True,True,0.0,0.0,0.0,0.0,KronosPredictor,a7d5f37e2e9fbd9891f7d7d4f72574512dd1f704fee14223e0a8cd0fbf54197c,0b30a443affb03e05a876a083857de9164f899feb7b4d261da02c485c9a3e3b6,20260725,1.0,0.9,1
run2,OHLC,OHLC_0031,4,99.9298324584961,100.02336883544922,99.89009094238281,99.98756408691406,99.9298324584961,100.02336883544922,99.89009094238281,99.98756408691406,False,True,True,0.0,0.0,0.0,0.0,KronosPredictor,a7d5f37e2e9fbd9891f7d7d4f72574512dd1f704fee14223e0a8cd0fbf54197c,0b30a443affb03e05a876a083857de9164f899feb7b4d261da02c485c9a3e3b6,20260725,1.0,0.9,1
run2,OHLC,OHLC_0031,5,99.9153060913086,100.02835845947266,99.91959381103516,99.99071502685547,99.9153060913086,100.02835845947266,99.9153060913086,99.99071502685547,False,True,True,0.0,0.0042877197265625,0.0042877197265625,4.288642423372949e-05,KronosPredictor,a7d5f37e2e9fbd9891f7d7d4f72574512dd1f704fee14223e0a8cd0fbf54197c,0b30a443affb03e05a876a083857de9164f899feb7b4d261da02c485c9a3e3b6,20260725,1.0,0.9,1
run2,OHLC,OHLC_0032,1,100.02576446533203,100.04935455322266,99.93818664550781,99.99175262451172,100.02576446533203,100.04935455322266,99.93818664550781,99.99175262451172,False,True,True,0.0,0.0,0.0,0.0,KronosPredictor,a7d5f37e2e9fbd9891f7d7d4f72574512dd1f704fee14223e0a8cd0fbf54197c,0b30a443affb03e05a876a083857de9164f899feb7b4d261da02c485c9a3e3b6,20260725,1.0,0.9,1
run2,OHLC,OHLC_0032,2,100.01172637939453,100.04212188720703,99.99080657958984,99.99148559570312,100.01172637939453,100.04212188720703,99.99080657958984,99.99148559570312,False,True,True,0.0,0.0,0.0,0.0,KronosPredictor,a7d5f37e2e9fbd9891f7d7d4f72574512dd1f704fee14223e0a8cd0fbf54197c,0b30a443affb03e05a876a083857de9164f899feb7b4d261da02c485c9a3e3b6,20260725,1.0,0.9,1
run2,OHLC,OHLC_0032,3,99.98188781738281,100.0032730102539,99.98748779296875,99.99304962158203,99.98188781738281,100.0032730102539,99.98188781738281,99.99304962158203,False,True,True,0.0,0.0055999755859375,0.0055999755859375,5.6004374750450535e-05,KronosPredictor,a7d5f37e2e9fbd9891f7d7d4f72574512dd1f704fee14223e0a8cd0fbf54197c,0b30a443affb03e05a876a083857de9164f899feb7b4d261da02c485c9a3e3b6,20260725,1.0,0.9,1
run2,OHLC,OHLC_0032,4,100.03775024414062,100.05657196044922,99.96519470214844,99.98956298828125,100.03775024414062,100.05657196044922,99.96519470214844,99.98956298828125,False,True,True,0.0,0.0,0.0,0.0,KronosPredictor,a7d5f37e2e9fbd9891f7d7d4f72574512dd1f704fee14223e0a8cd0fbf54197c,0b30a443affb03e05a876a083857de9164f899feb7b4d261da02c485c9a3e3b6,20260725,1.0,0.9,1
run2,OHLC,OHLC_0032,5,100.037841796875,100.0456771850586,99.9915542602539,99.9950942993164,100.037841796875,100.0456771850586,99.9915542602539,99.9950942993164,False,True,True,0.0,0.0,0.0,0.0,KronosPredictor,a7d5f37e2e9fbd9891f7d7d4f72574512dd1f704fee14223e0a8cd0fbf54197c,0b30a443affb03e05a876a083857de9164f899feb7b4d261da02c485c9a3e3b6,20260725,1.0,0.9,1
run2,OHLC,OHLC_0033,1,100.1147232055664,100.05305480957031,100.0470962524414,100.01087951660156,100.1147232055664,100.1147232055664,100.01087951660156,100.01087951660156,False,True,True,0.06166839599609375,0.03621673583984375,0.0978851318359375,0.0009787448356524933,KronosPredictor,a7d5f37e2e9fbd9891f7d7d4f72574512dd1f704fee14223e0a8cd0fbf54197c,0b30a443affb03e05a876a083857de9164f899feb7b4d261da02c485c9a3e3b6,20260725,1.0,0.9,1
run2,OHLC,OHLC_0033,2,100.1590347290039,100.12377166748047,100.05780029296875,100.01048278808594,100.1590347290039,100.1590347290039,100.01048278808594,100.01048278808594,False,True,True,0.0352630615234375,0.0473175048828125,0.08258056640625,0.0008257158301716748,KronosPredictor,a7d5f37e2e9fbd9891f7d7d4f72574512dd1f704fee14223e0a8cd0fbf54197c,0b30a443affb03e05a876a083857de9164f899feb7b4d261da02c485c9a3e3b6,20260725,1.0,0.9,1
run2,OHLC,OHLC_0033,3,100.14732360839844,100.06886291503906,100.03929138183594,100.00909423828125,100.14732360839844,100.14732360839844,100.00909423828125,100.00909423828125,False,True,True,0.078460693359375,0.0301971435546875,0.1086578369140625,0.0010864601675263296,KronosPredictor,a7d5f37e2e9fbd9891f7d7d4f72574512dd1f704fee14223e0a8cd0fbf54197c,0b30a443affb03e05a876a083857de9164f899feb7b4d261da02c485c9a3e3b6,20260725,1.0,0.9,1
run2,OHLC,OHLC_0033,4,100.02250671386719,100.03751373291016,99.97599792480469,100.0066146850586,100.02250671386719,100.03751373291016,99.97599792480469,100.0066146850586,False,True,True,0.0,0.0,0.0,0.0,KronosPredictor,a7d5f37e2e9fbd9891f7d7d4f72574512dd1f704fee14223e0a8cd0fbf54197c,0b30a443affb03e05a876a083857de9164f899feb7b4d261da02c485c9a3e3b6,20260725,1.0,0.9,1
run2,OHLC,OHLC_0033,5,100.05435943603516,100.05986785888672,100.005859375,100.0086441040039,100.05435943603516,100.05986785888672,100.005859375,100.0086441040039,False,True,True,0.0,0.0,0.0,0.0,KronosPredictor,a7d5f37e2e9fbd9891f7d7d4f72574512dd1f704fee14223e0a8cd0fbf54197c,0b30a443affb03e05a876a083857de9164f899feb7b4d261da02c485c9a3e3b6,20260725,1.0,0.9,1
run2,OHLC,OHLC_0034,1,100.00470733642578,100.03433990478516,99.96676635742188,99.99813079833984,100.00470733642578,100.03433990478516,99.96676635742188,99.99813079833984,False,True,True,0.0,0.0,0.0,0.0,KronosPredictor,a7d5f37e2e9fbd9891f7d7d4f72574512dd1f704fee14223e0a8cd0fbf54197c,0b30a443affb03e05a876a083857de9164f899feb7b4d261da02c485c9a3e3b6,20260725,1.0,0.9,1
run2,OHLC,OHLC_0034,2,99.8841323852539,100.04286193847656,99.90763854980469,99.99954223632812,99.8841323852539,100.04286193847656,99.8841323852539,99.99954223632812,False,True,True,0.0,0.02350616455078125,0.02350616455078125,0.0002350660393661228,KronosPredictor,a7d5f37e2e9fbd9891f7d7d4f72574512dd1f704fee14223e0a8cd0fbf54197c,0b30a443affb03e05a876a083857de9164f899feb7b4d261da02c485c9a3e3b6,20260725,1.0,0.9,1
run2,OHLC,OHLC_0034,3,99.960693359375,100.03173065185547,99.92928314208984,99.99923706054688,99.960693359375,100.03173065185547,99.92928314208984,99.99923706054688,False,True,True,0.0,0.0,0.0,0.0,KronosPredictor,a7d5f37e2e9fbd9891f7d7d4f72574512dd1f704fee14223e0a8cd0fbf54197c,0b30a443affb03e05a876a083857de9164f899feb7b4d261da02c485c9a3e3b6,20260725,1.0,0.9,1
run2,OHLC,OHLC_0034,4,99.89823913574219,100.04363250732422,99.92459106445312,100.00051879882812,99.89823913574219,100.04363250732422,99.89823913574219,100.00051879882812,False,True,True,0.0,0.0263519287109375,0.0263519287109375,0.0002635242129083376,KronosPredictor,a7d5f37e2e9fbd9891f7d7d4f72574512dd1f704fee14223e0a8cd0fbf54197c,0b30a443affb03e05a876a083857de9164f899feb7b4d261da02c485c9a3e3b6,20260725,1.0,0.9,1
run2,OHLC,OHLC_0034,5,100.00357818603516,100.07552337646484,99.9456558227539,99.99980163574219,100.00357818603516,100.07552337646484,99.9456558227539,99.99980163574219,False,True,True,0.0,0.0,0.0,0.0,KronosPredictor,a7d5f37e2e9fbd9891f7d7d4f72574512dd1f704fee14223e0a8cd0fbf54197c,0b30a443affb03e05a876a083857de9164f899feb7b4d261da02c485c9a3e3b6,20260725,1.0,0.9,1
run2,OHLC,OHLC_0035,1,99.98059844970703,100.04051208496094,99.9462661743164,99.99976348876953,99.98059844970703,100.04051208496094,99.9462661743164,99.99976348876953,False,True,True,0.0,0.0,0.0,0.0,KronosPredictor,a7d5f37e2e9fbd9891f7d7d4f72574512dd1f704fee14223e0a8cd0fbf54197c,0b30a443affb03e05a876a083857de9164f899feb7b4d261da02c485c9a3e3b6,20260725,1.0,0.9,1
run2,OHLC,OHLC_0035,2,99.9832534790039,100.06012725830078,99.96200561523438,100.00299072265625,99.9832534790039,100.06012725830078,99.96200561523438,100.00299072265625,False,True,True,0.0,0.0,0.0,0.0,KronosPredictor,a7d5f37e2e9fbd9891f7d7d4f72574512dd1f704fee14223e0a8cd0fbf54197c,0b30a443affb03e05a876a083857de9164f899feb7b4d261da02c485c9a3e3b6,20260725,1.0,0.9,1
run2,OHLC,OHLC_0035,3,99.97257232666016,100.03079223632812,99.9813461303711,100.0057144165039,99.97257232666016,100.03079223632812,99.97257232666016,100.0057144165039,False,True,True,0.0,0.0087738037109375,0.0087738037109375,8.773824462017694e-05,KronosPredictor,a7d5f37e2e9fbd9891f7d7d4f72574512dd1f704fee14223e0a8cd0fbf54197c,0b30a443affb03e05a876a083857de9164f899feb7b4d261da02c485c9a3e3b6,20260725,1.0,0.9,1
run2,OHLC,OHLC_0035,4,100.00774383544922,100.05370330810547,99.94486236572266,100.0009994506836,100.00774383544922,100.05370330810547,99.94486236572266,100.0009994506836,False,True,True,0.0,0.0,0.0,0.0,KronosPredictor,a7d5f37e2e9fbd9891f7d7d4f72574512dd1f704fee14223e0a8cd0fbf54197c,0b30a443affb03e05a876a083857de9164f899feb7b4d261da02c485c9a3e3b6,20260725,1.0,0.9,1
run2,OHLC,OHLC_0035,5,99.94097137451172,100.04517364501953,99.94503021240234,100.00308990478516,99.94097137451172,100.04517364501953,99.94097137451172,100.00308990478516,False,True,True,0.0,0.004058837890625,0.004058837890625,4.058847490255142e-05,KronosPredictor,a7d5f37e2e9fbd9891f7d7d4f72574512dd1f704fee14223e0a8cd0fbf54197c,0b30a443affb03e05a876a083857de9164f899feb7b4d261da02c485c9a3e3b6,20260725,1.0,0.9,1
run2,OHLC,OHLC_0036,1,100.0140609741211,100.11089324951172,99.95408630371094,100.01922607421875,100.0140609741211,100.11089324951172,99.95408630371094,100.01922607421875,False,True,True,0.0,0.0,0.0,0.0,KronosPredictor,a7d5f37e2e9fbd9891f7d7d4f72574512dd1f704fee14223e0a8cd0fbf54197c,0b30a443affb03e05a876a083857de9164f899feb7b4d261da02c485c9a3e3b6,20260725,1.0,0.9,1
run2,OHLC,OHLC_0036,2,100.1558609008789,100.13540649414062,100.009521484375,100.01303100585938,100.1558609008789,100.1558609008789,100.009521484375,100.01303100585938,False,True,True,0.02045440673828125,0.0,0.02045440673828125,0.00020450474914796046,KronosPredictor,a7d5f37e2e9fbd9891f7d7d4f72574512dd1f704fee14223e0a8cd0fbf54197c,0b30a443affb03e05a876a083857de9164f899feb7b4d261da02c485c9a3e3b6,20260725,1.0,0.9,1
run2,OHLC,OHLC_0036,3,99.99472045898438,100.09246063232422,99.9800033569336,100.01814270019531,99.99472045898438,100.09246063232422,99.9800033569336,100.01814270019531,False,True,True,0.0,0.0,0.0,0.0,KronosPredictor,a7d5f37e2e9fbd9891f7d7d4f72574512dd1f704fee14223e0a8cd0fbf54197c,0b30a443affb03e05a876a083857de9164f899feb7b4d261da02c485c9a3e3b6,20260725,1.0,0.9,1
run2,OHLC,OHLC_0036,4,100.04702758789062,100.04283142089844,100.02664184570312,100.01661682128906,100.04702758789062,100.04702758789062,100.01661682128906,100.01661682128906,False,True,True,0.0041961669921875,0.0100250244140625,0.01422119140625,0.0001421845775500926,KronosPredictor,a7d5f37e2e9fbd9891f7d7d4f72574512dd1f704fee14223e0a8cd0fbf54197c,0b30a443affb03e05a876a083857de9164f899feb7b4d261da02c485c9a3e3b6,20260725,1.0,0.9,1
run2,OHLC,OHLC_0036,5,100.11561584472656,100.16661071777344,99.9825439453125,100.01045989990234,100.11561584472656,100.16661071777344,99.9825439453125,100.01045989990234,False,True,True,0.0,0.0,0.0,0.0,KronosPredictor,a7d5f37e2e9fbd9891f7d7d4f72574512dd1f704fee14223e0a8cd0fbf54197c,0b30a443affb03e05a876a083857de9164f899feb7b4d261da02c485c9a3e3b6,20260725,1.0,0.9,1
run2,OHLC,OHLC_0037,1,100.06246948242188,100.07051849365234,99.9239273071289,99.98783111572266,100.06246948242188,100.07051849365234,99.9239273071289,99.98783111572266,False,True,True,0.0,0.0,0.0,0.0,KronosPredictor,a7d5f37e2e9fbd9891f7d7d4f72574512dd1f704fee14223e0a8cd0fbf54197c,0b30a443affb03e05a876a083857de9164f899feb7b4d261da02c485c9a3e3b6,20260725,1.0,0.9,1
run2,OHLC,OHLC_0037,2,99.95758819580078,100.05290985107422,99.94468688964844,99.99068450927734,99.95758819580078,100.05290985107422,99.94468688964844,99.99068450927734,False,True,True,0.0,0.0,0.0,0.0,KronosPredictor,a7d5f37e2e9fbd9891f7d7d4f72574512dd1f704fee14223e0a8cd0fbf54197c,0b30a443affb03e05a876a083857de9164f899feb7b4d261da02c485c9a3e3b6,20260725,1.0,0.9,1
run2,OHLC,OHLC_0037,3,99.93147277832031,100.02597045898438,99.93865966796875,99.99049377441406,99.93147277832031,100.02597045898438,99.93147277832031,99.99049377441406,False,True,True,0.0,0.0071868896484375,0.0071868896484375,7.187764319159627e-05,KronosPredictor,a7d5f37e2e9fbd9891f7d7d4f72574512dd1f704fee14223e0a8cd0fbf54197c,0b30a443affb03e05a876a083857de9164f899feb7b4d261da02c485c9a3e3b6,20260725,1.0,0.9,1
run2,OHLC,OHLC_0037,4,100.047119140625,100.03311157226562,99.95555114746094,99.98808288574219,100.047119140625,100.047119140625,99.95555114746094,99.98808288574219,False,True,True,0.014007568359375,0.0,0.014007568359375,0.00014009273131610481,KronosPredictor,a7d5f37e2e9fbd9891f7d7d4f72574512dd1f704fee14223e0a8cd0fbf54197c,0b30a443affb03e05a876a083857de9164f899feb7b4d261da02c485c9a3e3b6,20260725,1.0,0.9,1
run2,OHLC,OHLC_0037,5,100.04768371582031,100.05023956298828,99.93362426757812,99.98636627197266,100.04768371582031,100.05023956298828,99.93362426757812,99.98636627197266,False,True,True,0.0,0.0,0.0,0.0,KronosPredictor,a7d5f37e2e9fbd9891f7d7d4f72574512dd1f704fee14223e0a8cd0fbf54197c,0b30a443affb03e05a876a083857de9164f899feb7b4d261da02c485c9a3e3b6,20260725,1.0,0.9,1
run2,OHLC,OHLC_0038,1,99.95734405517578,99.98568725585938,99.9803695678711,100.00141143798828,99.95734405517578,100.00141143798828,99.95734405517578,100.00141143798828,False,True,True,0.01572418212890625,0.0230255126953125,0.03874969482421875,0.000387491479040251,KronosPredictor,a7d5f37e2e9fbd9891f7d7d4f72574512dd1f704fee14223e0a8cd0fbf54197c,0b30a443affb03e05a876a083857de9164f899feb7b4d261da02c485c9a3e3b6,20260725,1.0,0.9,1
run2,OHLC,OHLC_0038,2,100.08758544921875,100.04195404052734,99.96552276611328,99.99909973144531,100.08758544921875,100.08758544921875,99.96552276611328,99.99909973144531,False,True,True,0.04563140869140625,0.0,0.04563140869140625,0.00045630764641459756,KronosPredictor,a7d5f37e2e9fbd9891f7d7d4f72574512dd1f704fee14223e0a8cd0fbf54197c,0b30a443affb03e05a876a083857de9164f899feb7b4d261da02c485c9a3e3b6,20260725,1.0,0.9,1
run2,OHLC,OHLC_0038,3,99.968505859375,100.0079116821289,99.9555435180664,99.99908447265625,99.968505859375,100.0079116821289,99.9555435180664,99.99908447265625,False,True,True,0.0,0.0,0.0,0.0,KronosPredictor,a7d5f37e2e9fbd9891f7d7d4f72574512dd1f704fee14223e0a8cd0fbf54197c,0b30a443affb03e05a876a083857de9164f899feb7b4d261da02c485c9a3e3b6,20260725,1.0,0.9,1
run2,OHLC,OHLC_0038,4,99.94991302490234,99.98172760009766,99.94999694824219,99.99888610839844,99.94991302490234,99.99888610839844,99.94991302490234,99.99888610839844,False,True,True,0.01715850830078125,8.392333984375e-05,0.017242431640625,0.00017242188277829637,KronosPredictor,a7d5f37e2e9fbd9891f7d7d4f72574512dd1f704fee14223e0a8cd0fbf54197c,0b30a443affb03e05a876a083857de9164f899feb7b4d261da02c485c9a3e3b6,20260725,1.0,0.9,1
run2,OHLC,OHLC_0038,5,99.97783660888672,100.02618408203125,99.91355895996094,99.99964904785156,99.97783660888672,100.02618408203125,99.91355895996094,99.99964904785156,False,True,True,0.0,0.0,0.0,0.0,KronosPredictor,a7d5f37e2e9fbd9891f7d7d4f72574512dd1f704fee14223e0a8cd0fbf54197c,0b30a443affb03e05a876a083857de9164f899feb7b4d261da02c485c9a3e3b6,20260725,1.0,0.9,1
run2,OHLC,OHLC_0039,1,100.05751037597656,100.12431335449219,99.97439575195312,100.00312042236328,100.05751037597656,100.12431335449219,99.97439575195312,100.00312042236328,False,True,True,0.0,0.0,0.0,0.0,KronosPredictor,a7d5f37e2e9fbd9891f7d7d4f72574512dd1f704fee14223e0a8cd0fbf54197c,0b30a443affb03e05a876a083857de9164f899feb7b4d261da02c485c9a3e3b6,20260725,1.0,0.9,1
run2,OHLC,OHLC_0039,2,99.72522735595703,100.04215240478516,99.84774780273438,100.0020523071289,99.72522735595703,100.04215240478516,99.72522735595703,100.0020523071289,False,True,True,0.0,0.12252044677734375,0.12252044677734375,0.001225166237412178,KronosPredictor,a7d5f37e2e9fbd9891f7d7d4f72574512dd1f704fee14223e0a8cd0fbf54197c,0b30a443affb03e05a876a083857de9164f899feb7b4d261da02c485c9a3e3b6,20260725,1.0,0.9,1
run2,OHLC,OHLC_0039,3,99.9639892578125,99.9856185913086,99.90216064453125,99.9988021850586,99.9639892578125,99.9988021850586,99.90216064453125,99.9988021850586,False,True,True,0.01318359375,0.0,0.01318359375,0.00013183182379028854,KronosPredictor,a7d5f37e2e9fbd9891f7d7d4f72574512dd1f704fee14223e0a8cd0fbf54197c,0b30a443affb03e05a876a083857de9164f899feb7b4d261da02c485c9a3e3b6,20260725,1.0,0.9,1
run2,OHLC,OHLC_0039,4,99.93753051757812,99.95369720458984,99.91120147705078,99.99824523925781,99.93753051757812,99.99824523925781,99.91120147705078,99.99824523925781,False,True,True,0.04454803466796875,0.0,0.04454803466796875,0.00044546644624507794,KronosPredictor,a7d5f37e2e9fbd9891f7d7d4f72574512dd1f704fee14223e0a8cd0fbf54197c,0b30a443affb03e05a876a083857de9164f899feb7b4d261da02c485c9a3e3b6,20260725,1.0,0.9,1
run2,OHLC,OHLC_0039,5,99.8333969116211,99.9867172241211,99.89276123046875,99.99976348876953,99.8333969116211,99.99976348876953,99.8333969116211,99.99976348876953,False,True,True,0.0130462646484375,0.05936431884765625,0.07241058349609375,0.000724083240505572,KronosPredictor,a7d5f37e2e9fbd9891f7d7d4f72574512dd1f704fee14223e0a8cd0fbf54197c,0b30a443affb03e05a876a083857de9164f899feb7b4d261da02c485c9a3e3b6,20260725,1.0,0.9,1
run2,OHLC,OHLC_0040,1,100.16017150878906,100.18827819824219,99.97821044921875,100.01118469238281,100.16017150878906,100.18827819824219,99.97821044921875,100.01118469238281,False,True,True,0.0,0.0,0.0,0.0,KronosPredictor,a7d5f37e2e9fbd9891f7d7d4f72574512dd1f704fee14223e0a8cd0fbf54197c,0b30a443affb03e05a876a083857de9164f899feb7b4d261da02c485c9a3e3b6,20260725,1.0,0.9,1
run2,OHLC,OHLC_0040,2,99.92227172851562,100.08084869384766,99.9606704711914,100.01564025878906,99.92227172851562,100.08084869384766,99.92227172851562,100.01564025878906,False,True,True,0.0,0.03839874267578125,0.03839874267578125,0.00038394448374838444,KronosPredictor,a7d5f37e2e9fbd9891f7d7d4f72574512dd1f704fee14223e0a8cd0fbf54197c,0b30a443affb03e05a876a083857de9164f899feb7b4d261da02c485c9a3e3b6,20260725,1.0,0.9,1
run2,OHLC,OHLC_0040,3,100.0354232788086,100.00542449951172,100.0322494506836,100.00958251953125,100.0354232788086,100.0354232788086,100.00958251953125,100.00958251953125,False,True,True,0.029998779296875,0.02266693115234375,0.05266571044921875,0.0005265982061027415,KronosPredictor,a7d5f37e2e9fbd9891f7d7d4f72574512dd1f704fee14223e0a8cd0fbf54197c,0b30a443affb03e05a876a083857de9164f899feb7b4d261da02c485c9a3e3b6,20260725,1.0,0.9,1
run2,OHLC,OHLC_0040,4,100.16375732421875,100.15269470214844,99.9738998413086,100.00605773925781,100.16375732421875,100.16375732421875,99.9738998413086,100.00605773925781,False,True,True,0.0110626220703125,0.0,0.0110626220703125,0.00011061384888439449,KronosPredictor,a7d5f37e2e9fbd9891f7d7d4f72574512dd1f704fee14223e0a8cd0fbf54197c,0b30a443affb03e05a876a083857de9164f899feb7b4d261da02c485c9a3e3b6,20260725,1.0,0.9,1
run2,OHLC,OHLC_0040,5,99.93387603759766,100.06832885742188,99.95381164550781,100.01250457763672,99.93387603759766,100.06832885742188,99.93387603759766,100.01250457763672,False,True,True,0.0,0.01993560791015625,0.01993560791015625,0.00019933378423098126,KronosPredictor,a7d5f37e2e9fbd9891f7d7d4f72574512dd1f704fee14223e0a8cd0fbf54197c,0b30a443affb03e05a876a083857de9164f899feb7b4d261da02c485c9a3e3b6,20260725,1.0,0.9,1
run2,OHLC,OHLC_0041,1,99.95059967041016,99.97267150878906,99.92456817626953,99.98607635498047,99.95059967041016,99.98607635498047,99.92456817626953,99.98607635498047,False,True,True,0.01340484619140625,0.0,0.01340484619140625,0.0001340671289451847,KronosPredictor,a7d5f37e2e9fbd9891f7d7d4f72574512dd1f704fee14223e0a8cd0fbf54197c,0b30a443affb03e05a876a083857de9164f899feb7b4d261da02c485c9a3e3b6,20260725,1.0,0.9,1
run2,OHLC,OHLC_0041,2,99.94474792480469,100.00765228271484,99.9241943359375,99.98726654052734,99.94474792480469,100.00765228271484,99.9241943359375,99.98726654052734,False,True,True,0.0,0.0,0.0,0.0,KronosPredictor,a7d5f37e2e9fbd9891f7d7d4f72574512dd1f704fee14223e0a8cd0fbf54197c,0b30a443affb03e05a876a083857de9164f899feb7b4d261da02c485c9a3e3b6,20260725,1.0,0.9,1
run2,OHLC,OHLC_0041,3,99.95317077636719,100.01714324951172,99.8782958984375,99.98639678955078,99.95317077636719,100.01714324951172,99.8782958984375,99.98639678955078,False,True,True,0.0,0.0,0.0,0.0,KronosPredictor,a7d5f37e2e9fbd9891f7d7d4f72574512dd1f704fee14223e0a8cd0fbf54197c,0b30a443affb03e05a876a083857de9164f899feb7b4d261da02c485c9a3e3b6,20260725,1.0,0.9,1
run2,OHLC,OHLC_0041,4,99.99139404296875,100.0124740600586,99.92279815673828,99.98719024658203,99.99139404296875,100.0124740600586,99.92279815673828,99.98719024658203,False,True,True,0.0,0.0,0.0,0.0,KronosPredictor,a7d5f37e2e9fbd9891f7d7d4f72574512dd1f704fee14223e0a8cd0fbf54197c,0b30a443affb03e05a876a083857de9164f899feb7b4d261da02c485c9a3e3b6,20260725,1.0,0.9,1
run2,OHLC,OHLC_0041,5,99.92765045166016,100.04488372802734,99.91712188720703,99.99148559570312,99.92765045166016,100.04488372802734,99.91712188720703,99.99148559570312,False,True,True,0.0,0.0,0.0,0.0,KronosPredictor,a7d5f37e2e9fbd9891f7d7d4f72574512dd1f704fee14223e0a8cd0fbf54197c,0b30a443affb03e05a876a083857de9164f899feb7b4d261da02c485c9a3e3b6,20260725,1.0,0.9,1
run2,OHLC,OHLC_0042,1,100.03609466552734,100.0870590209961,99.91109466552734,100.01332092285156,100.03609466552734,100.0870590209961,99.91109466552734,100.01332092285156,False,True,True,0.0,0.0,0.0,0.0,KronosPredictor,a7d5f37e2e9fbd9891f7d7d4f72574512dd1f704fee14223e0a8cd0fbf54197c,0b30a443affb03e05a876a083857de9164f899feb7b4d261da02c485c9a3e3b6,20260725,1.0,0.9,1
run2,OHLC,OHLC_0042,2,100.08313751220703,100.07166290283203,99.93986511230469,100.00589752197266,100.08313751220703,100.08313751220703,99.93986511230469,100.00589752197266,False,True,True,0.011474609375,0.0,0.011474609375,0.00011473081054724003,KronosPredictor,a7d5f37e2e9fbd9891f7d7d4f72574512dd1f704fee14223e0a8cd0fbf54197c,0b30a443affb03e05a876a083857de9164f899feb7b4d261da02c485c9a3e3b6,20260725,1.0,0.9,1
run2,OHLC,OHLC_0042,3,99.94879913330078,100.03694152832031,99.94091033935547,100.00880432128906,99.94879913330078,100.03694152832031,99.94091033935547,100.00880432128906,False,True,True,0.0,0.0,0.0,0.0,KronosPredictor,a7d5f37e2e9fbd9891f7d7d4f72574512dd1f704fee14223e0a8cd0fbf54197c,0b30a443affb03e05a876a083857de9164f899feb7b4d261da02c485c9a3e3b6,20260725,1.0,0.9,1
run2,OHLC,OHLC_0042,4,99.87004089355469,100.04180908203125,99.90660858154297,100.01167297363281,99.87004089355469,100.04180908203125,99.87004089355469,100.01167297363281,False,True,True,0.0,0.03656768798828125,0.03656768798828125,0.00036562817483571904,KronosPredictor,a7d5f37e2e9fbd9891f7d7d4f72574512dd1f704fee14223e0a8cd0fbf54197c,0b30a443affb03e05a876a083857de9164f899feb7b4d261da02c485c9a3e3b6,20260725,1.0,0.9,1
run2,OHLC,OHLC_0042,5,100.01517486572266,100.07662963867188,99.93489074707031,100.01101684570312,100.01517486572266,100.07662963867188,99.93489074707031,100.01101684570312,False,True,True,0.0,0.0,0.0,0.0,KronosPredictor,a7d5f37e2e9fbd9891f7d7d4f72574512dd1f704fee14223e0a8cd0fbf54197c,0b30a443affb03e05a876a083857de9164f899feb7b4d261da02c485c9a3e3b6,20260725,1.0,0.9,1
run2,OHLC,OHLC_0043,1,100.06969451904297,100.08621978759766,100.01348114013672,100.02338409423828,100.06969451904297,100.08621978759766,100.01348114013672,100.02338409423828,False,True,True,0.0,0.0,0.0,0.0,KronosPredictor,a7d5f37e2e9fbd9891f7d7d4f72574512dd1f704fee14223e0a8cd0fbf54197c,0b30a443affb03e05a876a083857de9164f899feb7b4d261da02c485c9a3e3b6,20260725,1.0,0.9,1
run2,OHLC,OHLC_0043,2,100.06494140625,100.07707214355469,100.02619171142578,100.02210235595703,100.06494140625,100.07707214355469,100.02210235595703,100.02210235595703,False,True,True,0.0,0.00408935546875,0.00408935546875,4.088399433573616e-05,KronosPredictor,a7d5f37e2e9fbd9891f7d7d4f72574512dd1f704fee14223e0a8cd0fbf54197c,0b30a443affb03e05a876a083857de9164f899feb7b4d261da02c485c9a3e3b6,20260725,1.0,0.9,1
run2,OHLC,OHLC_0043,3,100.13668060302734,100.111572265625,99.92334747314453,100.01593017578125,100.13668060302734,100.13668060302734,99.92334747314453,100.01593017578125,False,True,True,0.02510833740234375,0.0,0.02510833740234375,0.0002510246741770666,KronosPredictor,a7d5f37e2e9fbd9891f7d7d4f72574512dd1f704fee14223e0a8cd0fbf54197c,0b30a443affb03e05a876a083857de9164f899feb7b4d261da02c485c9a3e3b6,20260725,1.0,0.9,1
run2,OHLC,OHLC_0043,4,99.92167663574219,100.03089904785156,99.95957946777344,100.01934814453125,99.92167663574219,100.03089904785156,99.92167663574219,100.01934814453125,False,True,True,0.0,0.03790283203125,0.03790283203125,0.00037893970869391276,KronosPredictor,a7d5f37e2e9fbd9891f7d7d4f72574512dd1f704fee14223e0a8cd0fbf54197c,0b30a443affb03e05a876a083857de9164f899feb7b4d261da02c485c9a3e3b6,20260725,1.0,0.9,1
run2,OHLC,OHLC_0043,5,99.95150756835938,100.0162124633789,99.98345184326172,100.01885223388672,99.95150756835938,100.01885223388672,99.95150756835938,100.01885223388672,False,True,True,0.0026397705078125,0.03194427490234375,0.03458404541015625,0.0003457596013505448,KronosPredictor,a7d5f37e2e9fbd9891f7d7d4f72574512dd1f704fee14223e0a8cd0fbf54197c,0b30a443affb03e05a876a083857de9164f899feb7b4d261da02c485c9a3e3b6,20260725,1.0,0.9,1
run2,OHLC,OHLC_0044,1,100.02285766601562,100.03392028808594,99.95375061035156,99.99407958984375,100.02285766601562,100.03392028808594,99.95375061035156,99.99407958984375,False,True,True,0.0,0.0,0.0,0.0,KronosPredictor,a7d5f37e2e9fbd9891f7d7d4f72574512dd1f704fee14223e0a8cd0fbf54197c,0b30a443affb03e05a876a083857de9164f899feb7b4d261da02c485c9a3e3b6,20260725,1.0,0.9,1
run2,OHLC,OHLC_0044,2,99.99368286132812,100.03423309326172,99.95851135253906,99.99713134765625,99.99368286132812,100.03423309326172,99.95851135253906,99.99713134765625,False,True,True,0.0,0.0,0.0,0.0,KronosPredictor,a7d5f37e2e9fbd9891f7d7d4f72574512dd1f704fee14223e0a8cd0fbf54197c,0b30a443affb03e05a876a083857de9164f899feb7b4d261da02c485c9a3e3b6,20260725,1.0,0.9,1
run2,OHLC,OHLC_0044,3,100.01959991455078,100.0223617553711,99.99907684326172,99.99673461914062,100.01959991455078,100.0223617553711,99.99673461914062,99.99673461914062,False,True,True,0.0,0.00234222412109375,0.00234222412109375,2.3423627985787733e-05,KronosPredictor,a7d5f37e2e9fbd9891f7d7d4f72574512dd1f704fee14223e0a8cd0fbf54197c,0b30a443affb03e05a876a083857de9164f899feb7b4d261da02c485c9a3e3b6,20260725,1.0,0.9,1
run2,OHLC,OHLC_0044,4,100.02283477783203,100.05213928222656,99.96903228759766,99.99649047851562,100.02283477783203,100.05213928222656,99.96903228759766,99.99649047851562,False,True,True,0.0,0.0,0.0,0.0,KronosPredictor,a7d5f37e2e9fbd9891f7d7d4f72574512dd1f704fee14223e0a8cd0fbf54197c,0b30a443affb03e05a876a083857de9164f899feb7b4d261da02c485c9a3e3b6,20260725,1.0,0.9,1
run2,OHLC,OHLC_0044,5,99.9903793334961,100.13978576660156,99.95223236083984,99.99481964111328,99.9903793334961,100.13978576660156,99.95223236083984,99.99481964111328,False,True,True,0.0,0.0,0.0,0.0,KronosPredictor,a7d5f37e2e9fbd9891f7d7d4f72574512dd1f704fee14223e0a8cd0fbf54197c,0b30a443affb03e05a876a083857de9164f899feb7b4d261da02c485c9a3e3b6,20260725,1.0,0.9,1
run2,OHLC,OHLC_0045,1,100.08607482910156,100.07400512695312,99.94689178466797,99.98493957519531,100.08607482910156,100.08607482910156,99.94689178466797,99.98493957519531,False,True,True,0.0120697021484375,0.0,0.0120697021484375,0.00012071520170655585,KronosPredictor,a7d5f37e2e9fbd9891f7d7d4f72574512dd1f704fee14223e0a8cd0fbf54197c,0b30a443affb03e05a876a083857de9164f899feb7b4d261da02c485c9a3e3b6,20260725,1.0,0.9,1
run2,OHLC,OHLC_0045,2,99.98345947265625,99.99370574951172,99.94053649902344,99.97926330566406,99.98345947265625,99.99370574951172,99.94053649902344,99.97926330566406,False,True,True,0.0,0.0,0.0,0.0,KronosPredictor,a7d5f37e2e9fbd9891f7d7d4f72574512dd1f704fee14223e0a8cd0fbf54197c,0b30a443affb03e05a876a083857de9164f899feb7b4d261da02c485c9a3e3b6,20260725,1.0,0.9,1
run2,OHLC,OHLC_0045,3,99.94248962402344,100.11373138427734,99.9290771484375,99.98180389404297,99.94248962402344,100.11373138427734,99.9290771484375,99.98180389404297,False,True,True,0.0,0.0,0.0,0.0,KronosPredictor,a7d5f37e2e9fbd9891f7d7d4f72574512dd1f704fee14223e0a8cd0fbf54197c,0b30a443affb03e05a876a083857de9164f899feb7b4d261da02c485c9a3e3b6,20260725,1.0,0.9,1
run2,OHLC,OHLC_0045,4,100.00477600097656,100.01451110839844,99.95355224609375,99.98411560058594,100.00477600097656,100.01451110839844,99.95355224609375,99.98411560058594,False,True,True,0.0,0.0,0.0,0.0,KronosPredictor,a7d5f37e2e9fbd9891f7d7d4f72574512dd1f704fee14223e0a8cd0fbf54197c,0b30a443affb03e05a876a083857de9164f899feb7b4d261da02c485c9a3e3b6,20260725,1.0,0.9,1
run2,OHLC,OHLC_0045,5,99.95601654052734,100.00410461425781,99.93321990966797,99.9843978881836,99.95601654052734,100.00410461425781,99.93321990966797,99.9843978881836,False,True,True,0.0,0.0,0.0,0.0,KronosPredictor,a7d5f37e2e9fbd9891f7d7d4f72574512dd1f704fee14223e0a8cd0fbf54197c,0b30a443affb03e05a876a083857de9164f899feb7b4d261da02c485c9a3e3b6,20260725,1.0,0.9,1
run2,OHLC,OHLC_0046,1,99.97200012207031,99.99948120117188,99.96305847167969,99.98491668701172,99.97200012207031,99.99948120117188,99.96305847167969,99.98491668701172,False,True,True,0.0,0.0,0.0,0.0,KronosPredictor,a7d5f37e2e9fbd9891f7d7d4f72574512dd1f704fee14223e0a8cd0fbf54197c,0b30a443affb03e05a876a083857de9164f899feb7b4d261da02c485c9a3e3b6,20260725,1.0,0.9,1
run2,OHLC,OHLC_0046,2,99.95152282714844,100.06591796875,99.86992645263672,99.98572540283203,99.95152282714844,100.06591796875,99.86992645263672,99.98572540283203,False,True,True,0.0,0.0,0.0,0.0,KronosPredictor,a7d5f37e2e9fbd9891f7d7d4f72574512dd1f704fee14223e0a8cd0fbf54197c,0b30a443affb03e05a876a083857de9164f899feb7b4d261da02c485c9a3e3b6,20260725,1.0,0.9,1
run2,OHLC,OHLC_0046,3,99.93251037597656,100.0187759399414,99.91417694091797,99.98519897460938,99.93251037597656,100.0187759399414,99.91417694091797,99.98519897460938,False,True,True,0.0,0.0,0.0,0.0,KronosPredictor,a7d5f37e2e9fbd9891f7d7d4f72574512dd1f704fee14223e0a8cd0fbf54197c,0b30a443affb03e05a876a083857de9164f899feb7b4d261da02c485c9a3e3b6,20260725,1.0,0.9,1
run2,OHLC,OHLC_0046,4,100.16519165039062,100.08930206298828,99.96498107910156,99.98624420166016,100.16519165039062,100.16519165039062,99.96498107910156,99.98624420166016,False,True,True,0.07588958740234375,0.0,0.07588958740234375,0.0007590103579313377,KronosPredictor,a7d5f37e2e9fbd9891f7d7d4f72574512dd1f704fee14223e0a8cd0fbf54197c,0b30a443affb03e05a876a083857de9164f899feb7b4d261da02c485c9a3e3b6,20260725,1.0,0.9,1
run2,OHLC,OHLC_0046,5,100.06067657470703,100.11397552490234,99.90597534179688,99.98115539550781,100.06067657470703,100.11397552490234,99.90597534179688,99.98115539550781,False,True,True,0.0,0.0,0.0,0.0,KronosPredictor,a7d5f37e2e9fbd9891f7d7d4f72574512dd1f704fee14223e0a8cd0fbf54197c,0b30a443affb03e05a876a083857de9164f899feb7b4d261da02c485c9a3e3b6,20260725,1.0,0.9,1
run2,OHLC,OHLC_0047,1,100.08699798583984,100.07108306884766,100.01573944091797,100.00894927978516,100.08699798583984,100.08699798583984,100.00894927978516,100.00894927978516,False,True,True,0.0159149169921875,0.0067901611328125,0.022705078125,0.00022703046365860966,KronosPredictor,a7d5f37e2e9fbd9891f7d7d4f72574512dd1f704fee14223e0a8cd0fbf54197c,0b30a443affb03e05a876a083857de9164f899feb7b4d261da02c485c9a3e3b6,20260725,1.0,0.9,1
run2,OHLC,OHLC_0047,2,100.03414154052734,100.02069091796875,100.01676177978516,100.00862884521484,100.03414154052734,100.03414154052734,100.00862884521484,100.00862884521484,False,True,True,0.01345062255859375,0.0081329345703125,0.02158355712890625,0.0002158162572883759,KronosPredictor,a7d5f37e2e9fbd9891f7d7d4f72574512dd1f704fee14223e0a8cd0fbf54197c,0b30a443affb03e05a876a083857de9164f899feb7b4d261da02c485c9a3e3b6,20260725,1.0,0.9,1
run2,OHLC,OHLC_0047,3,100.15544128417969,100.06146240234375,100.03299713134766,100.0089111328125,100.15544128417969,100.15544128417969,100.0089111328125,100.0089111328125,False,True,True,0.0939788818359375,0.02408599853515625,0.11806488037109375,0.0011805431536011373,KronosPredictor,a7d5f37e2e9fbd9891f7d7d4f72574512dd1f704fee14223e0a8cd0fbf54197c,0b30a443affb03e05a876a083857de9164f899feb7b4d261da02c485c9a3e3b6,20260725,1.0,0.9,1
run2,OHLC,OHLC_0047,4,100.02936553955078,100.00535583496094,100.0113754272461,100.01019287109375,100.02936553955078,100.02936553955078,100.01019287109375,100.01019287109375,False,True,True,0.02400970458984375,0.00118255615234375,0.0251922607421875,0.0002519000641803525,KronosPredictor,a7d5f37e2e9fbd9891f7d7d4f72574512dd1f704fee14223e0a8cd0fbf54197c,0b30a443affb03e05a876a083857de9164f899feb7b4d261da02c485c9a3e3b6,20260725,1.0,0.9,1
run2,OHLC,OHLC_0047,5,100.11249542236328,100.059814453125,100.03129577636719,100.00926208496094,100.11249542236328,100.11249542236328,100.00926208496094,100.00926208496094,False,True,True,0.05268096923828125,0.02203369140625,0.07471466064453125,0.0007470797481884288,KronosPredictor,a7d5f37e2e9fbd9891f7d7d4f72574512dd1f704fee14223e0a8cd0fbf54197c,0b30a443affb03e05a876a083857de9164f899feb7b4d261da02c485c9a3e3b6,20260725,1.0,0.9,1
run2,OHLC,OHLC_0048,1,100.04264831542969,100.07676696777344,99.9829330444336,100.0069351196289,100.04264831542969,100.07676696777344,99.9829330444336,100.0069351196289,False,True,True,0.0,0.0,0.0,0.0,KronosPredictor,a7d5f37e2e9fbd9891f7d7d4f72574512dd1f704fee14223e0a8cd0fbf54197c,0b30a443affb03e05a876a083857de9164f899feb7b4d261da02c485c9a3e3b6,20260725,1.0,0.9,1
run2,OHLC,OHLC_0048,2,99.97296142578125,100.09274291992188,99.95404815673828,100.010009765625,99.97296142578125,100.09274291992188,99.95404815673828,100.010009765625,False,True,True,0.0,0.0,0.0,0.0,KronosPredictor,a7d5f37e2e9fbd9891f7d7d4f72574512dd1f704fee14223e0a8cd0fbf54197c,0b30a443affb03e05a876a083857de9164f899feb7b4d261da02c485c9a3e3b6,20260725,1.0,0.9,1
run2,OHLC,OHLC_0048,3,100.00112915039062,100.08531188964844,99.96798706054688,100.01058197021484,100.00112915039062,100.08531188964844,99.96798706054688,100.01058197021484,False,True,True,0.0,0.0,0.0,0.0,KronosPredictor,a7d5f37e2e9fbd9891f7d7d4f72574512dd1f704fee14223e0a8cd0fbf54197c,0b30a443affb03e05a876a083857de9164f899feb7b4d261da02c485c9a3e3b6,20260725,1.0,0.9,1
run2,OHLC,OHLC_0048,4,100.21304321289062,100.1529541015625,99.98712921142578,100.00724792480469,100.21304321289062,100.21304321289062,99.98712921142578,100.00724792480469,False,True,True,0.060089111328125,0.0,0.060089111328125,0.000600849443653543,KronosPredictor,a7d5f37e2e9fbd9891f7d7d4f72574512dd1f704fee14223e0a8cd0fbf54197c,0b30a443affb03e05a876a083857de9164f899feb7b4d261da02c485c9a3e3b6,20260725,1.0,0.9,1
run2,OHLC,OHLC_0048,5,100.09061431884766,100.0972900390625,100.02225494384766,100.0076675415039,100.09061431884766,100.0972900390625,100.0076675415039,100.0076675415039,False,True,True,0.0,0.01458740234375,0.01458740234375,0.00014586390760101248,KronosPredictor,a7d5f37e2e9fbd9891f7d7d4f72574512dd1f704fee14223e0a8cd0fbf54197c,0b30a443affb03e05a876a083857de9164f899feb7b4d261da02c485c9a3e3b6,20260725,1.0,0.9,1
run2,OHLC,OHLC_0049,1,100.08387756347656,100.04047393798828,100.02130889892578,100.00308227539062,100.08387756347656,100.08387756347656,100.00308227539062,100.00308227539062,False,True,True,0.04340362548828125,0.01822662353515625,0.0616302490234375,0.000616283494679882,KronosPredictor,a7d5f37e2e9fbd9891f7d7d4f72574512dd1f704fee14223e0a8cd0fbf54197c,0b30a443affb03e05a876a083857de9164f899feb7b4d261da02c485c9a3e3b6,20260725,1.0,0.9,1
run2,OHLC,OHLC_0049,2,100.04424285888672,100.04710388183594,100.00306701660156,100.0037841796875,100.04424285888672,100.04710388183594,100.00306701660156,100.0037841796875,False,True,True,0.0,0.0,0.0,0.0,KronosPredictor,a7d5f37e2e9fbd9891f7d7d4f72574512dd1f704fee14223e0a8cd0fbf54197c,0b30a443affb03e05a876a083857de9164f899feb7b4d261da02c485c9a3e3b6,20260725,1.0,0.9,1
run2,OHLC,OHLC_0049,3,100.03939819335938,100.04578399658203,99.9952392578125,100.00350189208984,100.03939819335938,100.04578399658203,99.9952392578125,100.00350189208984,False,True,True,0.0,0.0,0.0,0.0,KronosPredictor,a7d5f37e2e9fbd9891f7d7d4f72574512dd1f704fee14223e0a8cd0fbf54197c,0b30a443affb03e05a876a083857de9164f899feb7b4d261da02c485c9a3e3b6,20260725,1.0,0.9,1
run2,OHLC,OHLC_0049,4,100.00651550292969,100.05667877197266,99.95440673828125,100.00550079345703,100.00651550292969,100.05667877197266,99.95440673828125,100.00550079345703,False,True,True,0.0,0.0,0.0,0.0,KronosPredictor,a7d5f37e2e9fbd9891f7d7d4f72574512dd1f704fee14223e0a8cd0fbf54197c,0b30a443affb03e05a876a083857de9164f899feb7b4d261da02c485c9a3e3b6,20260725,1.0,0.9,1
run2,OHLC,OHLC_0049,5,100.03520202636719,100.07720947265625,99.904296875,100.00545501708984,100.03520202636719,100.07720947265625,99.904296875,100.00545501708984,False,True,True,0.0,0.0,0.0,0.0,KronosPredictor,a7d5f37e2e9fbd9891f7d7d4f72574512dd1f704fee14223e0a8cd0fbf54197c,0b30a443affb03e05a876a083857de9164f899feb7b4d261da02c485c9a3e3b6,20260725,1.0,0.9,1
run2,OHLC,OHLC_0050,1,100.11382293701172,100.11083221435547,100.01377868652344,100.0245132446289,100.11382293701172,100.11382293701172,100.01377868652344,100.0245132446289,False,True,True,0.00299072265625,0.0,0.00299072265625,2.9899897127573326e-05,KronosPredictor,a7d5f37e2e9fbd9891f7d7d4f72574512dd1f704fee14223e0a8cd0fbf54197c,0b30a443affb03e05a876a083857de9164f899feb7b4d261da02c485c9a3e3b6,20260725,1.0,0.9,1
run2,OHLC,OHLC_0050,2,100.08684539794922,100.05641174316406,100.02298736572266,100.02130126953125,100.08684539794922,100.08684539794922,100.02130126953125,100.02130126953125,False,True,True,0.03043365478515625,0.00168609619140625,0.0321197509765625,0.00032111879313031556,KronosPredictor,a7d5f37e2e9fbd9891f7d7d4f72574512dd1f704fee14223e0a8cd0fbf54197c,0b30a443affb03e05a876a083857de9164f899feb7b4d261da02c485c9a3e3b6,20260725,1.0,0.9,1
run2,OHLC,OHLC_0050,3,100.06857299804688,100.107177734375,99.98497009277344,100.02230834960938,100.06857299804688,100.107177734375,99.98497009277344,100.02230834960938,False,True,True,0.0,0.0,0.0,0.0,KronosPredictor,a7d5f37e2e9fbd9891f7d7d4f72574512dd1f704fee14223e0a8cd0fbf54197c,0b30a443affb03e05a876a083857de9164f899feb7b4d261da02c485c9a3e3b6,20260725,1.0,0.9,1
run2,OHLC,OHLC_0050,4,100.08755493164062,100.09266662597656,100.01228332519531,100.0228271484375,100.08755493164062,100.09266662597656,100.01228332519531,100.0228271484375,False,True,True,0.0,0.0,0.0,0.0,KronosPredictor,a7d5f37e2e9fbd9891f7d7d4f72574512dd1f704fee14223e0a8cd0fbf54197c,0b30a443affb03e05a876a083857de9164f899feb7b4d261da02c485c9a3e3b6,20260725,1.0,0.9,1
run2,OHLC,OHLC_0050,5,100.0736083984375,100.0777816772461,100.03015899658203,100.03065490722656,100.0736083984375,100.0777816772461,100.03015899658203,100.03065490722656,False,True,True,0.0,0.0,0.0,0.0,KronosPredictor,a7d5f37e2e9fbd9891f7d7d4f72574512dd1f704fee14223e0a8cd0fbf54197c,0b30a443affb03e05a876a083857de9164f899feb7b4d261da02c485c9a3e3b6,20260725,1.0,0.9,1
run2,OHLC,OHLC_0051,1,99.89507293701172,100.01786041259766,99.9122543334961,99.99189758300781,99.89507293701172,100.01786041259766,99.89507293701172,99.99189758300781,False,True,True,0.0,0.017181396484375,0.017181396484375,0.00017182788705566812,KronosPredictor,a7d5f37e2e9fbd9891f7d7d4f72574512dd1f704fee14223e0a8cd0fbf54197c,0b30a443affb03e05a876a083857de9164f899feb7b4d261da02c485c9a3e3b6,20260725,1.0,0.9,1
run2,OHLC,OHLC_0051,2,99.98292541503906,100.07433319091797,99.85135650634766,99.99139404296875,99.98292541503906,100.07433319091797,99.85135650634766,99.99139404296875,False,True,True,0.0,0.0,0.0,0.0,KronosPredictor,a7d5f37e2e9fbd9891f7d7d4f72574512dd1f704fee14223e0a8cd0fbf54197c,0b30a443affb03e05a876a083857de9164f899feb7b4d261da02c485c9a3e3b6,20260725,1.0,0.9,1
run2,OHLC,OHLC_0051,3,99.99896240234375,100.03401947021484,99.8784408569336,99.98518371582031,99.99896240234375,100.03401947021484,99.8784408569336,99.98518371582031,False,True,True,0.0,0.0,0.0,0.0,KronosPredictor,a7d5f37e2e9fbd9891f7d7d4f72574512dd1f704fee14223e0a8cd0fbf54197c,0b30a443affb03e05a876a083857de9164f899feb7b4d261da02c485c9a3e3b6,20260725,1.0,0.9,1
run2,OHLC,OHLC_0051,4,99.8279037475586,100.05502319335938,99.8605728149414,99.99365234375,99.8279037475586,100.05502319335938,99.8279037475586,99.99365234375,False,True,True,0.0,0.0326690673828125,0.0326690673828125,0.0003267171458136638,KronosPredictor,a7d5f37e2e9fbd9891f7d7d4f72574512dd1f704fee14223e0a8cd0fbf54197c,0b30a443affb03e05a876a083857de9164f899feb7b4d261da02c485c9a3e3b6,20260725,1.0,0.9,1
run2,OHLC,OHLC_0051,5,99.92603302001953,100.03651428222656,99.8921127319336,99.98938751220703,99.92603302001953,100.03651428222656,99.8921127319336,99.98938751220703,False,True,True,0.0,0.0,0.0,0.0,KronosPredictor,a7d5f37e2e9fbd9891f7d7d4f72574512dd1f704fee14223e0a8cd0fbf54197c,0b30a443affb03e05a876a083857de9164f899feb7b4d261da02c485c9a3e3b6,20260725,1.0,0.9,1
run2,OHLC,OHLC_0052,1,100.05261993408203,100.06336975097656,99.96505737304688,99.98458862304688,100.05261993408203,100.06336975097656,99.96505737304688,99.98458862304688,False,True,True,0.0,0.0,0.0,0.0,KronosPredictor,a7d5f37e2e9fbd9891f7d7d4f72574512dd1f704fee14223e0a8cd0fbf54197c,0b30a443affb03e05a876a083857de9164f899feb7b4d261da02c485c9a3e3b6,20260725,1.0,0.9,1
run2,OHLC,OHLC_0052,2,99.92771911621094,99.98826599121094,99.95826721191406,99.98534393310547,99.92771911621094,99.98826599121094,99.92771911621094,99.98534393310547,False,True,True,0.0,0.030548095703125,0.030548095703125,0.0003055280431096711,KronosPredictor,a7d5f37e2e9fbd9891f7d7d4f72574512dd1f704fee14223e0a8cd0fbf54197c,0b30a443affb03e05a876a083857de9164f899feb7b4d261da02c485c9a3e3b6,20260725,1.0,0.9,1
run2,OHLC,OHLC_0052,3,100.06578063964844,100.01358795166016,99.94794464111328,99.97965240478516,100.06578063964844,100.06578063964844,99.94794464111328,99.97965240478516,False,True,True,0.05219268798828125,0.0,0.05219268798828125,0.0005220073283999151,KronosPredictor,a7d5f37e2e9fbd9891f7d7d4f72574512dd1f704fee14223e0a8cd0fbf54197c,0b30a443affb03e05a876a083857de9164f899feb7b4d261da02c485c9a3e3b6,20260725,1.0,0.9,1
run2,OHLC,OHLC_0052,4,99.93195343017578,100.02925109863281,99.90601348876953,99.98240661621094,99.93195343017578,100.02925109863281,99.90601348876953,99.98240661621094,False,True,True,0.0,0.0,0.0,0.0,KronosPredictor,a7d5f37e2e9fbd9891f7d7d4f72574512dd1f704fee14223e0a8cd0fbf54197c,0b30a443affb03e05a876a083857de9164f899feb7b4d261da02c485c9a3e3b6,20260725,1.0,0.9,1
run2,OHLC,OHLC_0052,5,100.03817749023438,100.07673645019531,99.95091247558594,99.98072814941406,100.03817749023438,100.07673645019531,99.95091247558594,99.98072814941406,False,True,True,0.0,0.0,0.0,0.0,KronosPredictor,a7d5f37e2e9fbd9891f7d7d4f72574512dd1f704fee14223e0a8cd0fbf54197c,0b30a443affb03e05a876a083857de9164f899feb7b4d261da02c485c9a3e3b6,20260725,1.0,0.9,1
run2,OHLC,OHLC_0053,1,100.07698822021484,100.10144805908203,99.9643325805664,100.00750732421875,100.07698822021484,100.10144805908203,99.9643325805664,100.00750732421875,False,True,True,0.0,0.0,0.0,0.0,KronosPredictor,a7d5f37e2e9fbd9891f7d7d4f72574512dd1f704fee14223e0a8cd0fbf54197c,0b30a443affb03e05a876a083857de9164f899feb7b4d261da02c485c9a3e3b6,20260725,1.0,0.9,1
run2,OHLC,OHLC_0053,2,100.12693786621094,100.08512115478516,100.02703094482422,100.00787353515625,100.12693786621094,100.12693786621094,100.00787353515625,100.00787353515625,False,True,True,0.04181671142578125,0.01915740966796875,0.06097412109375,0.000609695439124138,KronosPredictor,a7d5f37e2e9fbd9891f7d7d4f72574512dd1f704fee14223e0a8cd0fbf54197c,0b30a443affb03e05a876a083857de9164f899feb7b4d261da02c485c9a3e3b6,20260725,1.0,0.9,1
run2,OHLC,OHLC_0053,3,100.01318359375,100.07483673095703,100.00213623046875,100.01080322265625,100.01318359375,100.07483673095703,100.00213623046875,100.01080322265625,False,True,True,0.0,0.0,0.0,0.0,KronosPredictor,a7d5f37e2e9fbd9891f7d7d4f72574512dd1f704fee14223e0a8cd0fbf54197c,0b30a443affb03e05a876a083857de9164f899feb7b4d261da02c485c9a3e3b6,20260725,1.0,0.9,1
run2,OHLC,OHLC_0053,4,100.06737518310547,100.08824920654297,99.96166229248047,100.0124740600586,100.06737518310547,100.08824920654297,99.96166229248047,100.0124740600586,False,True,True,0.0,0.0,0.0,0.0,KronosPredictor,a7d5f37e2e9fbd9891f7d7d4f72574512dd1f704fee14223e0a8cd0fbf54197c,0b30a443affb03e05a876a083857de9164f899feb7b4d261da02c485c9a3e3b6,20260725,1.0,0.9,1
run2,OHLC,OHLC_0053,5,100.10076904296875,100.08829498291016,100.01541900634766,100.00919342041016,100.10076904296875,100.10076904296875,100.00919342041016,100.00919342041016,False,True,True,0.01247406005859375,0.0062255859375,0.01869964599609375,0.00018698242258424202,KronosPredictor,a7d5f37e2e9fbd9891f7d7d4f72574512dd1f704fee14223e0a8cd0fbf54197c,0b30a443affb03e05a876a083857de9164f899feb7b4d261da02c485c9a3e3b6,20260725,1.0,0.9,1
run2,OHLC,OHLC_0054,1,99.97244262695312,100.03792572021484,99.9643325805664,100.00421142578125,99.97244262695312,100.03792572021484,99.9643325805664,100.00421142578125,False,True,True,0.0,0.0,0.0,0.0,KronosPredictor,a7d5f37e2e9fbd9891f7d7d4f72574512dd1f704fee14223e0a8cd0fbf54197c,0b30a443affb03e05a876a083857de9164f899feb7b4d261da02c485c9a3e3b6,20260725,1.0,0.9,1
run2,OHLC,OHLC_0054,2,99.98297119140625,100.04153442382812,99.98094177246094,100.00479125976562,99.98297119140625,100.04153442382812,99.98094177246094,100.00479125976562,False,True,True,0.0,0.0,0.0,0.0,KronosPredictor,a7d5f37e2e9fbd9891f7d7d4f72574512dd1f704fee14223e0a8cd0fbf54197c,0b30a443affb03e05a876a083857de9164f899feb7b4d261da02c485c9a3e3b6,20260725,1.0,0.9,1
run2,OHLC,OHLC_0054,3,100.03233337402344,100.04105377197266,100.00516510009766,100.00363159179688,100.03233337402344,100.04105377197266,100.00363159179688,100.00363159179688,False,True,True,0.0,0.00153350830078125,0.00153350830078125,1.5334437209370456e-05,KronosPredictor,a7d5f37e2e9fbd9891f7d7d4f72574512dd1f704fee14223e0a8cd0fbf54197c,0b30a443affb03e05a876a083857de9164f899feb7b4d261da02c485c9a3e3b6,20260725,1.0,0.9,1
run2,OHLC,OHLC_0054,4,99.98263549804688,100.06754302978516,99.9370346069336,100.00614929199219,99.98263549804688,100.06754302978516,99.9370346069336,100.00614929199219,False,True,True,0.0,0.0,0.0,0.0,KronosPredictor,a7d5f37e2e9fbd9891f7d7d4f72574512dd1f704fee14223e0a8cd0fbf54197c,0b30a443affb03e05a876a083857de9164f899feb7b4d261da02c485c9a3e3b6,20260725,1.0,0.9,1
run2,OHLC,OHLC_0054,5,99.89376831054688,100.05891418457031,99.91766357421875,100.00846099853516,99.89376831054688,100.05891418457031,99.89376831054688,100.00846099853516,False,True,True,0.0,0.023895263671875,0.023895263671875,0.00023894257382959337,KronosPredictor,a7d5f37e2e9fbd9891f7d7d4f72574512dd1f704fee14223e0a8cd0fbf54197c,0b30a443affb03e05a876a083857de9164f899feb7b4d261da02c485c9a3e3b6,20260725,1.0,0.9,1
run2,OHLC,OHLC_0055,1,99.99559783935547,100.00809478759766,99.99708557128906,100.00808715820312,99.99559783935547,100.00809478759766,99.99559783935547,100.00808715820312,False,True,True,0.0,0.00148773193359375,0.00148773193359375,1.4876116280879385e-05,KronosPredictor,a7d5f37e2e9fbd9891f7d7d4f72574512dd1f704fee14223e0a8cd0fbf54197c,0b30a443affb03e05a876a083857de9164f899feb7b4d261da02c485c9a3e3b6,20260725,1.0,0.9,1
run2,OHLC,OHLC_0055,2,100.11338806152344,100.0690689086914,99.96605682373047,100.0008316040039,100.11338806152344,100.11338806152344,99.96605682373047,100.0008316040039,False,True,True,0.04431915283203125,0.0,0.04431915283203125,0.0004431556896186069,KronosPredictor,a7d5f37e2e9fbd9891f7d7d4f72574512dd1f704fee14223e0a8cd0fbf54197c,0b30a443affb03e05a876a083857de9164f899feb7b4d261da02c485c9a3e3b6,20260725,1.0,0.9,1
run2,OHLC,OHLC_0055,3,100.1326904296875,100.03071594238281,100.07707214355469,100.00481414794922,100.1326904296875,100.1326904296875,100.00481414794922,100.00481414794922,False,True,True,0.1019744873046875,0.07225799560546875,0.17423248291015625,0.0017421839359304744,KronosPredictor,a7d5f37e2e9fbd9891f7d7d4f72574512dd1f704fee14223e0a8cd0fbf54197c,0b30a443affb03e05a876a083857de9164f899feb7b4d261da02c485c9a3e3b6,20260725,1.0,0.9,1
run2,OHLC,OHLC_0055,4,100.02215576171875,100.04940032958984,100.00260162353516,100.00698852539062,100.02215576171875,100.04940032958984,100.00260162353516,100.00698852539062,False,True,True,0.0,0.0,0.0,0.0,KronosPredictor,a7d5f37e2e9fbd9891f7d7d4f72574512dd1f704fee14223e0a8cd0fbf54197c,0b30a443affb03e05a876a083857de9164f899feb7b4d261da02c485c9a3e3b6,20260725,1.0,0.9,1
run2,OHLC,OHLC_0055,5,99.96094512939453,100.07695007324219,99.96632385253906,100.00699615478516,99.96094512939453,100.07695007324219,99.96094512939453,100.00699615478516,False,True,True,0.0,0.00537872314453125,0.00537872314453125,5.378288193856393e-05,KronosPredictor,a7d5f37e2e9fbd9891f7d7d4f72574512dd1f704fee14223e0a8cd0fbf54197c,0b30a443affb03e05a876a083857de9164f899feb7b4d261da02c485c9a3e3b6,20260725,1.0,0.9,1
run2,OHLC,OHLC_0056,1,99.99242401123047,100.0672378540039,99.91832733154297,99.99698638916016,99.99242401123047,100.0672378540039,99.91832733154297,99.99698638916016,False,True,True,0.0,0.0,0.0,0.0,KronosPredictor,a7d5f37e2e9fbd9891f7d7d4f72574512dd1f704fee14223e0a8cd0fbf54197c,0b30a443affb03e05a876a083857de9164f899feb7b4d261da02c485c9a3e3b6,20260725,1.0,0.9,1
run2,OHLC,OHLC_0056,2,100.0781478881836,100.07726287841797,99.91877746582031,99.9998550415039,100.0781478881836,100.0781478881836,99.91877746582031,99.9998550415039,False,True,True,0.000885009765625,0.0,0.000885009765625,8.850364371790075e-06,KronosPredictor,a7d5f37e2e9fbd9891f7d7d4f72574512dd1f704fee14223e0a8cd0fbf54197c,0b30a443affb03e05a876a083857de9164f899feb7b4d261da02c485c9a3e3b6,20260725,1.0,0.9,1
run2,OHLC,OHLC_0056,3,99.93656921386719,100.04084014892578,99.93196868896484,100.00112915039062,99.93656921386719,100.04084014892578,99.93196868896484,100.00112915039062,False,True,True,0.0,0.0,0.0,0.0,KronosPredictor,a7d5f37e2e9fbd9891f7d7d4f72574512dd1f704fee14223e0a8cd0fbf54197c,0b30a443affb03e05a876a083857de9164f899feb7b4d261da02c485c9a3e3b6,20260725,1.0,0.9,1
run2,OHLC,OHLC_0056,4,100.0564956665039,100.0285415649414,99.94282531738281,99.99700164794922,100.0564956665039,100.0564956665039,99.94282531738281,99.99700164794922,False,True,True,0.0279541015625,0.0,0.0279541015625,0.0002795494401572313,KronosPredictor,a7d5f37e2e9fbd9891f7d7d4f72574512dd1f704fee14223e0a8cd0fbf54197c,0b30a443affb03e05a876a083857de9164f899feb7b4d261da02c485c9a3e3b6,20260725,1.0,0.9,1
run2,OHLC,OHLC_0056,5,99.9295425415039,100.04187774658203,99.9234390258789,100.00029754638672,99.9295425415039,100.04187774658203,99.9234390258789,100.00029754638672,False,True,True,0.0,0.0,0.0,0.0,KronosPredictor,a7d5f37e2e9fbd9891f7d7d4f72574512dd1f704fee14223e0a8cd0fbf54197c,0b30a443affb03e05a876a083857de9164f899feb7b4d261da02c485c9a3e3b6,20260725,1.0,0.9,1
run2,OHLC,OHLC_0057,1,99.93254852294922,99.99589538574219,99.86569213867188,99.98683166503906,99.93254852294922,99.99589538574219,99.86569213867188,99.98683166503906,False,True,True,0.0,0.0,0.0,0.0,KronosPredictor,a7d5f37e2e9fbd9891f7d7d4f72574512dd1f704fee14223e0a8cd0fbf54197c,0b30a443affb03e05a876a083857de9164f899feb7b4d261da02c485c9a3e3b6,20260725,1.0,0.9,1
run2,OHLC,OHLC_0057,2,99.92117309570312,99.95735168457031,99.84529113769531,99.98480224609375,99.92117309570312,99.98480224609375,99.84529113769531,99.98480224609375,False,True,True,0.0274505615234375,0.0,0.0274505615234375,0.00027454176781396844,KronosPredictor,a7d5f37e2e9fbd9891f7d7d4f72574512dd1f704fee14223e0a8cd0fbf54197c,0b30a443affb03e05a876a083857de9164f899feb7b4d261da02c485c9a3e3b6,20260725,1.0,0.9,1
run2,OHLC,OHLC_0057,3,99.8326187133789,99.96979522705078,99.85931396484375,99.99087524414062,99.8326187133789,99.99087524414062,99.8326187133789,99.99087524414062,False,True,True,0.02108001708984375,0.02669525146484375,0.0477752685546875,0.00047781560590635637,KronosPredictor,a7d5f37e2e9fbd9891f7d7d4f72574512dd1f704fee14223e0a8cd0fbf54197c,0b30a443affb03e05a876a083857de9164f899feb7b4d261da02c485c9a3e3b6,20260725,1.0,0.9,1
run2,OHLC,OHLC_0057,4,99.88961029052734,100.04623413085938,99.87830352783203,99.99373626708984,99.88961029052734,100.04623413085938,99.87830352783203,99.99373626708984,False,True,True,0.0,0.0,0.0,0.0,KronosPredictor,a7d5f37e2e9fbd9891f7d7d4f72574512dd1f704fee14223e0a8cd0fbf54197c,0b30a443affb03e05a876a083857de9164f899feb7b4d261da02c485c9a3e3b6,20260725,1.0,0.9,1
run2,OHLC,OHLC_0057,5,99.91240692138672,100.01232147216797,99.87000274658203,99.99182891845703,99.91240692138672,100.01232147216797,99.87000274658203,99.99182891845703,False,True,True,0.0,0.0,0.0,0.0,KronosPredictor,a7d5f37e2e9fbd9891f7d7d4f72574512dd1f704fee14223e0a8cd0fbf54197c,0b30a443affb03e05a876a083857de9164f899feb7b4d261da02c485c9a3e3b6,20260725,1.0,0.9,1
run2,OHLC,OHLC_0058,1,100.13690948486328,100.14122772216797,100.01313781738281,100.01683807373047,100.13690948486328,100.14122772216797,100.01313781738281,100.01683807373047,False,True,True,0.0,0.0,0.0,0.0,KronosPredictor,a7d5f37e2e9fbd9891f7d7d4f72574512dd1f704fee14223e0a8cd0fbf54197c,0b30a443affb03e05a876a083857de9164f899feb7b4d261da02c485c9a3e3b6,20260725,1.0,0.9,1
run2,OHLC,OHLC_0058,2,100.08512878417969,100.14546203613281,100.0151596069336,100.0234375,100.08512878417969,100.14546203613281,100.0151596069336,100.0234375,False,True,True,0.0,0.0,0.0,0.0,KronosPredictor,a7d5f37e2e9fbd9891f7d7d4f72574512dd1f704fee14223e0a8cd0fbf54197c,0b30a443affb03e05a876a083857de9164f899feb7b4d261da02c485c9a3e3b6,20260725,1.0,0.9,1
run2,OHLC,OHLC_0058,3,100.19805908203125,100.1603775024414,100.02110290527344,100.01483154296875,100.19805908203125,100.19805908203125,100.01483154296875,100.01483154296875,False,True,True,0.03768157958984375,0.0062713623046875,0.04395294189453125,0.0004394554231171555,KronosPredictor,a7d5f37e2e9fbd9891f7d7d4f72574512dd1f704fee14223e0a8cd0fbf54197c,0b30a443affb03e05a876a083857de9164f899feb7b4d261da02c485c9a3e3b6,20260725,1.0,0.9,1
run2,OHLC,OHLC_0058,4,100.09528350830078,100.14537048339844,100.00831604003906,100.02091979980469,100.09528350830078,100.14537048339844,100.00831604003906,100.02091979980469,False,True,True,0.0,0.0,0.0,0.0,KronosPredictor,a7d5f37e2e9fbd9891f7d7d4f72574512dd1f704fee14223e0a8cd0fbf54197c,0b30a443affb03e05a876a083857de9164f899feb7b4d261da02c485c9a3e3b6,20260725,1.0,0.9,1
run2,OHLC,OHLC_0058,5,100.14950561523438,100.14546966552734,100.009765625,100.01693725585938,100.14950561523438,100.14950561523438,100.009765625,100.01693725585938,False,True,True,0.00403594970703125,0.0,0.00403594970703125,4.035270245252131e-05,KronosPredictor,a7d5f37e2e9fbd9891f7d7d4f72574512dd1f704fee14223e0a8cd0fbf54197c,0b30a443affb03e05a876a083857de9164f899feb7b4d261da02c485c9a3e3b6,20260725,1.0,0.9,1
run2,OHLC,OHLC_0059,1,99.9628677368164,100.00350189208984,99.95245361328125,99.99098205566406,99.9628677368164,100.00350189208984,99.95245361328125,99.99098205566406,True,True,False,0.0,0.0,0.0,0.0,KronosPredictor,a7d5f37e2e9fbd9891f7d7d4f72574512dd1f704fee14223e0a8cd0fbf54197c,0b30a443affb03e05a876a083857de9164f899feb7b4d261da02c485c9a3e3b6,20260725,1.0,0.9,1
run2,OHLC,OHLC_0059,2,99.96715545654297,100.01102447509766,99.86029052734375,99.98387145996094,99.96715545654297,100.01102447509766,99.86029052734375,99.98387145996094,True,True,False,0.0,0.0,0.0,0.0,KronosPredictor,a7d5f37e2e9fbd9891f7d7d4f72574512dd1f704fee14223e0a8cd0fbf54197c,0b30a443affb03e05a876a083857de9164f899feb7b4d261da02c485c9a3e3b6,20260725,1.0,0.9,1
run2,OHLC,OHLC_0059,3,99.97350311279297,100.01226043701172,99.8956527709961,99.98687744140625,99.97350311279297,100.01226043701172,99.8956527709961,99.98687744140625,True,True,False,0.0,0.0,0.0,0.0,KronosPredictor,a7d5f37e2e9fbd9891f7d7d4f72574512dd1f704fee14223e0a8cd0fbf54197c,0b30a443affb03e05a876a083857de9164f899feb7b4d261da02c485c9a3e3b6,20260725,1.0,0.9,1
run2,OHLC,OHLC_0059,4,99.95610809326172,100.02871704101562,99.90373992919922,99.9874038696289,99.95610809326172,100.02871704101562,99.90373992919922,99.9874038696289,True,True,False,0.0,0.0,0.0,0.0,KronosPredictor,a7d5f37e2e9fbd9891f7d7d4f72574512dd1f704fee14223e0a8cd0fbf54197c,0b30a443affb03e05a876a083857de9164f899feb7b4d261da02c485c9a3e3b6,20260725,1.0,0.9,1
run2,OHLC,OHLC_0059,5,99.89083862304688,100.03837585449219,99.884033203125,99.99732208251953,99.89083862304688,100.03837585449219,99.884033203125,99.99732208251953,True,True,False,0.0,0.0,0.0,0.0,KronosPredictor,a7d5f37e2e9fbd9891f7d7d4f72574512dd1f704fee14223e0a8cd0fbf54197c,0b30a443affb03e05a876a083857de9164f899feb7b4d261da02c485c9a3e3b6,20260725,1.0,0.9,1
run2,OHLC,OHLC_0060,1,99.98865509033203,100.06766510009766,99.98994445800781,100.00851440429688,99.98865509033203,100.06766510009766,99.98865509033203,100.00851440429688,False,True,True,0.0,0.00128936767578125,0.00128936767578125,1.2892579031509463e-05,KronosPredictor,a7d5f37e2e9fbd9891f7d7d4f72574512dd1f704fee14223e0a8cd0fbf54197c,0b30a443affb03e05a876a083857de9164f899feb7b4d261da02c485c9a3e3b6,20260725,1.0,0.9,1
run2,OHLC,OHLC_0060,2,100.21112823486328,100.07740020751953,100.11046600341797,100.00711059570312,100.21112823486328,100.21112823486328,100.00711059570312,100.00711059570312,False,True,True,0.13372802734375,0.10335540771484375,0.23708343505859375,0.002370632505350039,KronosPredictor,a7d5f37e2e9fbd9891f7d7d4f72574512dd1f704fee14223e0a8cd0fbf54197c,0b30a443affb03e05a876a083857de9164f899feb7b4d261da02c485c9a3e3b6,20260725,1.0,0.9,1
run2,OHLC,OHLC_0060,3,100.06563568115234,100.07609558105469,99.99677276611328,100.00601196289062,100.06563568115234,100.07609558105469,99.99677276611328,100.00601196289062,False,True,True,0.0,0.0,0.0,0.0,KronosPredictor,a7d5f37e2e9fbd9891f7d7d4f72574512dd1f704fee14223e0a8cd0fbf54197c,0b30a443affb03e05a876a083857de9164f899feb7b4d261da02c485c9a3e3b6,20260725,1.0,0.9,1
run2,OHLC,OHLC_0060,4,100.0201416015625,100.1585693359375,99.94871520996094,100.00829315185547,100.0201416015625,100.1585693359375,99.94871520996094,100.00829315185547,False,True,True,0.0,0.0,0.0,0.0,KronosPredictor,a7d5f37e2e9fbd9891f7d7d4f72574512dd1f704fee14223e0a8cd0fbf54197c,0b30a443affb03e05a876a083857de9164f899feb7b4d261da02c485c9a3e3b6,20260725,1.0,0.9,1
run2,OHLC,OHLC_0060,5,100.09778594970703,100.25215148925781,99.98632049560547,100.00601959228516,100.09778594970703,100.25215148925781,99.98632049560547,100.00601959228516,False,True,True,0.0,0.0,0.0,0.0,KronosPredictor,a7d5f37e2e9fbd9891f7d7d4f72574512dd1f704fee14223e0a8cd0fbf54197c,0b30a443affb03e05a876a083857de9164f899feb7b4d261da02c485c9a3e3b6,20260725,1.0,0.9,1
run2,OHLC,OHLC_0061,1,100.07439422607422,100.01956176757812,100.01846313476562,99.99824523925781,100.07439422607422,100.07439422607422,99.99824523925781,99.99824523925781,False,True,True,0.05483245849609375,0.0202178955078125,0.07505035400390625,0.0007505167098116498,KronosPredictor,a7d5f37e2e9fbd9891f7d7d4f72574512dd1f704fee14223e0a8cd0fbf54197c,0b30a443affb03e05a876a083857de9164f899feb7b4d261da02c485c9a3e3b6,20260725,1.0,0.9,1
run2,OHLC,OHLC_0061,2,99.98027038574219,100.03386688232422,99.97999572753906,100.00071716308594,99.98027038574219,100.03386688232422,99.97999572753906,100.00071716308594,False,True,True,0.0,0.0,0.0,0.0,KronosPredictor,a7d5f37e2e9fbd9891f7d7d4f72574512dd1f704fee14223e0a8cd0fbf54197c,0b30a443affb03e05a876a083857de9164f899feb7b4d261da02c485c9a3e3b6,20260725,1.0,0.9,1
run2,OHLC,OHLC_0061,3,99.95146179199219,100.04656982421875,99.94638061523438,100.00148010253906,99.95146179199219,100.04656982421875,99.94638061523438,100.00148010253906,False,True,True,0.0,0.0,0.0,0.0,KronosPredictor,a7d5f37e2e9fbd9891f7d7d4f72574512dd1f704fee14223e0a8cd0fbf54197c,0b30a443affb03e05a876a083857de9164f899feb7b4d261da02c485c9a3e3b6,20260725,1.0,0.9,1
run2,OHLC,OHLC_0061,4,100.13813018798828,100.09298706054688,99.9462661743164,99.99492645263672,100.13813018798828,100.13813018798828,99.9462661743164,99.99492645263672,False,True,True,0.04514312744140625,0.0,0.04514312744140625,0.00045143919609185037,KronosPredictor,a7d5f37e2e9fbd9891f7d7d4f72574512dd1f704fee14223e0a8cd0fbf54197c,0b30a443affb03e05a876a083857de9164f899feb7b4d261da02c485c9a3e3b6,20260725,1.0,0.9,1
run2,OHLC,OHLC_0061,5,99.94966125488281,100.04597473144531,99.94888305664062,100.00109100341797,99.94966125488281,100.04597473144531,99.94888305664062,100.00109100341797,False,True,True,0.0,0.0,0.0,0.0,KronosPredictor,a7d5f37e2e9fbd9891f7d7d4f72574512dd1f704fee14223e0a8cd0fbf54197c,0b30a443affb03e05a876a083857de9164f899feb7b4d261da02c485c9a3e3b6,20260725,1.0,0.9,1
run2,OHLC,OHLC_0062,1,100.08087158203125,100.05496978759766,99.94921112060547,99.98641967773438,100.08087158203125,100.08087158203125,99.94921112060547,99.98641967773438,False,True,True,0.02590179443359375,0.0,0.02590179443359375,0.0002590531245850953,KronosPredictor,a7d5f37e2e9fbd9891f7d7d4f72574512dd1f704fee14223e0a8cd0fbf54197c,0b30a443affb03e05a876a083857de9164f899feb7b4d261da02c485c9a3e3b6,20260725,1.0,0.9,1
run2,OHLC,OHLC_0062,2,99.99591827392578,100.04288482666016,99.9625244140625,99.98973083496094,99.99591827392578,100.04288482666016,99.9625244140625,99.98973083496094,False,True,True,0.0,0.0,0.0,0.0,KronosPredictor,a7d5f37e2e9fbd9891f7d7d4f72574512dd1f704fee14223e0a8cd0fbf54197c,0b30a443affb03e05a876a083857de9164f899feb7b4d261da02c485c9a3e3b6,20260725,1.0,0.9,1
run2,OHLC,OHLC_0062,3,100.07884979248047,100.05091094970703,100.0225601196289,99.99057006835938,100.07884979248047,100.07884979248047,99.99057006835938,99.99057006835938,False,True,True,0.0279388427734375,0.03199005126953125,0.05992889404296875,0.0005993703368529967,KronosPredictor,a7d5f37e2e9fbd9891f7d7d4f72574512dd1f704fee14223e0a8cd0fbf54197c,0b30a443affb03e05a876a083857de9164f899feb7b4d261da02c485c9a3e3b6,20260725,1.0,0.9,1
run2,OHLC,OHLC_0062,4,99.96192932128906,100.0384750366211,99.9754638671875,99.99163818359375,99.96192932128906,100.0384750366211,99.96192932128906,99.99163818359375,False,True,True,0.0,0.0135345458984375,0.0135345458984375,0.0001353638418303267,KronosPredictor,a7d5f37e2e9fbd9891f7d7d4f72574512dd1f704fee14223e0a8cd0fbf54197c,0b30a443affb03e05a876a083857de9164f899feb7b4d261da02c485c9a3e3b6,20260725,1.0,0.9,1
run2,OHLC,OHLC_0062,5,100.11622619628906,100.03409576416016,99.94268798828125,99.98591613769531,100.11622619628906,100.11622619628906,99.94268798828125,99.98591613769531,False,True,True,0.08213043212890625,0.0,0.08213043212890625,0.0008214158722116498,KronosPredictor,a7d5f37e2e9fbd9891f7d7d4f72574512dd1f704fee14223e0a8cd0fbf54197c,0b30a443affb03e05a876a083857de9164f899feb7b4d261da02c485c9a3e3b6,20260725,1.0,0.9,1
run2,OHLC,OHLC_0063,1,100.05455780029297,100.02047729492188,100.0301513671875,100.015625,100.05455780029297,100.05455780029297,100.015625,100.015625,False,True,True,0.03408050537109375,0.0145263671875,0.04860687255859375,0.000485992789212623,KronosPredictor,a7d5f37e2e9fbd9891f7d7d4f72574512dd1f704fee14223e0a8cd0fbf54197c,0b30a443affb03e05a876a083857de9164f899feb7b4d261da02c485c9a3e3b6,20260725,1.0,0.9,1
run2,OHLC,OHLC_0063,2,100.11526489257812,100.10585021972656,99.97191619873047,100.0086669921875,100.11526489257812,100.11526489257812,99.97191619873047,100.0086669921875,False,True,True,0.0094146728515625,0.0,0.0094146728515625,9.413202038743946e-05,KronosPredictor,a7d5f37e2e9fbd9891f7d7d4f72574512dd1f704fee14223e0a8cd0fbf54197c,0b30a443affb03e05a876a083857de9164f899feb7b4d261da02c485c9a3e3b6,20260725,1.0,0.9,1
run2,OHLC,OHLC_0063,3,99.9764633178711,100.16170501708984,99.95442199707031,100.01405334472656,99.9764633178711,100.16170501708984,99.95442199707031,100.01405334472656,False,True,True,0.0,0.0,0.0,0.0,KronosPredictor,a7d5f37e2e9fbd9891f7d7d4f72574512dd1f704fee14223e0a8cd0fbf54197c,0b30a443affb03e05a876a083857de9164f899feb7b4d261da02c485c9a3e3b6,20260725,1.0,0.9,1
run2,OHLC,OHLC_0063,4,99.94358825683594,100.1289291381836,99.94493865966797,100.01884460449219,99.94358825683594,100.1289291381836,99.94358825683594,100.01884460449219,False,True,True,0.0,0.00135040283203125,0.00135040283203125,1.3501918645524137e-05,KronosPredictor,a7d5f37e2e9fbd9891f7d7d4f72574512dd1f704fee14223e0a8cd0fbf54197c,0b30a443affb03e05a876a083857de9164f899feb7b4d261da02c485c9a3e3b6,20260725,1.0,0.9,1
run2,OHLC,OHLC_0063,5,100.03307342529297,100.08545684814453,99.9708251953125,100.01847839355469,100.03307342529297,100.08545684814453,99.9708251953125,100.01847839355469,False,True,True,0.0,0.0,0.0,0.0,KronosPredictor,a7d5f37e2e9fbd9891f7d7d4f72574512dd1f704fee14223e0a8cd0fbf54197c,0b30a443affb03e05a876a083857de9164f899feb7b4d261da02c485c9a3e3b6,20260725,1.0,0.9,1
run2,OHLC,OHLC_0064,1,99.99234771728516,100.01805877685547,99.94497680664062,99.98934936523438,99.99234771728516,100.01805877685547,99.94497680664062,99.98934936523438,False,True,True,0.0,0.0,0.0,0.0,KronosPredictor,a7d5f37e2e9fbd9891f7d7d4f72574512dd1f704fee14223e0a8cd0fbf54197c,0b30a443affb03e05a876a083857de9164f899feb7b4d261da02c485c9a3e3b6,20260725,1.0,0.9,1
run2,OHLC,OHLC_0064,2,99.9612808227539,100.02693939208984,99.89575958251953,99.98731231689453,99.9612808227539,100.02693939208984,99.89575958251953,99.98731231689453,False,True,True,0.0,0.0,0.0,0.0,KronosPredictor,a7d5f37e2e9fbd9891f7d7d4f72574512dd1f704fee14223e0a8cd0fbf54197c,0b30a443affb03e05a876a083857de9164f899feb7b4d261da02c485c9a3e3b6,20260725,1.0,0.9,1
run2,OHLC,OHLC_0064,3,99.94136810302734,99.965087890625,99.91304016113281,99.98448944091797,99.94136810302734,99.98448944091797,99.91304016113281,99.98448944091797,False,True,True,0.01940155029296875,0.0,0.01940155029296875,0.00019403616901336233,KronosPredictor,a7d5f37e2e9fbd9891f7d7d4f72574512dd1f704fee14223e0a8cd0fbf54197c,0b30a443affb03e05a876a083857de9164f899feb7b4d261da02c485c9a3e3b6,20260725,1.0,0.9,1
run2,OHLC,OHLC_0064,4,100.00845336914062,100.06267547607422,99.897705078125,99.98486328125,100.00845336914062,100.06267547607422,99.897705078125,99.98486328125,False,True,True,0.0,0.0,0.0,0.0,KronosPredictor,a7d5f37e2e9fbd9891f7d7d4f72574512dd1f704fee14223e0a8cd0fbf54197c,0b30a443affb03e05a876a083857de9164f899feb7b4d261da02c485c9a3e3b6,20260725,1.0,0.9,1
run2,OHLC,OHLC_0064,5,99.85611724853516,100.0069580078125,99.8884506225586,99.98650360107422,99.85611724853516,100.0069580078125,99.85611724853516,99.98650360107422,False,True,True,0.0,0.0323333740234375,0.0323333740234375,0.0003233681809982814,KronosPredictor,a7d5f37e2e9fbd9891f7d7d4f72574512dd1f704fee14223e0a8cd0fbf54197c,0b30a443affb03e05a876a083857de9164f899feb7b4d261da02c485c9a3e3b6,20260725,1.0,0.9,1
run2,OHLC,OHLC_0065,1,100.14334106445312,100.12222290039062,100.0306167602539,100.01570129394531,100.14334106445312,100.14334106445312,100.01570129394531,100.01570129394531,False,True,True,0.0211181640625,0.01491546630859375,0.03603363037109375,0.00036027973513069923,KronosPredictor,a7d5f37e2e9fbd9891f7d7d4f72574512dd1f704fee14223e0a8cd0fbf54197c,0b30a443affb03e05a876a083857de9164f899feb7b4d261da02c485c9a3e3b6,20260725,1.0,0.9,1
run2,OHLC,OHLC_0065,2,100.07295989990234,100.1098861694336,100.02537536621094,100.01647186279297,100.07295989990234,100.1098861694336,100.01647186279297,100.01647186279297,False,True,True,0.0,0.00890350341796875,0.00890350341796875,8.902105672189838e-05,KronosPredictor,a7d5f37e2e9fbd9891f7d7d4f72574512dd1f704fee14223e0a8cd0fbf54197c,0b30a443affb03e05a876a083857de9164f899feb7b4d261da02c485c9a3e3b6,20260725,1.0,0.9,1
run2,OHLC,OHLC_0065,3,100.06787872314453,100.05030059814453,100.0141830444336,100.01130676269531,100.06787872314453,100.06787872314453,100.01130676269531,100.01130676269531,False,True,True,0.017578125,0.00287628173828125,0.02045440673828125,0.0002045119563593912,KronosPredictor,a7d5f37e2e9fbd9891f7d7d4f72574512dd1f704fee14223e0a8cd0fbf54197c,0b30a443affb03e05a876a083857de9164f899feb7b4d261da02c485c9a3e3b6,20260725,1.0,0.9,1
run2,OHLC,OHLC_0065,4,100.04591369628906,100.13325500488281,99.94374084472656,100.01380920410156,100.04591369628906,100.13325500488281,99.94374084472656,100.01380920410156,False,True,True,0.0,0.0,0.0,0.0,KronosPredictor,a7d5f37e2e9fbd9891f7d7d4f72574512dd1f704fee14223e0a8cd0fbf54197c,0b30a443affb03e05a876a083857de9164f899feb7b4d261da02c485c9a3e3b6,20260725,1.0,0.9,1
run2,OHLC,OHLC_0065,5,99.99742889404297,100.08354187011719,99.96171569824219,100.0137710571289,99.99742889404297,100.08354187011719,99.96171569824219,100.0137710571289,False,True,True,0.0,0.0,0.0,0.0,KronosPredictor,a7d5f37e2e9fbd9891f7d7d4f72574512dd1f704fee14223e0a8cd0fbf54197c,0b30a443affb03e05a876a083857de9164f899feb7b4d261da02c485c9a3e3b6,20260725,1.0,0.9,1
run2,OHLC,OHLC_0066,1,100.12918853759766,100.10096740722656,100.02983093261719,100.00430297851562,100.12918853759766,100.12918853759766,100.00430297851562,100.00430297851562,False,True,True,0.02822113037109375,0.0255279541015625,0.05374908447265625,0.0005374677176061455,KronosPredictor,a7d5f37e2e9fbd9891f7d7d4f72574512dd1f704fee14223e0a8cd0fbf54197c,0b30a443affb03e05a876a083857de9164f899feb7b4d261da02c485c9a3e3b6,20260725,1.0,0.9,1
run2,OHLC,OHLC_0066,2,99.99696350097656,100.01451110839844,99.98052978515625,100.00130462646484,99.99696350097656,100.01451110839844,99.98052978515625,100.00130462646484,False,True,True,0.0,0.0,0.0,0.0,KronosPredictor,a7d5f37e2e9fbd9891f7d7d4f72574512dd1f704fee14223e0a8cd0fbf54197c,0b30a443affb03e05a876a083857de9164f899feb7b4d261da02c485c9a3e3b6,20260725,1.0,0.9,1
run2,OHLC,OHLC_0066,3,100.08417510986328,100.03334045410156,99.9404296875,99.99479675292969,100.08417510986328,100.08417510986328,99.9404296875,99.99479675292969,False,True,True,0.05083465576171875,0.0,0.05083465576171875,0.0005083246845152231,KronosPredictor,a7d5f37e2e9fbd9891f7d7d4f72574512dd1f704fee14223e0a8cd0fbf54197c,0b30a443affb03e05a876a083857de9164f899feb7b4d261da02c485c9a3e3b6,20260725,1.0,0.9,1
run2,OHLC,OHLC_0066,4,99.8549575805664,99.9718246459961,99.91499328613281,100.00079345703125,99.8549575805664,100.00079345703125,99.8549575805664,100.00079345703125,False,True,True,0.02896881103515625,0.06003570556640625,0.0890045166015625,0.0008900068692112552,KronosPredictor,a7d5f37e2e9fbd9891f7d7d4f72574512dd1f704fee14223e0a8cd0fbf54197c,0b30a443affb03e05a876a083857de9164f899feb7b4d261da02c485c9a3e3b6,20260725,1.0,0.9,1
run2,OHLC,OHLC_0066,5,100.03865051269531,100.01876068115234,100.0143051147461,100.0005111694336,100.03865051269531,100.03865051269531,100.0005111694336,100.0005111694336,False,True,True,0.01988983154296875,0.0137939453125,0.03368377685546875,0.0003368232751215234,KronosPredictor,a7d5f37e2e9fbd9891f7d7d4f72574512dd1f704fee14223e0a8cd0fbf54197c,0b30a443affb03e05a876a083857de9164f899feb7b4d261da02c485c9a3e3b6,20260725,1.0,0.9,1
run2,OHLC,OHLC_0067,1,99.8586196899414,99.97750091552734,99.88191223144531,99.9928207397461,99.8586196899414,99.9928207397461,99.8586196899414,99.9928207397461,False,True,True,0.01531982421875,0.02329254150390625,0.03861236572265625,0.00038615138003910955,KronosPredictor,a7d5f37e2e9fbd9891f7d7d4f72574512dd1f704fee14223e0a8cd0fbf54197c,0b30a443affb03e05a876a083857de9164f899feb7b4d261da02c485c9a3e3b6,20260725,1.0,0.9,1
run2,OHLC,OHLC_0067,2,99.9997329711914,100.05510711669922,99.876220703125,99.9933853149414,99.9997329711914,100.05510711669922,99.876220703125,99.9933853149414,False,True,True,0.0,0.0,0.0,0.0,KronosPredictor,a7d5f37e2e9fbd9891f7d7d4f72574512dd1f704fee14223e0a8cd0fbf54197c,0b30a443affb03e05a876a083857de9164f899feb7b4d261da02c485c9a3e3b6,20260725,1.0,0.9,1
run2,OHLC,OHLC_0067,3,99.76687622070312,100.04954528808594,99.82606506347656,100.00050354003906,99.76687622070312,100.04954528808594,99.76687622070312,100.00050354003906,False,True,True,0.0,0.0591888427734375,0.0591888427734375,0.000591930923995932,KronosPredictor,a7d5f37e2e9fbd9891f7d7d4f72574512dd1f704fee14223e0a8cd0fbf54197c,0b30a443affb03e05a876a083857de9164f899feb7b4d261da02c485c9a3e3b6,20260725,1.0,0.9,1
run2,OHLC,OHLC_0067,4,100.081787109375,100.07952880859375,99.88670349121094,99.9928207397461,100.081787109375,100.081787109375,99.88670349121094,99.9928207397461,False,True,True,0.00225830078125,0.0,0.00225830078125,2.2584629221809214e-05,KronosPredictor,a7d5f37e2e9fbd9891f7d7d4f72574512dd1f704fee14223e0a8cd0fbf54197c,0b30a443affb03e05a876a083857de9164f899feb7b4d261da02c485c9a3e3b6,20260725,1.0,0.9,1
run2,OHLC,OHLC_0067,5,99.90345764160156,99.99414825439453,99.91072082519531,99.99412536621094,99.90345764160156,99.99414825439453,99.90345764160156,99.99412536621094,False,True,True,0.0,0.00726318359375,0.00726318359375,7.263705074041342e-05,KronosPredictor,a7d5f37e2e9fbd9891f7d7d4f72574512dd1f704fee14223e0a8cd0fbf54197c,0b30a443affb03e05a876a083857de9164f899feb7b4d261da02c485c9a3e3b6,20260725,1.0,0.9,1
run2,OHLC,OHLC_0068,1,99.9625015258789,100.05463409423828,99.93611145019531,99.99162292480469,99.9625015258789,100.05463409423828,99.93611145019531,99.99162292480469,False,True,True,0.0,0.0,0.0,0.0,KronosPredictor,a7d5f37e2e9fbd9891f7d7d4f72574512dd1f704fee14223e0a8cd0fbf54197c,0b30a443affb03e05a876a083857de9164f899feb7b4d261da02c485c9a3e3b6,20260725,1.0,0.9,1
run2,OHLC,OHLC_0068,2,99.98336029052734,100.05357360839844,99.94871520996094,99.98966217041016,99.98336029052734,100.05357360839844,99.94871520996094,99.98966217041016,False,True,True,0.0,0.0,0.0,0.0,KronosPredictor,a7d5f37e2e9fbd9891f7d7d4f72574512dd1f704fee14223e0a8cd0fbf54197c,0b30a443affb03e05a876a083857de9164f899feb7b4d261da02c485c9a3e3b6,20260725,1.0,0.9,1
run2,OHLC,OHLC_0068,3,100.02867126464844,100.07595825195312,99.94010925292969,99.9894027709961,100.02867126464844,100.07595825195312,99.94010925292969,99.9894027709961,False,True,True,0.0,0.0,0.0,0.0,KronosPredictor,a7d5f37e2e9fbd9891f7d7d4f72574512dd1f704fee14223e0a8cd0fbf54197c,0b30a443affb03e05a876a083857de9164f899feb7b4d261da02c485c9a3e3b6,20260725,1.0,0.9,1
run2,OHLC,OHLC_0068,4,100.07655334472656,100.0660400390625,99.98928833007812,99.98973846435547,100.07655334472656,100.07655334472656,99.98928833007812,99.98973846435547,False,True,True,0.0105133056640625,0.0,0.0105133056640625,0.00010514186445367203,KronosPredictor,a7d5f37e2e9fbd9891f7d7d4f72574512dd1f704fee14223e0a8cd0fbf54197c,0b30a443affb03e05a876a083857de9164f899feb7b4d261da02c485c9a3e3b6,20260725,1.0,0.9,1
run2,OHLC,OHLC_0068,5,100.01012420654297,100.06263732910156,99.97726440429688,99.99067687988281,100.01012420654297,100.06263732910156,99.97726440429688,99.99067687988281,False,True,True,0.0,0.0,0.0,0.0,KronosPredictor,a7d5f37e2e9fbd9891f7d7d4f72574512dd1f704fee14223e0a8cd0fbf54197c,0b30a443affb03e05a876a083857de9164f899feb7b4d261da02c485c9a3e3b6,20260725,1.0,0.9,1
run2,OHLC,OHLC_0069,1,100.02942657470703,99.99851989746094,99.9742202758789,99.9922866821289,100.02942657470703,100.02942657470703,99.9742202758789,99.9922866821289,False,True,True,0.03090667724609375,0.0,0.03090667724609375,0.00030909061360247437,KronosPredictor,a7d5f37e2e9fbd9891f7d7d4f72574512dd1f704fee14223e0a8cd0fbf54197c,0b30a443affb03e05a876a083857de9164f899feb7b4d261da02c485c9a3e3b6,20260725,1.0,0.9,1
run2,OHLC,OHLC_0069,2,99.96336364746094,100.02537536621094,99.91570281982422,99.99211120605469,99.96336364746094,100.02537536621094,99.91570281982422,99.99211120605469,False,True,True,0.0,0.0,0.0,0.0,KronosPredictor,a7d5f37e2e9fbd9891f7d7d4f72574512dd1f704fee14223e0a8cd0fbf54197c,0b30a443affb03e05a876a083857de9164f899feb7b4d261da02c485c9a3e3b6,20260725,1.0,0.9,1
run2,OHLC,OHLC_0069,3,99.93733215332031,100.0316162109375,99.92342376708984,99.99738311767578,99.93733215332031,100.0316162109375,99.92342376708984,99.99738311767578,False,True,True,0.0,0.0,0.0,0.0,KronosPredictor,a7d5f37e2e9fbd9891f7d7d4f72574512dd1f704fee14223e0a8cd0fbf54197c,0b30a443affb03e05a876a083857de9164f899feb7b4d261da02c485c9a3e3b6,20260725,1.0,0.9,1
run2,OHLC,OHLC_0069,4,99.98455047607422,100.01399230957031,99.92940521240234,99.99372100830078,99.98455047607422,100.01399230957031,99.92940521240234,99.99372100830078,False,True,True,0.0,0.0,0.0,0.0,KronosPredictor,a7d5f37e2e9fbd9891f7d7d4f72574512dd1f704fee14223e0a8cd0fbf54197c,0b30a443affb03e05a876a083857de9164f899feb7b4d261da02c485c9a3e3b6,20260725,1.0,0.9,1
run2,OHLC,OHLC_0069,5,99.93045806884766,100.0312271118164,99.92987823486328,99.99928283691406,99.93045806884766,100.0312271118164,99.92987823486328,99.99928283691406,False,True,True,0.0,0.0,0.0,0.0,KronosPredictor,a7d5f37e2e9fbd9891f7d7d4f72574512dd1f704fee14223e0a8cd0fbf54197c,0b30a443affb03e05a876a083857de9164f899feb7b4d261da02c485c9a3e3b6,20260725,1.0,0.9,1
run2,OHLC,OHLC_0070,1,100.01934051513672,100.00448608398438,99.94496154785156,99.99678802490234,100.01934051513672,100.01934051513672,99.94496154785156,99.99678802490234,False,True,True,0.01485443115234375,0.0,0.01485443115234375,0.0001485490828829875,KronosPredictor,a7d5f37e2e9fbd9891f7d7d4f72574512dd1f704fee14223e0a8cd0fbf54197c,0b30a443affb03e05a876a083857de9164f899feb7b4d261da02c485c9a3e3b6,20260725,1.0,0.9,1
run2,OHLC,OHLC_0070,2,99.94458770751953,100.14454650878906,99.906494140625,99.99623107910156,99.94458770751953,100.14454650878906,99.906494140625,99.99623107910156,False,True,True,0.0,0.0,0.0,0.0,KronosPredictor,a7d5f37e2e9fbd9891f7d7d4f72574512dd1f704fee14223e0a8cd0fbf54197c,0b30a443affb03e05a876a083857de9164f899feb7b4d261da02c485c9a3e3b6,20260725,1.0,0.9,1
run2,OHLC,OHLC_0070,3,99.95497131347656,100.1264419555664,99.926025390625,99.9971923828125,99.95497131347656,100.1264419555664,99.926025390625,99.9971923828125,False,True,True,0.0,0.0,0.0,0.0,KronosPredictor,a7d5f37e2e9fbd9891f7d7d4f72574512dd1f704fee14223e0a8cd0fbf54197c,0b30a443affb03e05a876a083857de9164f899feb7b4d261da02c485c9a3e3b6,20260725,1.0,0.9,1
run2,OHLC,OHLC_0070,4,99.96591186523438,100.05561065673828,99.93714904785156,100.0018081665039,99.96591186523438,100.05561065673828,99.93714904785156,100.0018081665039,False,True,True,0.0,0.0,0.0,0.0,KronosPredictor,a7d5f37e2e9fbd9891f7d7d4f72574512dd1f704fee14223e0a8cd0fbf54197c,0b30a443affb03e05a876a083857de9164f899feb7b4d261da02c485c9a3e3b6,20260725,1.0,0.9,1
run2,OHLC,OHLC_0070,5,99.96674346923828,100.02546691894531,99.92942810058594,100.00089263916016,99.96674346923828,100.02546691894531,99.92942810058594,100.00089263916016,False,True,True,0.0,0.0,0.0,0.0,KronosPredictor,a7d5f37e2e9fbd9891f7d7d4f72574512dd1f704fee14223e0a8cd0fbf54197c,0b30a443affb03e05a876a083857de9164f899feb7b4d261da02c485c9a3e3b6,20260725,1.0,0.9,1
run2,OHLC,OHLC_0071,1,100.04444885253906,100.02787780761719,99.99871063232422,100.0024185180664,100.04444885253906,100.04444885253906,99.99871063232422,100.0024185180664,False,True,True,0.016571044921875,0.0,0.016571044921875,0.00016570644157852323,KronosPredictor,a7d5f37e2e9fbd9891f7d7d4f72574512dd1f704fee14223e0a8cd0fbf54197c,0b30a443affb03e05a876a083857de9164f899feb7b4d261da02c485c9a3e3b6,20260725,1.0,0.9,1
run2,OHLC,OHLC_0071,2,100.0099105834961,100.04637145996094,99.9928207397461,100.00823211669922,100.0099105834961,100.04637145996094,99.9928207397461,100.00823211669922,False,True,True,0.0,0.0,0.0,0.0,KronosPredictor,a7d5f37e2e9fbd9891f7d7d4f72574512dd1f704fee14223e0a8cd0fbf54197c,0b30a443affb03e05a876a083857de9164f899feb7b4d261da02c485c9a3e3b6,20260725,1.0,0.9,1
run2,OHLC,OHLC_0071,3,100.14590454101562,100.11097717285156,99.98751831054688,100.0064926147461,100.14590454101562,100.14590454101562,99.98751831054688,100.0064926147461,False,True,True,0.0349273681640625,0.0,0.0349273681640625,0.0003492652345978266,KronosPredictor,a7d5f37e2e9fbd9891f7d7d4f72574512dd1f704fee14223e0a8cd0fbf54197c,0b30a443affb03e05a876a083857de9164f899feb7b4d261da02c485c9a3e3b6,20260725,1.0,0.9,1
run2,OHLC,OHLC_0071,4,100.01139068603516,100.0242919921875,99.99127960205078,100.01122283935547,100.01139068603516,100.0242919921875,99.99127960205078,100.01122283935547,False,True,True,0.0,0.0,0.0,0.0,KronosPredictor,a7d5f37e2e9fbd9891f7d7d4f72574512dd1f704fee14223e0a8cd0fbf54197c,0b30a443affb03e05a876a083857de9164f899feb7b4d261da02c485c9a3e3b6,20260725,1.0,0.9,1
run2,OHLC,OHLC_0071,5,100.03759002685547,100.00724792480469,99.98738098144531,100.00691986083984,100.03759002685547,100.03759002685547,99.98738098144531,100.00691986083984,False,True,True,0.03034210205078125,0.0,0.03034210205078125,0.0003034136823930879,KronosPredictor,a7d5f37e2e9fbd9891f7d7d4f72574512dd1f704fee14223e0a8cd0fbf54197c,0b30a443affb03e05a876a083857de9164f899feb7b4d261da02c485c9a3e3b6,20260725,1.0,0.9,1
run2,OHLC,OHLC_0072,1,99.81023406982422,99.95303344726562,99.8636703491211,99.98320770263672,99.81023406982422,99.98320770263672,99.81023406982422,99.98320770263672,False,True,True,0.03017425537109375,0.053436279296875,0.08361053466796875,0.0008362457715563351,KronosPredictor,a7d5f37e2e9fbd9891f7d7d4f72574512dd1f704fee14223e0a8cd0fbf54197c,0b30a443affb03e05a876a083857de9164f899feb7b4d261da02c485c9a3e3b6,20260725,1.0,0.9,1
run2,OHLC,OHLC_0072,2,99.90852355957031,99.98590850830078,99.89427185058594,99.98030090332031,99.90852355957031,99.98590850830078,99.89427185058594,99.98030090332031,False,True,True,0.0,0.0,0.0,0.0,KronosPredictor,a7d5f37e2e9fbd9891f7d7d4f72574512dd1f704fee14223e0a8cd0fbf54197c,0b30a443affb03e05a876a083857de9164f899feb7b4d261da02c485c9a3e3b6,20260725,1.0,0.9,1
run2,OHLC,OHLC_0072,3,99.97138214111328,99.96981811523438,99.94972229003906,99.98439025878906,99.97138214111328,99.98439025878906,99.94972229003906,99.98439025878906,False,True,True,0.0145721435546875,0.0,0.0145721435546875,0.00014574590963341546,KronosPredictor,a7d5f37e2e9fbd9891f7d7d4f72574512dd1f704fee14223e0a8cd0fbf54197c,0b30a443affb03e05a876a083857de9164f899feb7b4d261da02c485c9a3e3b6,20260725,1.0,0.9,1
run2,OHLC,OHLC_0072,4,99.87902069091797,99.95370483398438,99.89266204833984,99.98019409179688,99.87902069091797,99.98019409179688,99.87902069091797,99.98019409179688,False,True,True,0.0264892578125,0.013641357421875,0.040130615234375,0.00040137355218417036,KronosPredictor,a7d5f37e2e9fbd9891f7d7d4f72574512dd1f704fee14223e0a8cd0fbf54197c,0b30a443affb03e05a876a083857de9164f899feb7b4d261da02c485c9a3e3b6,20260725,1.0,0.9,1
run2,OHLC,OHLC_0072,5,99.84162139892578,99.96604919433594,99.89397430419922,99.98504638671875,99.84162139892578,99.98504638671875,99.84162139892578,99.98504638671875,False,True,True,0.0189971923828125,0.0523529052734375,0.07135009765625,0.0007136208098909431,KronosPredictor,a7d5f37e2e9fbd9891f7d7d4f72574512dd1f704fee14223e0a8cd0fbf54197c,0b30a443affb03e05a876a083857de9164f899feb7b4d261da02c485c9a3e3b6,20260725,1.0,0.9,1
run2,OHLC,OHLC_0073,1,100.09630584716797,100.06778717041016,99.953369140625,99.99034118652344,100.09630584716797,100.09630584716797,99.953369140625,99.99034118652344,False,True,True,0.0285186767578125,0.0,0.0285186767578125,0.00028521431589690596,KronosPredictor,a7d5f37e2e9fbd9891f7d7d4f72574512dd1f704fee14223e0a8cd0fbf54197c,0b30a443affb03e05a876a083857de9164f899feb7b4d261da02c485c9a3e3b6,20260725,1.0,0.9,1
run2,OHLC,OHLC_0073,2,100.01933288574219,100.05046844482422,99.9882583618164,99.99407958984375,100.01933288574219,100.05046844482422,99.9882583618164,99.99407958984375,False,True,True,0.0,0.0,0.0,0.0,KronosPredictor,a7d5f37e2e9fbd9891f7d7d4f72574512dd1f704fee14223e0a8cd0fbf54197c,0b30a443affb03e05a876a083857de9164f899feb7b4d261da02c485c9a3e3b6,20260725,1.0,0.9,1
run2,OHLC,OHLC_0073,3,100.05695343017578,100.05294036865234,99.99041748046875,99.99236297607422,100.05695343017578,100.05695343017578,99.99041748046875,99.99236297607422,False,True,True,0.0040130615234375,0.0,0.0040130615234375,4.0134491750072905e-05,KronosPredictor,a7d5f37e2e9fbd9891f7d7d4f72574512dd1f704fee14223e0a8cd0fbf54197c,0b30a443affb03e05a876a083857de9164f899feb7b4d261da02c485c9a3e3b6,20260725,1.0,0.9,1
run2,OHLC,OHLC_0073,4,99.99409484863281,100.04402923583984,99.98714447021484,99.99391174316406,99.99409484863281,100.04402923583984,99.98714447021484,99.99391174316406,False,True,True,0.0,0.0,0.0,0.0,KronosPredictor,a7d5f37e2e9fbd9891f7d7d4f72574512dd1f704fee14223e0a8cd0fbf54197c,0b30a443affb03e05a876a083857de9164f899feb7b4d261da02c485c9a3e3b6,20260725,1.0,0.9,1
run2,OHLC,OHLC_0073,5,100.01081848144531,100.01884460449219,99.98409271240234,99.99492645263672,100.01081848144531,100.01884460449219,99.98409271240234,99.99492645263672,False,True,True,0.0,0.0,0.0,0.0,KronosPredictor,a7d5f37e2e9fbd9891f7d7d4f72574512dd1f704fee14223e0a8cd0fbf54197c,0b30a443affb03e05a876a083857de9164f899feb7b4d261da02c485c9a3e3b6,20260725,1.0,0.9,1
run2,OHLC,OHLC_0074,1,100.04609680175781,100.10417175292969,99.98627471923828,100.00640869140625,100.04609680175781,100.10417175292969,99.98627471923828,100.00640869140625,False,True,True,0.0,0.0,0.0,0.0,KronosPredictor,a7d5f37e2e9fbd9891f7d7d4f72574512dd1f704fee14223e0a8cd0fbf54197c,0b30a443affb03e05a876a083857de9164f899feb7b4d261da02c485c9a3e3b6,20260725,1.0,0.9,1
run2,OHLC,OHLC_0074,2,100.08988952636719,100.1365737915039,99.93598937988281,100.00827026367188,100.08988952636719,100.1365737915039,99.93598937988281,100.00827026367188,False,True,True,0.0,0.0,0.0,0.0,KronosPredictor,a7d5f37e2e9fbd9891f7d7d4f72574512dd1f704fee14223e0a8cd0fbf54197c,0b30a443affb03e05a876a083857de9164f899feb7b4d261da02c485c9a3e3b6,20260725,1.0,0.9,1
run2,OHLC,OHLC_0074,3,100.03219604492188,100.09015655517578,99.95579528808594,100.00706481933594,100.03219604492188,100.09015655517578,99.95579528808594,100.00706481933594,False,True,True,0.0,0.0,0.0,0.0,KronosPredictor,a7d5f37e2e9fbd9891f7d7d4f72574512dd1f704fee14223e0a8cd0fbf54197c,0b30a443affb03e05a876a083857de9164f899feb7b4d261da02c485c9a3e3b6,20260725,1.0,0.9,1
run2,OHLC,OHLC_0074,4,100.05066680908203,100.1137466430664,99.94329071044922,99.99913024902344,100.05066680908203,100.1137466430664,99.94329071044922,99.99913024902344,False,True,True,0.0,0.0,0.0,0.0,KronosPredictor,a7d5f37e2e9fbd9891f7d7d4f72574512dd1f704fee14223e0a8cd0fbf54197c,0b30a443affb03e05a876a083857de9164f899feb7b4d261da02c485c9a3e3b6,20260725,1.0,0.9,1
run2,OHLC,OHLC_0074,5,100.23567962646484,100.20091247558594,99.92386627197266,99.99935913085938,100.23567962646484,100.23567962646484,99.92386627197266,99.99935913085938,False,True,True,0.03476715087890625,0.0,0.03476715087890625,0.00034764922902279824,KronosPredictor,a7d5f37e2e9fbd9891f7d7d4f72574512dd1f704fee14223e0a8cd0fbf54197c,0b30a443affb03e05a876a083857de9164f899feb7b4d261da02c485c9a3e3b6,20260725,1.0,0.9,1
run2,OHLC,OHLC_0075,1,99.9444580078125,99.98192596435547,99.97135925292969,99.993408203125,99.9444580078125,99.993408203125,99.9444580078125,99.993408203125,False,True,True,0.01148223876953125,0.0269012451171875,0.03838348388671875,0.000383860142148042,KronosPredictor,a7d5f37e2e9fbd9891f7d7d4f72574512dd1f704fee14223e0a8cd0fbf54197c,0b30a443affb03e05a876a083857de9164f899feb7b4d261da02c485c9a3e3b6,20260725,1.0,0.9,1
run2,OHLC,OHLC_0075,2,99.95453643798828,99.98833465576172,99.93974304199219,99.99136352539062,99.95453643798828,99.99136352539062,99.93974304199219,99.99136352539062,False,True,True,0.00302886962890625,0.0,0.00302886962890625,3.029069299001643e-05,KronosPredictor,a7d5f37e2e9fbd9891f7d7d4f72574512dd1f704fee14223e0a8cd0fbf54197c,0b30a443affb03e05a876a083857de9164f899feb7b4d261da02c485c9a3e3b6,20260725,1.0,0.9,1
run2,OHLC,OHLC_0075,3,99.91754150390625,99.98137664794922,99.88174438476562,99.98886108398438,99.91754150390625,99.98886108398438,99.88174438476562,99.98886108398438,False,True,True,0.00748443603515625,0.0,0.00748443603515625,7.484929426500281e-05,KronosPredictor,a7d5f37e2e9fbd9891f7d7d4f72574512dd1f704fee14223e0a8cd0fbf54197c,0b30a443affb03e05a876a083857de9164f899feb7b4d261da02c485c9a3e3b6,20260725,1.0,0.9,1
run2,OHLC,OHLC_0075,4,99.96321868896484,99.97938537597656,99.902587890625,99.98848724365234,99.96321868896484,99.98848724365234,99.902587890625,99.98848724365234,False,True,True,0.00910186767578125,0.0,0.00910186767578125,9.102467691962116e-05,KronosPredictor,a7d5f37e2e9fbd9891f7d7d4f72574512dd1f704fee14223e0a8cd0fbf54197c,0b30a443affb03e05a876a083857de9164f899feb7b4d261da02c485c9a3e3b6,20260725,1.0,0.9,1
run2,OHLC,OHLC_0075,5,99.90213012695312,99.97040557861328,99.90076446533203,99.98963165283203,99.90213012695312,99.98963165283203,99.90076446533203,99.98963165283203,False,True,True,0.01922607421875,0.0,0.01922607421875,0.0001922734164605577,KronosPredictor,a7d5f37e2e9fbd9891f7d7d4f72574512dd1f704fee14223e0a8cd0fbf54197c,0b30a443affb03e05a876a083857de9164f899feb7b4d261da02c485c9a3e3b6,20260725,1.0,0.9,1
run2,OHLC,OHLC_0076,1,100.02963256835938,100.09934997558594,99.93291473388672,100.00504302978516,100.02963256835938,100.09934997558594,99.93291473388672,100.00504302978516,False,True,True,0.0,0.0,0.0,0.0,KronosPredictor,a7d5f37e2e9fbd9891f7d7d4f72574512dd1f704fee14223e0a8cd0fbf54197c,0b30a443affb03e05a876a083857de9164f899feb7b4d261da02c485c9a3e3b6,20260725,1.0,0.9,1
run2,OHLC,OHLC_0076,2,100.14225769042969,100.14423370361328,99.92841339111328,100.00585174560547,100.14225769042969,100.14423370361328,99.92841339111328,100.00585174560547,False,True,True,0.0,0.0,0.0,0.0,KronosPredictor,a7d5f37e2e9fbd9891f7d7d4f72574512dd1f704fee14223e0a8cd0fbf54197c,0b30a443affb03e05a876a083857de9164f899feb7b4d261da02c485c9a3e3b6,20260725,1.0,0.9,1
run2,OHLC,OHLC_0076,3,99.98285675048828,100.07009887695312,99.95758819580078,100.00794219970703,99.98285675048828,100.07009887695312,99.95758819580078,100.00794219970703,False,True,True,0.0,0.0,0.0,0.0,KronosPredictor,a7d5f37e2e9fbd9891f7d7d4f72574512dd1f704fee14223e0a8cd0fbf54197c,0b30a443affb03e05a876a083857de9164f899feb7b4d261da02c485c9a3e3b6,20260725,1.0,0.9,1
run2,OHLC,OHLC_0076,4,100.03141021728516,100.02198791503906,99.9586181640625,100.00486755371094,100.03141021728516,100.03141021728516,99.9586181640625,100.00486755371094,False,True,True,0.00942230224609375,0.0,0.00942230224609375,9.421827100546763e-05,KronosPredictor,a7d5f37e2e9fbd9891f7d7d4f72574512dd1f704fee14223e0a8cd0fbf54197c,0b30a443affb03e05a876a083857de9164f899feb7b4d261da02c485c9a3e3b6,20260725,1.0,0.9,1
run2,OHLC,OHLC_0076,5,99.98230743408203,100.03258514404297,99.97187805175781,100.00811004638672,99.98230743408203,100.03258514404297,99.97187805175781,100.00811004638672,False,True,True,0.0,0.0,0.0,0.0,KronosPredictor,a7d5f37e2e9fbd9891f7d7d4f72574512dd1f704fee14223e0a8cd0fbf54197c,0b30a443affb03e05a876a083857de9164f899feb7b4d261da02c485c9a3e3b6,20260725,1.0,0.9,1
run2,OHLC,OHLC_0077,1,99.9905014038086,100.08195495605469,99.95008087158203,100.00493621826172,99.9905014038086,100.08195495605469,99.95008087158203,100.00493621826172,False,True,True,0.0,0.0,0.0,0.0,KronosPredictor,a7d5f37e2e9fbd9891f7d7d4f72574512dd1f704fee14223e0a8cd0fbf54197c,0b30a443affb03e05a876a083857de9164f899feb7b4d261da02c485c9a3e3b6,20260725,1.0,0.9,1
run2,OHLC,OHLC_0077,2,100.07099914550781,100.24050903320312,99.98970031738281,100.00374603271484,100.07099914550781,100.24050903320312,99.98970031738281,100.00374603271484,False,True,True,0.0,0.0,0.0,0.0,KronosPredictor,a7d5f37e2e9fbd9891f7d7d4f72574512dd1f704fee14223e0a8cd0fbf54197c,0b30a443affb03e05a876a083857de9164f899feb7b4d261da02c485c9a3e3b6,20260725,1.0,0.9,1
run2,OHLC,OHLC_0077,3,100.08638763427734,100.08260345458984,100.01622772216797,100.0068588256836,100.08638763427734,100.08638763427734,100.0068588256836,100.0068588256836,False,True,True,0.0037841796875,0.009368896484375,0.013153076171875,0.0001315242693937456,KronosPredictor,a7d5f37e2e9fbd9891f7d7d4f72574512dd1f704fee14223e0a8cd0fbf54197c,0b30a443affb03e05a876a083857de9164f899feb7b4d261da02c485c9a3e3b6,20260725,1.0,0.9,1
run2,OHLC,OHLC_0077,4,100.14656829833984,100.10052490234375,100.00806427001953,100.00131225585938,100.14656829833984,100.14656829833984,100.00131225585938,100.00131225585938,False,True,True,0.04604339599609375,0.00675201416015625,0.05279541015625,0.0005279280418820878,KronosPredictor,a7d5f37e2e9fbd9891f7d7d4f72574512dd1f704fee14223e0a8cd0fbf54197c,0b30a443affb03e05a876a083857de9164f899feb7b4d261da02c485c9a3e3b6,20260725,1.0,0.9,1
run2,OHLC,OHLC_0077,5,100.04768371582031,100.05442810058594,100.00284576416016,100.00344848632812,100.04768371582031,100.05442810058594,100.00284576416016,100.00344848632812,False,True,True,0.0,0.0,0.0,0.0,KronosPredictor,a7d5f37e2e9fbd9891f7d7d4f72574512dd1f704fee14223e0a8cd0fbf54197c,0b30a443affb03e05a876a083857de9164f899feb7b4d261da02c485c9a3e3b6,20260725,1.0,0.9,1
run2,OHLC,OHLC_0078,1,100.11386108398438,100.10946655273438,99.9563217163086,100.0002212524414,100.11386108398438,100.11386108398438,99.9563217163086,100.0002212524414,False,True,True,0.00439453125,0.0,0.00439453125,4.394521527013833e-05,KronosPredictor,a7d5f37e2e9fbd9891f7d7d4f72574512dd1f704fee14223e0a8cd0fbf54197c,0b30a443affb03e05a876a083857de9164f899feb7b4d261da02c485c9a3e3b6,20260725,1.0,0.9,1
run2,OHLC,OHLC_0078,2,100.225830078125,100.12804412841797,100.06134796142578,100.00595092773438,100.225830078125,100.225830078125,100.00595092773438,100.00595092773438,False,True,True,0.09778594970703125,0.05539703369140625,0.1531829833984375,0.0015318264447809677,KronosPredictor,a7d5f37e2e9fbd9891f7d7d4f72574512dd1f704fee14223e0a8cd0fbf54197c,0b30a443affb03e05a876a083857de9164f899feb7b4d261da02c485c9a3e3b6,20260725,1.0,0.9,1
run2,OHLC,OHLC_0078,3,100.13335418701172,100.09130859375,100.0419692993164,100.00532531738281,100.13335418701172,100.13335418701172,100.00532531738281,100.00532531738281,False,True,True,0.04204559326171875,0.03664398193359375,0.0786895751953125,0.0007868940109309145,KronosPredictor,a7d5f37e2e9fbd9891f7d7d4f72574512dd1f704fee14223e0a8cd0fbf54197c,0b30a443affb03e05a876a083857de9164f899feb7b4d261da02c485c9a3e3b6,20260725,1.0,0.9,1
run2,OHLC,OHLC_0078,4,100.14469909667969,100.1399154663086,100.02899169921875,100.00592041015625,100.14469909667969,100.14469909667969,100.00592041015625,100.00592041015625,False,True,True,0.00478363037109375,0.0230712890625,0.02785491943359375,0.00027854857804040806,KronosPredictor,a7d5f37e2e9fbd9891f7d7d4f72574512dd1f704fee14223e0a8cd0fbf54197c,0b30a443affb03e05a876a083857de9164f899feb7b4d261da02c485c9a3e3b6,20260725,1.0,0.9,1
run2,OHLC,OHLC_0078,5,100.08873748779297,100.07402801513672,100.02643585205078,100.00363159179688,100.08873748779297,100.08873748779297,100.00363159179688,100.00363159179688,False,True,True,0.01470947265625,0.02280426025390625,0.03751373291015625,0.0003751364991028996,KronosPredictor,a7d5f37e2e9fbd9891f7d7d4f72574512dd1f704fee14223e0a8cd0fbf54197c,0b30a443affb03e05a876a083857de9164f899feb7b4d261da02c485c9a3e3b6,20260725,1.0,0.9,1
run2,OHLC,OHLC_0079,1,99.97139739990234,100.01215362548828,99.94963073730469,99.99256896972656,99.97139739990234,100.01215362548828,99.94963073730469,99.99256896972656,True,True,False,0.0,0.0,0.0,0.0,KronosPredictor,a7d5f37e2e9fbd9891f7d7d4f72574512dd1f704fee14223e0a8cd0fbf54197c,0b30a443affb03e05a876a083857de9164f899feb7b4d261da02c485c9a3e3b6,20260725,1.0,0.9,1
run2,OHLC,OHLC_0079,2,100.0299072265625,100.03697204589844,99.93840026855469,99.99042510986328,100.0299072265625,100.03697204589844,99.93840026855469,99.99042510986328,True,True,False,0.0,0.0,0.0,0.0,KronosPredictor,a7d5f37e2e9fbd9891f7d7d4f72574512dd1f704fee14223e0a8cd0fbf54197c,0b30a443affb03e05a876a083857de9164f899feb7b4d261da02c485c9a3e3b6,20260725,1.0,0.9,1
run2,OHLC,OHLC_0079,3,99.93412017822266,99.99323272705078,99.91226196289062,99.98829650878906,99.93412017822266,99.99323272705078,99.91226196289062,99.98829650878906,True,True,False,0.0,0.0,0.0,0.0,KronosPredictor,a7d5f37e2e9fbd9891f7d7d4f72574512dd1f704fee14223e0a8cd0fbf54197c,0b30a443affb03e05a876a083857de9164f899feb7b4d261da02c485c9a3e3b6,20260725,1.0,0.9,1
run2,OHLC,OHLC_0079,4,99.8907699584961,100.10772705078125,99.87125396728516,99.98692321777344,99.8907699584961,100.10772705078125,99.87125396728516,99.98692321777344,True,True,False,0.0,0.0,0.0,0.0,KronosPredictor,a7d5f37e2e9fbd9891f7d7d4f72574512dd1f704fee14223e0a8cd0fbf54197c,0b30a443affb03e05a876a083857de9164f899feb7b4d261da02c485c9a3e3b6,20260725,1.0,0.9,1
run2,OHLC,OHLC_0079,5,99.90542602539062,99.99796295166016,99.89991760253906,99.98680114746094,99.90542602539062,99.99796295166016,99.89991760253906,99.98680114746094,True,True,False,0.0,0.0,0.0,0.0,KronosPredictor,a7d5f37e2e9fbd9891f7d7d4f72574512dd1f704fee14223e0a8cd0fbf54197c,0b30a443affb03e05a876a083857de9164f899feb7b4d261da02c485c9a3e3b6,20260725,1.0,0.9,1
run2,OHLC,OHLC_0080,1,99.93547058105469,99.97187805175781,99.91947937011719,99.98295593261719,99.93547058105469,99.98295593261719,99.91947937011719,99.98295593261719,False,True,True,0.011077880859375,0.0,0.011077880859375,0.00011079769302720816,KronosPredictor,a7d5f37e2e9fbd9891f7d7d4f72574512dd1f704fee14223e0a8cd0fbf54197c,0b30a443affb03e05a876a083857de9164f899feb7b4d261da02c485c9a3e3b6,20260725,1.0,0.9,1
run2,OHLC,OHLC_0080,2,99.90766906738281,99.98845672607422,99.88668823242188,99.9819564819336,99.90766906738281,99.98845672607422,99.88668823242188,99.9819564819336,False,True,True,0.0,0.0,0.0,0.0,KronosPredictor,a7d5f37e2e9fbd9891f7d7d4f72574512dd1f704fee14223e0a8cd0fbf54197c,0b30a443affb03e05a876a083857de9164f899feb7b4d261da02c485c9a3e3b6,20260725,1.0,0.9,1
run2,OHLC,OHLC_0080,3,99.84201049804688,100.01812744140625,99.86593627929688,99.98321533203125,99.84201049804688,100.01812744140625,99.84201049804688,99.98321533203125,False,True,True,0.0,0.02392578125,0.02392578125,0.00023929859871441101,KronosPredictor,a7d5f37e2e9fbd9891f7d7d4f72574512dd1f704fee14223e0a8cd0fbf54197c,0b30a443affb03e05a876a083857de9164f899feb7b4d261da02c485c9a3e3b6,20260725,1.0,0.9,1
run2,OHLC,OHLC_0080,4,99.8887939453125,99.97305297851562,99.90754699707031,99.98265075683594,99.8887939453125,99.98265075683594,99.8887939453125,99.98265075683594,False,True,True,0.0095977783203125,0.0187530517578125,0.028350830078125,0.00028355663036439775,KronosPredictor,a7d5f37e2e9fbd9891f7d7d4f72574512dd1f704fee14223e0a8cd0fbf54197c,0b30a443affb03e05a876a083857de9164f899feb7b4d261da02c485c9a3e3b6,20260725,1.0,0.9,1
run2,OHLC,OHLC_0080,5,99.87898254394531,100.00919342041016,99.84927368164062,99.98207092285156,99.87898254394531,100.00919342041016,99.84927368164062,99.98207092285156,False,True,True,0.0,0.0,0.0,0.0,KronosPredictor,a7d5f37e2e9fbd9891f7d7d4f72574512dd1f704fee14223e0a8cd0fbf54197c,0b30a443affb03e05a876a083857de9164f899feb7b4d261da02c485c9a3e3b6,20260725,1.0,0.9,1
run2,OHLC,OHLC_0081,1,100.04722595214844,100.06391143798828,100.0030517578125,99.99765014648438,100.04722595214844,100.06391143798828,99.99765014648438,99.99765014648438,False,True,True,0.0,0.005401611328125,0.005401611328125,5.401738261061432e-05,KronosPredictor,a7d5f37e2e9fbd9891f7d7d4f72574512dd1f704fee14223e0a8cd0fbf54197c,0b30a443affb03e05a876a083857de9164f899feb7b4d261da02c485c9a3e3b6,20260725,1.0,0.9,1
run2,OHLC,OHLC_0081,2,100.0504379272461,100.08214569091797,100.00079345703125,99.99883270263672,100.0504379272461,100.08214569091797,99.99883270263672,99.99883270263672,False,True,True,0.0,0.00196075439453125,0.00196075439453125,1.9608004704700397e-05,KronosPredictor,a7d5f37e2e9fbd9891f7d7d4f72574512dd1f704fee14223e0a8cd0fbf54197c,0b30a443affb03e05a876a083857de9164f899feb7b4d261da02c485c9a3e3b6,20260725,1.0,0.9,1
run2,OHLC,OHLC_0081,3,100.21002197265625,100.11923217773438,100.07023620605469,99.99812316894531,100.21002197265625,100.21002197265625,99.99812316894531,99.99812316894531,False,True,True,0.090789794921875,0.072113037109375,0.16290283203125,0.0016290666009912953,KronosPredictor,a7d5f37e2e9fbd9891f7d7d4f72574512dd1f704fee14223e0a8cd0fbf54197c,0b30a443affb03e05a876a083857de9164f899feb7b4d261da02c485c9a3e3b6,20260725,1.0,0.9,1
run2,OHLC,OHLC_0081,4,100.12323760986328,100.09037017822266,100.0423812866211,99.99845123291016,100.12323760986328,100.12323760986328,99.99845123291016,99.99845123291016,False,True,True,0.032867431640625,0.0439300537109375,0.0767974853515625,0.0007679929002237907,KronosPredictor,a7d5f37e2e9fbd9891f7d7d4f72574512dd1f704fee14223e0a8cd0fbf54197c,0b30a443affb03e05a876a083857de9164f899feb7b4d261da02c485c9a3e3b6,20260725,1.0,0.9,1
run2,OHLC,OHLC_0081,5,100.15515899658203,100.11378479003906,100.0458984375,99.99809265136719,100.15515899658203,100.15515899658203,99.99809265136719,99.99809265136719,False,True,True,0.04137420654296875,0.0478057861328125,0.08917999267578125,0.0008918208832421904,KronosPredictor,a7d5f37e2e9fbd9891f7d7d4f72574512dd1f704fee14223e0a8cd0fbf54197c,0b30a443affb03e05a876a083857de9164f899feb7b4d261da02c485c9a3e3b6,20260725,1.0,0.9,1
run2,OHLC,OHLC_0082,1,99.9176025390625,100.02629089355469,99.86503601074219,100.00267028808594,99.9176025390625,100.02629089355469,99.86503601074219,100.00267028808594,False,True,True,0.0,0.0,0.0,0.0,KronosPredictor,a7d5f37e2e9fbd9891f7d7d4f72574512dd1f704fee14223e0a8cd0fbf54197c,0b30a443affb03e05a876a083857de9164f899feb7b4d261da02c485c9a3e3b6,20260725,1.0,0.9,1
run2,OHLC,OHLC_0082,2,99.99623107910156,100.0655746459961,99.91063690185547,99.99600982666016,99.99623107910156,100.0655746459961,99.91063690185547,99.99600982666016,False,True,True,0.0,0.0,0.0,0.0,KronosPredictor,a7d5f37e2e9fbd9891f7d7d4f72574512dd1f704fee14223e0a8cd0fbf54197c,0b30a443affb03e05a876a083857de9164f899feb7b4d261da02c485c9a3e3b6,20260725,1.0,0.9,1
run2,OHLC,OHLC_0082,3,99.9949722290039,100.02172088623047,99.92144775390625,99.99687957763672,99.9949722290039,100.02172088623047,99.92144775390625,99.99687957763672,False,True,True,0.0,0.0,0.0,0.0,KronosPredictor,a7d5f37e2e9fbd9891f7d7d4f72574512dd1f704fee14223e0a8cd0fbf54197c,0b30a443affb03e05a876a083857de9164f899feb7b4d261da02c485c9a3e3b6,20260725,1.0,0.9,1
run2,OHLC,OHLC_0082,4,99.91828918457031,100.01959228515625,99.91020965576172,99.9971694946289,99.91828918457031,100.01959228515625,99.91020965576172,99.9971694946289,False,True,True,0.0,0.0,0.0,0.0,KronosPredictor,a7d5f37e2e9fbd9891f7d7d4f72574512dd1f704fee14223e0a8cd0fbf54197c,0b30a443affb03e05a876a083857de9164f899feb7b4d261da02c485c9a3e3b6,20260725,1.0,0.9,1
run2,OHLC,OHLC_0082,5,99.88108825683594,99.97930145263672,99.90352630615234,99.99775695800781,99.88108825683594,99.99775695800781,99.88108825683594,99.99775695800781,False,True,True,0.01845550537109375,0.02243804931640625,0.0408935546875,0.0004089246274093938,KronosPredictor,a7d5f37e2e9fbd9891f7d7d4f72574512dd1f704fee14223e0a8cd0fbf54197c,0b30a443affb03e05a876a083857de9164f899feb7b4d261da02c485c9a3e3b6,20260725,1.0,0.9,1
run2,OHLC,OHLC_0083,1,99.91156768798828,100.08851623535156,99.8739013671875,100.01367950439453,99.91156768798828,100.08851623535156,99.8739013671875,100.01367950439453,False,True,True,0.0,0.0,0.0,0.0,KronosPredictor,a7d5f37e2e9fbd9891f7d7d4f72574512dd1f704fee14223e0a8cd0fbf54197c,0b30a443affb03e05a876a083857de9164f899feb7b4d261da02c485c9a3e3b6,20260725,1.0,0.9,1
run2,OHLC,OHLC_0083,2,100.05680084228516,100.0500259399414,99.96637725830078,100.01039123535156,100.05680084228516,100.05680084228516,99.96637725830078,100.01039123535156,False,True,True,0.00677490234375,0.0,0.00677490234375,6.773975697446783e-05,KronosPredictor,a7d5f37e2e9fbd9891f7d7d4f72574512dd1f704fee14223e0a8cd0fbf54197c,0b30a443affb03e05a876a083857de9164f899feb7b4d261da02c485c9a3e3b6,20260725,1.0,0.9,1
run2,OHLC,OHLC_0083,3,99.94034576416016,100.08518981933594,99.90496826171875,100.01476287841797,99.94034576416016,100.08518981933594,99.90496826171875,100.01476287841797,False,True,True,0.0,0.0,0.0,0.0,KronosPredictor,a7d5f37e2e9fbd9891f7d7d4f72574512dd1f704fee14223e0a8cd0fbf54197c,0b30a443affb03e05a876a083857de9164f899feb7b4d261da02c485c9a3e3b6,20260725,1.0,0.9,1
run2,OHLC,OHLC_0083,4,100.02088928222656,100.0565414428711,100.02687072753906,100.01488494873047,100.02088928222656,100.0565414428711,100.01488494873047,100.01488494873047,False,True,True,0.0,0.01198577880859375,0.01198577880859375,0.00011984139437712721,KronosPredictor,a7d5f37e2e9fbd9891f7d7d4f72574512dd1f704fee14223e0a8cd0fbf54197c,0b30a443affb03e05a876a083857de9164f899feb7b4d261da02c485c9a3e3b6,20260725,1.0,0.9,1
run2,OHLC,OHLC_0083,5,100.10539245605469,100.05426788330078,100.01506805419922,100.01380920410156,100.10539245605469,100.10539245605469,100.01380920410156,100.01380920410156,False,True,True,0.05112457275390625,0.00125885009765625,0.0523834228515625,0.0005237625803904235,KronosPredictor,a7d5f37e2e9fbd9891f7d7d4f72574512dd1f704fee14223e0a8cd0fbf54197c,0b30a443affb03e05a876a083857de9164f899feb7b4d261da02c485c9a3e3b6,20260725,1.0,0.9,1
run2,OHLC,OHLC_0084,1,100.08521270751953,100.10411071777344,99.96688842773438,100.01245880126953,100.08521270751953,100.10411071777344,99.96688842773438,100.01245880126953,True,True,False,0.0,0.0,0.0,0.0,KronosPredictor,a7d5f37e2e9fbd9891f7d7d4f72574512dd1f704fee14223e0a8cd0fbf54197c,0b30a443affb03e05a876a083857de9164f899feb7b4d261da02c485c9a3e3b6,20260725,1.0,0.9,1
run2,OHLC,OHLC_0084,2,99.99005889892578,100.10360717773438,99.94646453857422,100.01932525634766,99.99005889892578,100.10360717773438,99.94646453857422,100.01932525634766,True,True,False,0.0,0.0,0.0,0.0,KronosPredictor,a7d5f37e2e9fbd9891f7d7d4f72574512dd1f704fee14223e0a8cd0fbf54197c,0b30a443affb03e05a876a083857de9164f899feb7b4d261da02c485c9a3e3b6,20260725,1.0,0.9,1
run2,OHLC,OHLC_0084,3,100.06159210205078,100.09912109375,99.9890365600586,100.01664733886719,100.06159210205078,100.09912109375,99.9890365600586,100.01664733886719,True,True,False,0.0,0.0,0.0,0.0,KronosPredictor,a7d5f37e2e9fbd9891f7d7d4f72574512dd1f704fee14223e0a8cd0fbf54197c,0b30a443affb03e05a876a083857de9164f899feb7b4d261da02c485c9a3e3b6,20260725,1.0,0.9,1
run2,OHLC,OHLC_0084,4,100.08678436279297,100.0910873413086,100.01116180419922,100.01417541503906,100.08678436279297,100.0910873413086,100.01116180419922,100.01417541503906,True,True,False,0.0,0.0,0.0,0.0,KronosPredictor,a7d5f37e2e9fbd9891f7d7d4f72574512dd1f704fee14223e0a8cd0fbf54197c,0b30a443affb03e05a876a083857de9164f899feb7b4d261da02c485c9a3e3b6,20260725,1.0,0.9,1
run2,OHLC,OHLC_0084,5,100.00848388671875,100.06982421875,99.91881561279297,100.00870513916016,100.00848388671875,100.06982421875,99.91881561279297,100.00870513916016,True,True,False,0.0,0.0,0.0,0.0,KronosPredictor,a7d5f37e2e9fbd9891f7d7d4f72574512dd1f704fee14223e0a8cd0fbf54197c,0b30a443affb03e05a876a083857de9164f899feb7b4d261da02c485c9a3e3b6,20260725,1.0,0.9,1
run2,OHLC,OHLC_0085,1,100.048095703125,100.06112670898438,99.958251953125,99.99869537353516,100.048095703125,100.06112670898438,99.958251953125,99.99869537353516,False,True,True,0.0,0.0,0.0,0.0,KronosPredictor,a7d5f37e2e9fbd9891f7d7d4f72574512dd1f704fee14223e0a8cd0fbf54197c,0b30a443affb03e05a876a083857de9164f899feb7b4d261da02c485c9a3e3b6,20260725,1.0,0.9,1
run2,OHLC,OHLC_0085,2,100.13387298583984,100.1014633178711,99.983642578125,99.99286651611328,100.13387298583984,100.13387298583984,99.983642578125,99.99286651611328,False,True,True,0.03240966796875,0.0,0.03240966796875,0.0003241009079937185,KronosPredictor,a7d5f37e2e9fbd9891f7d7d4f72574512dd1f704fee14223e0a8cd0fbf54197c,0b30a443affb03e05a876a083857de9164f899feb7b4d261da02c485c9a3e3b6,20260725,1.0,0.9,1
run2,OHLC,OHLC_0085,3,99.94483947753906,100.04163360595703,99.95166778564453,99.99658203125,99.94483947753906,100.04163360595703,99.94483947753906,99.99658203125,False,True,True,0.0,0.00682830810546875,0.00682830810546875,6.828397190545623e-05,KronosPredictor,a7d5f37e2e9fbd9891f7d7d4f72574512dd1f704fee14223e0a8cd0fbf54197c,0b30a443affb03e05a876a083857de9164f899feb7b4d261da02c485c9a3e3b6,20260725,1.0,0.9,1
run2,OHLC,OHLC_0085,4,100.1122817993164,100.05257415771484,100.0186767578125,99.99681091308594,100.1122817993164,100.1122817993164,99.99681091308594,99.99681091308594,False,True,True,0.0597076416015625,0.0218658447265625,0.081573486328125,0.0008157455057130033,KronosPredictor,a7d5f37e2e9fbd9891f7d7d4f72574512dd1f704fee14223e0a8cd0fbf54197c,0b30a443affb03e05a876a083857de9164f899feb7b4d261da02c485c9a3e3b6,20260725,1.0,0.9,1
run2,OHLC,OHLC_0085,5,100.01605224609375,100.03074645996094,99.94430541992188,99.9881820678711,100.01605224609375,100.03074645996094,99.94430541992188,99.9881820678711,False,True,True,0.0,0.0,0.0,0.0,KronosPredictor,a7d5f37e2e9fbd9891f7d7d4f72574512dd1f704fee14223e0a8cd0fbf54197c,0b30a443affb03e05a876a083857de9164f899feb7b4d261da02c485c9a3e3b6,20260725,1.0,0.9,1
run2,OHLC,OHLC_0086,1,100.04132843017578,100.03002166748047,99.97855377197266,100.00252532958984,100.04132843017578,100.04132843017578,99.97855377197266,100.00252532958984,False,True,True,0.0113067626953125,0.0,0.0113067626953125,0.0001130647716949897,KronosPredictor,a7d5f37e2e9fbd9891f7d7d4f72574512dd1f704fee14223e0a8cd0fbf54197c,0b30a443affb03e05a876a083857de9164f899feb7b4d261da02c485c9a3e3b6,20260725,1.0,0.9,1
run2,OHLC,OHLC_0086,2,100.03071594238281,100.0439453125,99.98426055908203,100.00272369384766,100.03071594238281,100.0439453125,99.98426055908203,100.00272369384766,False,True,True,0.0,0.0,0.0,0.0,KronosPredictor,a7d5f37e2e9fbd9891f7d7d4f72574512dd1f704fee14223e0a8cd0fbf54197c,0b30a443affb03e05a876a083857de9164f899feb7b4d261da02c485c9a3e3b6,20260725,1.0,0.9,1
run2,OHLC,OHLC_0086,3,99.9989013671875,100.03219604492188,99.9881362915039,100.00450897216797,99.9989013671875,100.03219604492188,99.9881362915039,100.00450897216797,False,True,True,0.0,0.0,0.0,0.0,KronosPredictor,a7d5f37e2e9fbd9891f7d7d4f72574512dd1f704fee14223e0a8cd0fbf54197c,0b30a443affb03e05a876a083857de9164f899feb7b4d261da02c485c9a3e3b6,20260725,1.0,0.9,1
run2,OHLC,OHLC_0086,4,99.94287872314453,100.0606460571289,99.94537353515625,100.00589752197266,99.94287872314453,100.0606460571289,99.94287872314453,100.00589752197266,False,True,True,0.0,0.00249481201171875,0.00249481201171875,2.494749011083781e-05,KronosPredictor,a7d5f37e2e9fbd9891f7d7d4f72574512dd1f704fee14223e0a8cd0fbf54197c,0b30a443affb03e05a876a083857de9164f899feb7b4d261da02c485c9a3e3b6,20260725,1.0,0.9,1
run2,OHLC,OHLC_0086,5,100.07390594482422,100.06429290771484,100.00968170166016,100.00566101074219,100.07390594482422,100.07390594482422,100.00566101074219,100.00566101074219,False,True,True,0.009613037109375,0.00402069091796875,0.01363372802734375,0.0001363338373947008,KronosPredictor,a7d5f37e2e9fbd9891f7d7d4f72574512dd1f704fee14223e0a8cd0fbf54197c,0b30a443affb03e05a876a083857de9164f899feb7b4d261da02c485c9a3e3b6,20260725,1.0,0.9,1
run2,OHLC,OHLC_0087,1,100.02114868164062,100.0074691772461,99.95176696777344,100.00131225585938,100.02114868164062,100.02114868164062,99.95176696777344,100.00131225585938,False,True,True,0.01367950439453125,0.0,0.01367950439453125,0.00013679324886788901,KronosPredictor,a7d5f37e2e9fbd9891f7d7d4f72574512dd1f704fee14223e0a8cd0fbf54197c,0b30a443affb03e05a876a083857de9164f899feb7b4d261da02c485c9a3e3b6,20260725,1.0,0.9,1
run2,OHLC,OHLC_0087,2,99.92481994628906,100.07902526855469,99.9277114868164,100.00801086425781,99.92481994628906,100.07902526855469,99.92481994628906,100.00801086425781,False,True,True,0.0,0.00289154052734375,0.00289154052734375,2.891502583431675e-05,KronosPredictor,a7d5f37e2e9fbd9891f7d7d4f72574512dd1f704fee14223e0a8cd0fbf54197c,0b30a443affb03e05a876a083857de9164f899feb7b4d261da02c485c9a3e3b6,20260725,1.0,0.9,1
run2,OHLC,OHLC_0087,3,100.07305145263672,100.06520080566406,100.01058959960938,100.00682830810547,100.07305145263672,100.07305145263672,100.00682830810547,100.00682830810547,False,True,True,0.00785064697265625,0.00376129150390625,0.0116119384765625,0.00011611786100219021,KronosPredictor,a7d5f37e2e9fbd9891f7d7d4f72574512dd1f704fee14223e0a8cd0fbf54197c,0b30a443affb03e05a876a083857de9164f899feb7b4d261da02c485c9a3e3b6,20260725,1.0,0.9,1
run2,OHLC,OHLC_0087,4,99.99635314941406,100.07077026367188,99.97605895996094,100.00774383544922,99.99635314941406,100.07077026367188,99.97605895996094,100.00774383544922,False,True,True,0.0,0.0,0.0,0.0,KronosPredictor,a7d5f37e2e9fbd9891f7d7d4f72574512dd1f704fee14223e0a8cd0fbf54197c,0b30a443affb03e05a876a083857de9164f899feb7b4d261da02c485c9a3e3b6,20260725,1.0,0.9,1
run2,OHLC,OHLC_0087,5,99.98963928222656,100.0567855834961,99.9743423461914,100.00680541992188,99.98963928222656,100.0567855834961,99.9743423461914,100.00680541992188,False,True,True,0.0,0.0,0.0,0.0,KronosPredictor,a7d5f37e2e9fbd9891f7d7d4f72574512dd1f704fee14223e0a8cd0fbf54197c,0b30a443affb03e05a876a083857de9164f899feb7b4d261da02c485c9a3e3b6,20260725,1.0,0.9,1
run2,OHLC,OHLC_0088,1,99.99620056152344,100.04863739013672,99.96376037597656,99.99739837646484,99.99620056152344,100.04863739013672,99.96376037597656,99.99739837646484,False,True,True,0.0,0.0,0.0,0.0,KronosPredictor,a7d5f37e2e9fbd9891f7d7d4f72574512dd1f704fee14223e0a8cd0fbf54197c,0b30a443affb03e05a876a083857de9164f899feb7b4d261da02c485c9a3e3b6,20260725,1.0,0.9,1
run2,OHLC,OHLC_0088,2,100.0653305053711,100.0767822265625,99.9642562866211,99.9939193725586,100.0653305053711,100.0767822265625,99.9642562866211,99.9939193725586,False,True,True,0.0,0.0,0.0,0.0,KronosPredictor,a7d5f37e2e9fbd9891f7d7d4f72574512dd1f704fee14223e0a8cd0fbf54197c,0b30a443affb03e05a876a083857de9164f899feb7b4d261da02c485c9a3e3b6,20260725,1.0,0.9,1
run2,OHLC,OHLC_0088,3,99.96537017822266,100.0057601928711,99.93882751464844,99.99219512939453,99.96537017822266,100.0057601928711,99.93882751464844,99.99219512939453,False,True,True,0.0,0.0,0.0,0.0,KronosPredictor,a7d5f37e2e9fbd9891f7d7d4f72574512dd1f704fee14223e0a8cd0fbf54197c,0b30a443affb03e05a876a083857de9164f899feb7b4d261da02c485c9a3e3b6,20260725,1.0,0.9,1
run2,OHLC,OHLC_0088,4,99.94156646728516,99.98188018798828,99.915283203125,99.9898452758789,99.94156646728516,99.9898452758789,99.915283203125,99.9898452758789,False,True,True,0.007965087890625,0.0,0.007965087890625,7.965295117617424e-05,KronosPredictor,a7d5f37e2e9fbd9891f7d7d4f72574512dd1f704fee14223e0a8cd0fbf54197c,0b30a443affb03e05a876a083857de9164f899feb7b4d261da02c485c9a3e3b6,20260725,1.0,0.9,1
run2,OHLC,OHLC_0088,5,99.90599822998047,100.0450668334961,99.90586853027344,99.99055480957031,99.90599822998047,100.0450668334961,99.90586853027344,99.99055480957031,False,True,True,0.0,0.0,0.0,0.0,KronosPredictor,a7d5f37e2e9fbd9891f7d7d4f72574512dd1f704fee14223e0a8cd0fbf54197c,0b30a443affb03e05a876a083857de9164f899feb7b4d261da02c485c9a3e3b6,20260725,1.0,0.9,1
run2,OHLC,OHLC_0089,1,99.8602523803711,100.00640869140625,99.88426208496094,100.00418853759766,99.8602523803711,100.00640869140625,99.8602523803711,100.00418853759766,False,True,True,0.0,0.02400970458984375,0.02400970458984375,0.00024008698976460413,KronosPredictor,a7d5f37e2e9fbd9891f7d7d4f72574512dd1f704fee14223e0a8cd0fbf54197c,0b30a443affb03e05a876a083857de9164f899feb7b4d261da02c485c9a3e3b6,20260725,1.0,0.9,1
run2,OHLC,OHLC_0089,2,99.90115356445312,100.00889587402344,99.89891815185547,100.00322723388672,99.90115356445312,100.00889587402344,99.89891815185547,100.00322723388672,False,True,True,0.0,0.0,0.0,0.0,KronosPredictor,a7d5f37e2e9fbd9891f7d7d4f72574512dd1f704fee14223e0a8cd0fbf54197c,0b30a443affb03e05a876a083857de9164f899feb7b4d261da02c485c9a3e3b6,20260725,1.0,0.9,1
run2,OHLC,OHLC_0089,3,100.00403594970703,100.02867126464844,99.95039367675781,100.00457763671875,100.00403594970703,100.02867126464844,99.95039367675781,100.00457763671875,False,True,True,0.0,0.0,0.0,0.0,KronosPredictor,a7d5f37e2e9fbd9891f7d7d4f72574512dd1f704fee14223e0a8cd0fbf54197c,0b30a443affb03e05a876a083857de9164f899feb7b4d261da02c485c9a3e3b6,20260725,1.0,0.9,1
run2,OHLC,OHLC_0089,4,99.92884063720703,100.04846954345703,99.83390045166016,100.00302124023438,99.92884063720703,100.04846954345703,99.83390045166016,100.00302124023438,False,True,True,0.0,0.0,0.0,0.0,KronosPredictor,a7d5f37e2e9fbd9891f7d7d4f72574512dd1f704fee14223e0a8cd0fbf54197c,0b30a443affb03e05a876a083857de9164f899feb7b4d261da02c485c9a3e3b6,20260725,1.0,0.9,1
run2,OHLC,OHLC_0089,5,99.9035873413086,99.974365234375,99.89779663085938,100.00115203857422,99.9035873413086,100.00115203857422,99.89779663085938,100.00115203857422,False,True,True,0.02678680419921875,0.0,0.02678680419921875,0.00026785682270846046,KronosPredictor,a7d5f37e2e9fbd9891f7d7d4f72574512dd1f704fee14223e0a8cd0fbf54197c,0b30a443affb03e05a876a083857de9164f899feb7b4d261da02c485c9a3e3b6,20260725,1.0,0.9,1
run2,OHLC,OHLC_0090,1,99.9774398803711,100.00283813476562,99.97994995117188,100.02351379394531,99.9774398803711,100.02351379394531,99.9774398803711,100.02351379394531,False,True,True,0.0206756591796875,0.00251007080078125,0.02318572998046875,0.0002318027941733061,KronosPredictor,a7d5f37e2e9fbd9891f7d7d4f72574512dd1f704fee14223e0a8cd0fbf54197c,0b30a443affb03e05a876a083857de9164f899feb7b4d261da02c485c9a3e3b6,20260725,1.0,0.9,1
run2,OHLC,OHLC_0090,2,100.30696105957031,100.17520904541016,99.93848419189453,100.0123519897461,100.30696105957031,100.30696105957031,99.93848419189453,100.0123519897461,False,True,True,0.13175201416015625,0.0,0.13175201416015625,0.0013172104154586454,KronosPredictor,a7d5f37e2e9fbd9891f7d7d4f72574512dd1f704fee14223e0a8cd0fbf54197c,0b30a443affb03e05a876a083857de9164f899feb7b4d261da02c485c9a3e3b6,20260725,1.0,0.9,1
run2,OHLC,OHLC_0090,3,100.09227752685547,100.04432678222656,99.9552993774414,100.00672149658203,100.09227752685547,100.09227752685547,99.9552993774414,100.00672149658203,False,True,True,0.04795074462890625,0.0,0.04795074462890625,0.0004793947224018522,KronosPredictor,a7d5f37e2e9fbd9891f7d7d4f72574512dd1f704fee14223e0a8cd0fbf54197c,0b30a443affb03e05a876a083857de9164f899feb7b4d261da02c485c9a3e3b6,20260725,1.0,0.9,1
run2,OHLC,OHLC_0090,4,99.94178771972656,100.0350112915039,99.9779281616211,100.0182113647461,99.94178771972656,100.0350112915039,99.94178771972656,100.0182113647461,False,True,True,0.0,0.03614044189453125,0.03614044189453125,0.00036131945903223136,KronosPredictor,a7d5f37e2e9fbd9891f7d7d4f72574512dd1f704fee14223e0a8cd0fbf54197c,0b30a443affb03e05a876a083857de9164f899feb7b4d261da02c485c9a3e3b6,20260725,1.0,0.9,1
run2,OHLC,OHLC_0090,5,100.08493041992188,100.0872802734375,100.00386810302734,100.01438903808594,100.08493041992188,100.0872802734375,100.00386810302734,100.01438903808594,False,True,True,0.0,0.0,0.0,0.0,KronosPredictor,a7d5f37e2e9fbd9891f7d7d4f72574512dd1f704fee14223e0a8cd0fbf54197c,0b30a443affb03e05a876a083857de9164f899feb7b4d261da02c485c9a3e3b6,20260725,1.0,0.9,1
run2,OHLC,OHLC_0091,1,99.84530639648438,99.95553588867188,99.83052062988281,99.98101043701172,99.84530639648438,99.98101043701172,99.83052062988281,99.98101043701172,False,True,True,0.02547454833984375,0.0,0.02547454833984375,0.00025479386764042333,KronosPredictor,a7d5f37e2e9fbd9891f7d7d4f72574512dd1f704fee14223e0a8cd0fbf54197c,0b30a443affb03e05a876a083857de9164f899feb7b4d261da02c485c9a3e3b6,20260725,1.0,0.9,1
run2,OHLC,OHLC_0091,2,99.78275299072266,99.96215057373047,99.75324249267578,99.98405456542969,99.78275299072266,99.98405456542969,99.75324249267578,99.98405456542969,False,True,True,0.02190399169921875,0.0,0.02190399169921875,0.00021908151961535054,KronosPredictor,a7d5f37e2e9fbd9891f7d7d4f72574512dd1f704fee14223e0a8cd0fbf54197c,0b30a443affb03e05a876a083857de9164f899feb7b4d261da02c485c9a3e3b6,20260725,1.0,0.9,1
run2,OHLC,OHLC_0091,3,99.86737060546875,99.95652770996094,99.8128433227539,99.97806549072266,99.86737060546875,99.97806549072266,99.8128433227539,99.97806549072266,False,True,True,0.02153778076171875,0.0,0.02153778076171875,0.00021541871468970205,KronosPredictor,a7d5f37e2e9fbd9891f7d7d4f72574512dd1f704fee14223e0a8cd0fbf54197c,0b30a443affb03e05a876a083857de9164f899feb7b4d261da02c485c9a3e3b6,20260725,1.0,0.9,1
run2,OHLC,OHLC_0091,4,99.8818130493164,99.97929382324219,99.82294464111328,99.98004150390625,99.8818130493164,99.98004150390625,99.82294464111328,99.98004150390625,False,True,True,0.0007476806640625,0.0,0.0007476806640625,7.478226723199008e-06,KronosPredictor,a7d5f37e2e9fbd9891f7d7d4f72574512dd1f704fee14223e0a8cd0fbf54197c,0b30a443affb03e05a876a083857de9164f899feb7b4d261da02c485c9a3e3b6,20260725,1.0,0.9,1
run2,OHLC,OHLC_0091,5,99.743896484375,99.98690032958984,99.79006958007812,99.98380279541016,99.743896484375,99.98690032958984,99.743896484375,99.98380279541016,False,True,True,0.0,0.046173095703125,0.046173095703125,0.0004618186543755143,KronosPredictor,a7d5f37e2e9fbd9891f7d7d4f72574512dd1f704fee14223e0a8cd0fbf54197c,0b30a443affb03e05a876a083857de9164f899feb7b4d261da02c485c9a3e3b6,20260725,1.0,0.9,1
run2,OHLC,OHLC_0092,1,99.91279602050781,100.00935363769531,99.91973876953125,100.00536346435547,99.91279602050781,100.00935363769531,99.91279602050781,100.00536346435547,False,True,True,0.0,0.0069427490234375,0.0069427490234375,6.9423766715393e-05,KronosPredictor,a7d5f37e2e9fbd9891f7d7d4f72574512dd1f704fee14223e0a8cd0fbf54197c,0b30a443affb03e05a876a083857de9164f899feb7b4d261da02c485c9a3e3b6,20260725,1.0,0.9,1
run2,OHLC,OHLC_0092,2,100.0323257446289,100.00382232666016,100.00909423828125,100.0106430053711,100.0323257446289,100.0323257446289,100.00909423828125,100.0106430053711,False,True,True,0.02850341796875,0.0,0.02850341796875,0.0002850188928007783,KronosPredictor,a7d5f37e2e9fbd9891f7d7d4f72574512dd1f704fee14223e0a8cd0fbf54197c,0b30a443affb03e05a876a083857de9164f899feb7b4d261da02c485c9a3e3b6,20260725,1.0,0.9,1
run2,OHLC,OHLC_0092,3,100.04449462890625,100.17774963378906,99.99085998535156,100.00791931152344,100.04449462890625,100.17774963378906,99.99085998535156,100.00791931152344,False,True,True,0.0,0.0,0.0,0.0,KronosPredictor,a7d5f37e2e9fbd9891f7d7d4f72574512dd1f704fee14223e0a8cd0fbf54197c,0b30a443affb03e05a876a083857de9164f899feb7b4d261da02c485c9a3e3b6,20260725,1.0,0.9,1
run2,OHLC,OHLC_0092,4,99.94944763183594,100.00111389160156,99.99334716796875,100.01095581054688,99.94944763183594,100.01095581054688,99.94944763183594,100.01095581054688,False,True,True,0.0098419189453125,0.0438995361328125,0.053741455078125,0.0005373857282892618,KronosPredictor,a7d5f37e2e9fbd9891f7d7d4f72574512dd1f704fee14223e0a8cd0fbf54197c,0b30a443affb03e05a876a083857de9164f899feb7b4d261da02c485c9a3e3b6,20260725,1.0,0.9,1
run2,OHLC,OHLC_0092,5,100.1741714477539,100.10133361816406,99.9491195678711,100.00565338134766,100.1741714477539,100.1741714477539,99.9491195678711,100.00565338134766,False,True,True,0.07283782958984375,0.0,0.07283782958984375,0.0007283392316833593,KronosPredictor,a7d5f37e2e9fbd9891f7d7d4f72574512dd1f704fee14223e0a8cd0fbf54197c,0b30a443affb03e05a876a083857de9164f899feb7b4d261da02c485c9a3e3b6,20260725,1.0,0.9,1
run2,OHLC,OHLC_0093,1,100.0434799194336,100.08442687988281,99.97314453125,99.99266815185547,100.0434799194336,100.08442687988281,99.97314453125,99.99266815185547,True,True,False,0.0,0.0,0.0,0.0,KronosPredictor,a7d5f37e2e9fbd9891f7d7d4f72574512dd1f704fee14223e0a8cd0fbf54197c,0b30a443affb03e05a876a083857de9164f899feb7b4d261da02c485c9a3e3b6,20260725,1.0,0.9,1
run2,OHLC,OHLC_0093,2,99.93838500976562,100.11388397216797,99.91423034667969,99.9935302734375,99.93838500976562,100.11388397216797,99.91423034667969,99.9935302734375,True,True,False,0.0,0.0,0.0,0.0,KronosPredictor,a7d5f37e2e9fbd9891f7d7d4f72574512dd1f704fee14223e0a8cd0fbf54197c,0b30a443affb03e05a876a083857de9164f899feb7b4d261da02c485c9a3e3b6,20260725,1.0,0.9,1
run2,OHLC,OHLC_0093,3,100.00139617919922,100.06258392333984,99.90996551513672,99.98947143554688,100.00139617919922,100.06258392333984,99.90996551513672,99.98947143554688,True,True,False,0.0,0.0,0.0,0.0,KronosPredictor,a7d5f37e2e9fbd9891f7d7d4f72574512dd1f704fee14223e0a8cd0fbf54197c,0b30a443affb03e05a876a083857de9164f899feb7b4d261da02c485c9a3e3b6,20260725,1.0,0.9,1
run2,OHLC,OHLC_0093,4,100.02251434326172,100.15081024169922,99.95353698730469,99.98831939697266,100.02251434326172,100.15081024169922,99.95353698730469,99.98831939697266,True,True,False,0.0,0.0,0.0,0.0,KronosPredictor,a7d5f37e2e9fbd9891f7d7d4f72574512dd1f704fee14223e0a8cd0fbf54197c,0b30a443affb03e05a876a083857de9164f899feb7b4d261da02c485c9a3e3b6,20260725,1.0,0.9,1
run2,OHLC,OHLC_0093,5,100.00033569335938,100.07054901123047,99.96956634521484,99.99391174316406,100.00033569335938,100.07054901123047,99.96956634521484,99.99391174316406,True,True,False,0.0,0.0,0.0,0.0,KronosPredictor,a7d5f37e2e9fbd9891f7d7d4f72574512dd1f704fee14223e0a8cd0fbf54197c,0b30a443affb03e05a876a083857de9164f899feb7b4d261da02c485c9a3e3b6,20260725,1.0,0.9,1
run2,OHLC,OHLC_0094,1,100.10533905029297,100.07402801513672,100.01409149169922,100.0077133178711,100.10533905029297,100.10533905029297,100.0077133178711,100.0077133178711,False,True,True,0.03131103515625,0.006378173828125,0.037689208984375,0.0003768630212009862,KronosPredictor,a7d5f37e2e9fbd9891f7d7d4f72574512dd1f704fee14223e0a8cd0fbf54197c,0b30a443affb03e05a876a083857de9164f899feb7b4d261da02c485c9a3e3b6,20260725,1.0,0.9,1
run2,OHLC,OHLC_0094,2,99.92981719970703,100.06680297851562,99.9568862915039,100.00846099853516,99.92981719970703,100.06680297851562,99.92981719970703,100.00846099853516,False,True,True,0.0,0.027069091796875,0.027069091796875,0.0002706700403281577,KronosPredictor,a7d5f37e2e9fbd9891f7d7d4f72574512dd1f704fee14223e0a8cd0fbf54197c,0b30a443affb03e05a876a083857de9164f899feb7b4d261da02c485c9a3e3b6,20260725,1.0,0.9,1
run2,OHLC,OHLC_0094,3,99.97486877441406,100.0729751586914,99.95648193359375,100.00825500488281,99.97486877441406,100.0729751586914,99.95648193359375,100.00825500488281,False,True,True,0.0,0.0,0.0,0.0,KronosPredictor,a7d5f37e2e9fbd9891f7d7d4f72574512dd1f704fee14223e0a8cd0fbf54197c,0b30a443affb03e05a876a083857de9164f899feb7b4d261da02c485c9a3e3b6,20260725,1.0,0.9,1
run2,OHLC,OHLC_0094,4,100.10196685791016,100.03517150878906,99.96885681152344,100.00414276123047,100.10196685791016,100.10196685791016,99.96885681152344,100.00414276123047,False,True,True,0.06679534912109375,0.0,0.06679534912109375,0.0006679019738086303,KronosPredictor,a7d5f37e2e9fbd9891f7d7d4f72574512dd1f704fee14223e0a8cd0fbf54197c,0b30a443affb03e05a876a083857de9164f899feb7b4d261da02c485c9a3e3b6,20260725,1.0,0.9,1
run2,OHLC,OHLC_0094,5,99.97066497802734,100.04681396484375,99.9493179321289,100.00596618652344,99.97066497802734,100.04681396484375,99.9493179321289,100.00596618652344,False,True,True,0.0,0.0,0.0,0.0,KronosPredictor,a7d5f37e2e9fbd9891f7d7d4f72574512dd1f704fee14223e0a8cd0fbf54197c,0b30a443affb03e05a876a083857de9164f899feb7b4d261da02c485c9a3e3b6,20260725,1.0,0.9,1
run2,OHLC,OHLC_0095,1,99.95532989501953,100.05276489257812,99.89088439941406,100.00092315673828,99.95532989501953,100.05276489257812,99.89088439941406,100.00092315673828,True,True,False,0.0,0.0,0.0,0.0,KronosPredictor,a7d5f37e2e9fbd9891f7d7d4f72574512dd1f704fee14223e0a8cd0fbf54197c,0b30a443affb03e05a876a083857de9164f899feb7b4d261da02c485c9a3e3b6,20260725,1.0,0.9,1
run2,OHLC,OHLC_0095,2,99.98493957519531,100.06600952148438,99.9242172241211,99.9999008178711,99.98493957519531,100.06600952148438,99.9242172241211,99.9999008178711,True,True,False,0.0,0.0,0.0,0.0,KronosPredictor,a7d5f37e2e9fbd9891f7d7d4f72574512dd1f704fee14223e0a8cd0fbf54197c,0b30a443affb03e05a876a083857de9164f899feb7b4d261da02c485c9a3e3b6,20260725,1.0,0.9,1
run2,OHLC,OHLC_0095,3,100.0569076538086,100.08001708984375,99.94749450683594,99.99903106689453,100.0569076538086,100.08001708984375,99.94749450683594,99.99903106689453,True,True,False,0.0,0.0,0.0,0.0,KronosPredictor,a7d5f37e2e9fbd9891f7d7d4f72574512dd1f704fee14223e0a8cd0fbf54197c,0b30a443affb03e05a876a083857de9164f899feb7b4d261da02c485c9a3e3b6,20260725,1.0,0.9,1
run2,OHLC,OHLC_0095,4,99.9915771484375,100.09950256347656,99.93104553222656,100.00189971923828,99.9915771484375,100.09950256347656,99.93104553222656,100.00189971923828,True,True,False,0.0,0.0,0.0,0.0,KronosPredictor,a7d5f37e2e9fbd9891f7d7d4f72574512dd1f704fee14223e0a8cd0fbf54197c,0b30a443affb03e05a876a083857de9164f899feb7b4d261da02c485c9a3e3b6,20260725,1.0,0.9,1
run2,OHLC,OHLC_0095,5,100.01074981689453,100.11038970947266,99.93354797363281,100.00370025634766,100.01074981689453,100.11038970947266,99.93354797363281,100.00370025634766,True,True,False,0.0,0.0,0.0,0.0,KronosPredictor,a7d5f37e2e9fbd9891f7d7d4f72574512dd1f704fee14223e0a8cd0fbf54197c,0b30a443affb03e05a876a083857de9164f899feb7b4d261da02c485c9a3e3b6,20260725,1.0,0.9,1
run2,OHLC,OHLC_0096,1,100.04617309570312,100.07585906982422,99.98260498046875,100.00704956054688,100.04617309570312,100.07585906982422,99.98260498046875,100.00704956054688,False,True,True,0.0,0.0,0.0,0.0,KronosPredictor,a7d5f37e2e9fbd9891f7d7d4f72574512dd1f704fee14223e0a8cd0fbf54197c,0b30a443affb03e05a876a083857de9164f899feb7b4d261da02c485c9a3e3b6,20260725,1.0,0.9,1
run2,OHLC,OHLC_0096,2,100.14132690429688,100.10262298583984,99.95724487304688,100.00106811523438,100.14132690429688,100.14132690429688,99.95724487304688,100.00106811523438,False,True,True,0.03870391845703125,0.0,0.03870391845703125,0.0003870119019319622,KronosPredictor,a7d5f37e2e9fbd9891f7d7d4f72574512dd1f704fee14223e0a8cd0fbf54197c,0b30a443affb03e05a876a083857de9164f899feb7b4d261da02c485c9a3e3b6,20260725,1.0,0.9,1
run2,OHLC,OHLC_0096,3,100.06737518310547,100.04974365234375,99.96994018554688,100.00108337402344,100.06737518310547,100.06737518310547,99.96994018554688,100.00108337402344,False,True,True,0.01763153076171875,0.0,0.01763153076171875,0.00017630287903898375,KronosPredictor,a7d5f37e2e9fbd9891f7d7d4f72574512dd1f704fee14223e0a8cd0fbf54197c,0b30a443affb03e05a876a083857de9164f899feb7b4d261da02c485c9a3e3b6,20260725,1.0,0.9,1
run2,OHLC,OHLC_0096,4,100.06648254394531,100.03777313232422,100.00819396972656,100.00393676757812,100.06648254394531,100.06648254394531,100.00393676757812,100.00393676757812,False,True,True,0.02870941162109375,0.0042572021484375,0.03296661376953125,0.0003296428993195365,KronosPredictor,a7d5f37e2e9fbd9891f7d7d4f72574512dd1f704fee14223e0a8cd0fbf54197c,0b30a443affb03e05a876a083857de9164f899feb7b4d261da02c485c9a3e3b6,20260725,1.0,0.9,1
run2,OHLC,OHLC_0096,5,100.0793228149414,100.06298065185547,100.01795959472656,100.00669860839844,100.0793228149414,100.0793228149414,100.00669860839844,100.00669860839844,False,True,True,0.0163421630859375,0.011260986328125,0.0276031494140625,0.0002760120365049949,KronosPredictor,a7d5f37e2e9fbd9891f7d7d4f72574512dd1f704fee14223e0a8cd0fbf54197c,0b30a443affb03e05a876a083857de9164f899feb7b4d261da02c485c9a3e3b6,20260725,1.0,0.9,1
run2,OHLC,OHLC_0097,1,100.08744812011719,100.03428649902344,100.01344299316406,99.99640655517578,100.08744812011719,100.08744812011719,99.99640655517578,99.99640655517578,False,True,True,0.05316162109375,0.01703643798828125,0.07019805908203125,0.0007020058170120096,KronosPredictor,a7d5f37e2e9fbd9891f7d7d4f72574512dd1f704fee14223e0a8cd0fbf54197c,0b30a443affb03e05a876a083857de9164f899feb7b4d261da02c485c9a3e3b6,20260725,1.0,0.9,1
run2,OHLC,OHLC_0097,2,100.00382995605469,100.0005874633789,100.00225830078125,99.999267578125,100.00382995605469,100.00382995605469,99.999267578125,99.999267578125,False,True,True,0.00324249267578125,0.00299072265625,0.00623321533203125,6.233439327234125e-05,KronosPredictor,a7d5f37e2e9fbd9891f7d7d4f72574512dd1f704fee14223e0a8cd0fbf54197c,0b30a443affb03e05a876a083857de9164f899feb7b4d261da02c485c9a3e3b6,20260725,1.0,0.9,1
run2,OHLC,OHLC_0097,3,99.9929428100586,100.05260467529297,99.9599609375,99.99930572509766,99.9929428100586,100.05260467529297,99.9599609375,99.99930572509766,False,True,True,0.0,0.0,0.0,0.0,KronosPredictor,a7d5f37e2e9fbd9891f7d7d4f72574512dd1f704fee14223e0a8cd0fbf54197c,0b30a443affb03e05a876a083857de9164f899feb7b4d261da02c485c9a3e3b6,20260725,1.0,0.9,1
run2,OHLC,OHLC_0097,4,99.99418640136719,100.06398010253906,99.98158264160156,100.00431823730469,99.99418640136719,100.06398010253906,99.98158264160156,100.00431823730469,False,True,True,0.0,0.0,0.0,0.0,KronosPredictor,a7d5f37e2e9fbd9891f7d7d4f72574512dd1f704fee14223e0a8cd0fbf54197c,0b30a443affb03e05a876a083857de9164f899feb7b4d261da02c485c9a3e3b6,20260725,1.0,0.9,1
run2,OHLC,OHLC_0097,5,100.15132904052734,100.0376968383789,100.08424377441406,100.00130462646484,100.15132904052734,100.15132904052734,100.00130462646484,100.00130462646484,False,True,True,0.1136322021484375,0.08293914794921875,0.19657135009765625,0.001965784140345009,KronosPredictor,a7d5f37e2e9fbd9891f7d7d4f72574512dd1f704fee14223e0a8cd0fbf54197c,0b30a443affb03e05a876a083857de9164f899feb7b4d261da02c485c9a3e3b6,20260725,1.0,0.9,1
run2,OHLC,OHLC_0098,1,99.88699340820312,100.0230941772461,99.8873062133789,99.98988342285156,99.88699340820312,100.0230941772461,99.88699340820312,99.98988342285156,False,True,True,0.0,0.00031280517578125,0.00031280517578125,3.1283682415991486e-06,KronosPredictor,a7d5f37e2e9fbd9891f7d7d4f72574512dd1f704fee14223e0a8cd0fbf54197c,0b30a443affb03e05a876a083857de9164f899feb7b4d261da02c485c9a3e3b6,20260725,1.0,0.9,1
run2,OHLC,OHLC_0098,2,99.95934295654297,100.00484466552734,99.93354797363281,99.98542022705078,99.95934295654297,100.00484466552734,99.93354797363281,99.98542022705078,False,True,True,0.0,0.0,0.0,0.0,KronosPredictor,a7d5f37e2e9fbd9891f7d7d4f72574512dd1f704fee14223e0a8cd0fbf54197c,0b30a443affb03e05a876a083857de9164f899feb7b4d261da02c485c9a3e3b6,20260725,1.0,0.9,1
run2,OHLC,OHLC_0098,3,99.96514129638672,99.990966796875,99.95321655273438,99.98758697509766,99.96514129638672,99.990966796875,99.95321655273438,99.98758697509766,False,True,True,0.0,0.0,0.0,0.0,KronosPredictor,a7d5f37e2e9fbd9891f7d7d4f72574512dd1f704fee14223e0a8cd0fbf54197c,0b30a443affb03e05a876a083857de9164f899feb7b4d261da02c485c9a3e3b6,20260725,1.0,0.9,1
run2,OHLC,OHLC_0098,4,99.87565612792969,99.99877166748047,99.91474151611328,99.99166107177734,99.87565612792969,99.99877166748047,99.87565612792969,99.99166107177734,False,True,True,0.0,0.03908538818359375,0.03908538818359375,0.00039089342687103506,KronosPredictor,a7d5f37e2e9fbd9891f7d7d4f72574512dd1f704fee14223e0a8cd0fbf54197c,0b30a443affb03e05a876a083857de9164f899feb7b4d261da02c485c9a3e3b6,20260725,1.0,0.9,1
run2,OHLC,OHLC_0098,5,100.0767822265625,100.08214569091797,99.9542236328125,99.98777770996094,100.0767822265625,100.08214569091797,99.9542236328125,99.98777770996094,False,True,True,0.0,0.0,0.0,0.0,KronosPredictor,a7d5f37e2e9fbd9891f7d7d4f72574512dd1f704fee14223e0a8cd0fbf54197c,0b30a443affb03e05a876a083857de9164f899feb7b4d261da02c485c9a3e3b6,20260725,1.0,0.9,1
run2,OHLC,OHLC_0099,1,100.01171112060547,100.077392578125,99.9246597290039,99.999755859375,100.01171112060547,100.077392578125,99.9246597290039,99.999755859375,False,True,True,0.0,0.0,0.0,0.0,KronosPredictor,a7d5f37e2e9fbd9891f7d7d4f72574512dd1f704fee14223e0a8cd0fbf54197c,0b30a443affb03e05a876a083857de9164f899feb7b4d261da02c485c9a3e3b6,20260725,1.0,0.9,1
run2,OHLC,OHLC_0099,2,100.06361389160156,100.15921020507812,99.97171783447266,100.00403594970703,100.06361389160156,100.15921020507812,99.97171783447266,100.00403594970703,False,True,True,0.0,0.0,0.0,0.0,KronosPredictor,a7d5f37e2e9fbd9891f7d7d4f72574512dd1f704fee14223e0a8cd0fbf54197c,0b30a443affb03e05a876a083857de9164f899feb7b4d261da02c485c9a3e3b6,20260725,1.0,0.9,1
run2,OHLC,OHLC_0099,3,100.16936492919922,100.14266204833984,100.03392028808594,100.00393676757812,100.16936492919922,100.16936492919922,100.00393676757812,100.00393676757812,False,True,True,0.026702880859375,0.0299835205078125,0.0566864013671875,0.0005668653976205997,KronosPredictor,a7d5f37e2e9fbd9891f7d7d4f72574512dd1f704fee14223e0a8cd0fbf54197c,0b30a443affb03e05a876a083857de9164f899feb7b4d261da02c485c9a3e3b6,20260725,1.0,0.9,1
run2,OHLC,OHLC_0099,4,100.10710906982422,100.09817504882812,100.04193878173828,100.00576782226562,100.10710906982422,100.10710906982422,100.00576782226562,100.00576782226562,False,True,True,0.00893402099609375,0.03617095947265625,0.04510498046875,0.0004510509058860007,KronosPredictor,a7d5f37e2e9fbd9891f7d7d4f72574512dd1f704fee14223e0a8cd0fbf54197c,0b30a443affb03e05a876a083857de9164f899feb7b4d261da02c485c9a3e3b6,20260725,1.0,0.9,1
run2,OHLC,OHLC_0099,5,100.13204193115234,100.09617614746094,100.02661895751953,100.00259399414062,100.13204193115234,100.13204193115234,100.00259399414062,100.00259399414062,False,True,True,0.03586578369140625,0.02402496337890625,0.0598907470703125,0.0005989089328831369,KronosPredictor,a7d5f37e2e9fbd9891f7d7d4f72574512dd1f704fee14223e0a8cd0fbf54197c,0b30a443affb03e05a876a083857de9164f899feb7b4d261da02c485c9a3e3b6,20260725,1.0,0.9,1
run2,OHLCV+amount,OHLCV+amount_0000,1,99.98280334472656,100.04867553710938,99.92594909667969,99.99456787109375,99.98280334472656,100.04867553710938,99.92594909667969,99.99456787109375,True,True,False,0.0,0.0,0.0,0.0,KronosPredictor,a7d5f37e2e9fbd9891f7d7d4f72574512dd1f704fee14223e0a8cd0fbf54197c,0b30a443affb03e05a876a083857de9164f899feb7b4d261da02c485c9a3e3b6,20260725,1.0,0.9,1
run2,OHLCV+amount,OHLCV+amount_0000,2,99.99436950683594,100.10016632080078,99.93561553955078,99.99708557128906,99.99436950683594,100.10016632080078,99.93561553955078,99.99708557128906,True,True,False,0.0,0.0,0.0,0.0,KronosPredictor,a7d5f37e2e9fbd9891f7d7d4f72574512dd1f704fee14223e0a8cd0fbf54197c,0b30a443affb03e05a876a083857de9164f899feb7b4d261da02c485c9a3e3b6,20260725,1.0,0.9,1
run2,OHLCV+amount,OHLCV+amount_0000,3,100.03825378417969,100.04899597167969,99.94856262207031,99.99356842041016,100.03825378417969,100.04899597167969,99.94856262207031,99.99356842041016,True,True,False,0.0,0.0,0.0,0.0,KronosPredictor,a7d5f37e2e9fbd9891f7d7d4f72574512dd1f704fee14223e0a8cd0fbf54197c,0b30a443affb03e05a876a083857de9164f899feb7b4d261da02c485c9a3e3b6,20260725,1.0,0.9,1
run2,OHLCV+amount,OHLCV+amount_0000,4,99.97867584228516,100.06114196777344,99.91233825683594,99.99422454833984,99.97867584228516,100.06114196777344,99.91233825683594,99.99422454833984,True,True,False,0.0,0.0,0.0,0.0,KronosPredictor,a7d5f37e2e9fbd9891f7d7d4f72574512dd1f704fee14223e0a8cd0fbf54197c,0b30a443affb03e05a876a083857de9164f899feb7b4d261da02c485c9a3e3b6,20260725,1.0,0.9,1
run2,OHLCV+amount,OHLCV+amount_0000,5,99.95669555664062,100.00580596923828,99.92607116699219,99.99273681640625,99.95669555664062,100.00580596923828,99.92607116699219,99.99273681640625,True,True,False,0.0,0.0,0.0,0.0,KronosPredictor,a7d5f37e2e9fbd9891f7d7d4f72574512dd1f704fee14223e0a8cd0fbf54197c,0b30a443affb03e05a876a083857de9164f899feb7b4d261da02c485c9a3e3b6,20260725,1.0,0.9,1
run2,OHLCV+amount,OHLCV+amount_0001,1,99.91403198242188,99.99418640136719,99.93829345703125,99.9920883178711,99.91403198242188,99.99418640136719,99.91403198242188,99.9920883178711,False,True,True,0.0,0.024261474609375,0.024261474609375,0.00024263394252001903,KronosPredictor,a7d5f37e2e9fbd9891f7d7d4f72574512dd1f704fee14223e0a8cd0fbf54197c,0b30a443affb03e05a876a083857de9164f899feb7b4d261da02c485c9a3e3b6,20260725,1.0,0.9,1
run2,OHLCV+amount,OHLCV+amount_0001,2,99.94579315185547,100.0015640258789,99.93033599853516,99.99072265625,99.94579315185547,100.0015640258789,99.93033599853516,99.99072265625,False,True,True,0.0,0.0,0.0,0.0,KronosPredictor,a7d5f37e2e9fbd9891f7d7d4f72574512dd1f704fee14223e0a8cd0fbf54197c,0b30a443affb03e05a876a083857de9164f899feb7b4d261da02c485c9a3e3b6,20260725,1.0,0.9,1
run2,OHLCV+amount,OHLCV+amount_0001,3,99.97199249267578,100.01392364501953,99.95425415039062,99.9920654296875,99.97199249267578,100.01392364501953,99.95425415039062,99.9920654296875,False,True,True,0.0,0.0,0.0,0.0,KronosPredictor,a7d5f37e2e9fbd9891f7d7d4f72574512dd1f704fee14223e0a8cd0fbf54197c,0b30a443affb03e05a876a083857de9164f899feb7b4d261da02c485c9a3e3b6,20260725,1.0,0.9,1
run2,OHLCV+amount,OHLCV+amount_0001,4,100.0202407836914,100.02909851074219,99.96867370605469,99.99269104003906,100.0202407836914,100.02909851074219,99.96867370605469,99.99269104003906,False,True,True,0.0,0.0,0.0,0.0,KronosPredictor,a7d5f37e2e9fbd9891f7d7d4f72574512dd1f704fee14223e0a8cd0fbf54197c,0b30a443affb03e05a876a083857de9164f899feb7b4d261da02c485c9a3e3b6,20260725,1.0,0.9,1
run2,OHLCV+amount,OHLCV+amount_0001,5,99.98225402832031,100.07366943359375,99.92798614501953,99.99424743652344,99.98225402832031,100.07366943359375,99.92798614501953,99.99424743652344,False,True,True,0.0,0.0,0.0,0.0,KronosPredictor,a7d5f37e2e9fbd9891f7d7d4f72574512dd1f704fee14223e0a8cd0fbf54197c,0b30a443affb03e05a876a083857de9164f899feb7b4d261da02c485c9a3e3b6,20260725,1.0,0.9,1
run2,OHLCV+amount,OHLCV+amount_0002,1,100.0147705078125,100.01917266845703,99.95729064941406,99.99249267578125,100.0147705078125,100.01917266845703,99.95729064941406,99.99249267578125,False,True,True,0.0,0.0,0.0,0.0,KronosPredictor,a7d5f37e2e9fbd9891f7d7d4f72574512dd1f704fee14223e0a8cd0fbf54197c,0b30a443affb03e05a876a083857de9164f899feb7b4d261da02c485c9a3e3b6,20260725,1.0,0.9,1
run2,OHLCV+amount,OHLCV+amount_0002,2,99.96195983886719,100.12677001953125,99.94098663330078,99.99317169189453,99.96195983886719,100.12677001953125,99.94098663330078,99.99317169189453,False,True,True,0.0,0.0,0.0,0.0,KronosPredictor,a7d5f37e2e9fbd9891f7d7d4f72574512dd1f704fee14223e0a8cd0fbf54197c,0b30a443affb03e05a876a083857de9164f899feb7b4d261da02c485c9a3e3b6,20260725,1.0,0.9,1
run2,OHLCV+amount,OHLCV+amount_0002,3,100.16999053955078,100.12417602539062,99.93771362304688,99.99213409423828,100.16999053955078,100.16999053955078,99.93771362304688,99.99213409423828,False,True,True,0.04581451416015625,0.0,0.04581451416015625,0.00045817953862503104,KronosPredictor,a7d5f37e2e9fbd9891f7d7d4f72574512dd1f704fee14223e0a8cd0fbf54197c,0b30a443affb03e05a876a083857de9164f899feb7b4d261da02c485c9a3e3b6,20260725,1.0,0.9,1
run2,OHLCV+amount,OHLCV+amount_0002,4,100.12256622314453,100.06100463867188,99.97906494140625,99.99305725097656,100.12256622314453,100.12256622314453,99.97906494140625,99.99305725097656,False,True,True,0.06156158447265625,0.0,0.06156158447265625,0.0006156620644738344,KronosPredictor,a7d5f37e2e9fbd9891f7d7d4f72574512dd1f704fee14223e0a8cd0fbf54197c,0b30a443affb03e05a876a083857de9164f899feb7b4d261da02c485c9a3e3b6,20260725,1.0,0.9,1
run2,OHLCV+amount,OHLCV+amount_0002,5,99.98856353759766,100.12264251708984,99.96735382080078,99.99536895751953,99.98856353759766,100.12264251708984,99.96735382080078,99.99536895751953,False,True,True,0.0,0.0,0.0,0.0,KronosPredictor,a7d5f37e2e9fbd9891f7d7d4f72574512dd1f704fee14223e0a8cd0fbf54197c,0b30a443affb03e05a876a083857de9164f899feb7b4d261da02c485c9a3e3b6,20260725,1.0,0.9,1
run2,OHLCV+amount,OHLCV+amount_0003,1,100.11466979980469,100.1065673828125,100.02962493896484,100.01034545898438,100.11466979980469,100.11466979980469,100.01034545898438,100.01034545898438,False,True,True,0.0081024169921875,0.01927947998046875,0.02738189697265625,0.00027379064482769877,KronosPredictor,a7d5f37e2e9fbd9891f7d7d4f72574512dd1f704fee14223e0a8cd0fbf54197c,0b30a443affb03e05a876a083857de9164f899feb7b4d261da02c485c9a3e3b6,20260725,1.0,0.9,1
run2,OHLCV+amount,OHLCV+amount_0003,2,100.16390228271484,100.1185073852539,99.97759246826172,100.0014877319336,100.16390228271484,100.16390228271484,99.97759246826172,100.0014877319336,False,True,True,0.0453948974609375,0.0,0.0453948974609375,0.000453902016362443,KronosPredictor,a7d5f37e2e9fbd9891f7d7d4f72574512dd1f704fee14223e0a8cd0fbf54197c,0b30a443affb03e05a876a083857de9164f899feb7b4d261da02c485c9a3e3b6,20260725,1.0,0.9,1
run2,OHLCV+amount,OHLCV+amount_0003,3,99.96733093261719,100.12889099121094,99.95305633544922,100.01371765136719,99.96733093261719,100.12889099121094,99.95305633544922,100.01371765136719,False,True,True,0.0,0.0,0.0,0.0,KronosPredictor,a7d5f37e2e9fbd9891f7d7d4f72574512dd1f704fee14223e0a8cd0fbf54197c,0b30a443affb03e05a876a083857de9164f899feb7b4d261da02c485c9a3e3b6,20260725,1.0,0.9,1
run2,OHLCV+amount,OHLCV+amount_0003,4,100.04237365722656,100.0357894897461,99.9709701538086,100.00067901611328,100.04237365722656,100.04237365722656,99.9709701538086,100.00067901611328,False,True,True,0.00658416748046875,0.0,0.00658416748046875,6.583486388584678e-05,KronosPredictor,a7d5f37e2e9fbd9891f7d7d4f72574512dd1f704fee14223e0a8cd0fbf54197c,0b30a443affb03e05a876a083857de9164f899feb7b4d261da02c485c9a3e3b6,20260725,1.0,0.9,1
run2,OHLCV+amount,OHLCV+amount_0003,5,100.04564666748047,100.09910583496094,99.99174499511719,100.01123809814453,100.04564666748047,100.09910583496094,99.99174499511719,100.01123809814453,False,True,True,0.0,0.0,0.0,0.0,KronosPredictor,a7d5f37e2e9fbd9891f7d7d4f72574512dd1f704fee14223e0a8cd0fbf54197c,0b30a443affb03e05a876a083857de9164f899feb7b4d261da02c485c9a3e3b6,20260725,1.0,0.9,1
run2,OHLCV+amount,OHLCV+amount_0004,1,99.90180969238281,99.99576568603516,99.92817687988281,99.99479675292969,99.90180969238281,99.99576568603516,99.90180969238281,99.99479675292969,False,True,True,0.0,0.0263671875,0.0263671875,0.0002636855952130078,KronosPredictor,a7d5f37e2e9fbd9891f7d7d4f72574512dd1f704fee14223e0a8cd0fbf54197c,0b30a443affb03e05a876a083857de9164f899feb7b4d261da02c485c9a3e3b6,20260725,1.0,0.9,1
run2,OHLCV+amount,OHLCV+amount_0004,2,100.05805206298828,100.04151916503906,99.9271469116211,99.99266052246094,100.05805206298828,100.05805206298828,99.9271469116211,99.99266052246094,False,True,True,0.01653289794921875,0.0,0.01653289794921875,0.00016533758241510065,KronosPredictor,a7d5f37e2e9fbd9891f7d7d4f72574512dd1f704fee14223e0a8cd0fbf54197c,0b30a443affb03e05a876a083857de9164f899feb7b4d261da02c485c9a3e3b6,20260725,1.0,0.9,1
run2,OHLCV+amount,OHLCV+amount_0004,3,99.95577239990234,100.01116943359375,99.95128631591797,99.99629974365234,99.95577239990234,100.01116943359375,99.95128631591797,99.99629974365234,False,True,True,0.0,0.0,0.0,0.0,KronosPredictor,a7d5f37e2e9fbd9891f7d7d4f72574512dd1f704fee14223e0a8cd0fbf54197c,0b30a443affb03e05a876a083857de9164f899feb7b4d261da02c485c9a3e3b6,20260725,1.0,0.9,1
run2,OHLCV+amount,OHLCV+amount_0004,4,99.85999298095703,99.996826171875,99.92522430419922,99.99723052978516,99.85999298095703,99.99723052978516,99.85999298095703,99.99723052978516,False,True,True,0.00040435791015625,0.0652313232421875,0.06563568115234375,0.0006563909651671024,KronosPredictor,a7d5f37e2e9fbd9891f7d7d4f72574512dd1f704fee14223e0a8cd0fbf54197c,0b30a443affb03e05a876a083857de9164f899feb7b4d261da02c485c9a3e3b6,20260725,1.0,0.9,1
run2,OHLCV+amount,OHLCV+amount_0004,5,99.84000396728516,99.9748306274414,99.90773010253906,99.99555969238281,99.84000396728516,99.99555969238281,99.84000396728516,99.99555969238281,False,True,True,0.02072906494140625,0.06772613525390625,0.0884552001953125,0.0008845980297741933,KronosPredictor,a7d5f37e2e9fbd9891f7d7d4f72574512dd1f704fee14223e0a8cd0fbf54197c,0b30a443affb03e05a876a083857de9164f899feb7b4d261da02c485c9a3e3b6,20260725,1.0,0.9,1
run2,OHLCV+amount,OHLCV+amount_0005,1,99.87494659423828,100.02354431152344,99.90010833740234,100.00373840332031,99.87494659423828,100.02354431152344,99.87494659423828,100.00373840332031,False,True,True,0.0,0.0251617431640625,0.0251617431640625,0.00025160802551784484,KronosPredictor,a7d5f37e2e9fbd9891f7d7d4f72574512dd1f704fee14223e0a8cd0fbf54197c,0b30a443affb03e05a876a083857de9164f899feb7b4d261da02c485c9a3e3b6,20260725,1.0,0.9,1
run2,OHLCV+amount,OHLCV+amount_0005,2,99.95492553710938,100.01327514648438,99.91753387451172,99.99772644042969,99.95492553710938,100.01327514648438,99.91753387451172,99.99772644042969,False,True,True,0.0,0.0,0.0,0.0,KronosPredictor,a7d5f37e2e9fbd9891f7d7d4f72574512dd1f704fee14223e0a8cd0fbf54197c,0b30a443affb03e05a876a083857de9164f899feb7b4d261da02c485c9a3e3b6,20260725,1.0,0.9,1
run2,OHLCV+amount,OHLCV+amount_0005,3,99.99127960205078,100.04027557373047,99.92442321777344,99.99828338623047,99.99127960205078,100.04027557373047,99.92442321777344,99.99828338623047,False,True,True,0.0,0.0,0.0,0.0,KronosPredictor,a7d5f37e2e9fbd9891f7d7d4f72574512dd1f704fee14223e0a8cd0fbf54197c,0b30a443affb03e05a876a083857de9164f899feb7b4d261da02c485c9a3e3b6,20260725,1.0,0.9,1
run2,OHLCV+amount,OHLCV+amount_0005,4,99.9865493774414,100.01781463623047,99.9620132446289,99.99771118164062,99.9865493774414,100.01781463623047,99.9620132446289,99.99771118164062,False,True,True,0.0,0.0,0.0,0.0,KronosPredictor,a7d5f37e2e9fbd9891f7d7d4f72574512dd1f704fee14223e0a8cd0fbf54197c,0b30a443affb03e05a876a083857de9164f899feb7b4d261da02c485c9a3e3b6,20260725,1.0,0.9,1
run2,OHLCV+amount,OHLCV+amount_0005,5,99.99710845947266,100.0276870727539,99.9246826171875,99.99365234375,99.99710845947266,100.0276870727539,99.9246826171875,99.99365234375,False,True,True,0.0,0.0,0.0,0.0,KronosPredictor,a7d5f37e2e9fbd9891f7d7d4f72574512dd1f704fee14223e0a8cd0fbf54197c,0b30a443affb03e05a876a083857de9164f899feb7b4d261da02c485c9a3e3b6,20260725,1.0,0.9,1
run2,OHLCV+amount,OHLCV+amount_0006,1,99.90091705322266,100.03384399414062,99.89017486572266,100.00440216064453,99.90091705322266,100.03384399414062,99.89017486572266,100.00440216064453,True,True,False,0.0,0.0,0.0,0.0,KronosPredictor,a7d5f37e2e9fbd9891f7d7d4f72574512dd1f704fee14223e0a8cd0fbf54197c,0b30a443affb03e05a876a083857de9164f899feb7b4d261da02c485c9a3e3b6,20260725,1.0,0.9,1
run2,OHLCV+amount,OHLCV+amount_0006,2,100.08381652832031,100.11500549316406,99.86526489257812,99.9965591430664,100.08381652832031,100.11500549316406,99.86526489257812,99.9965591430664,True,True,False,0.0,0.0,0.0,0.0,KronosPredictor,a7d5f37e2e9fbd9891f7d7d4f72574512dd1f704fee14223e0a8cd0fbf54197c,0b30a443affb03e05a876a083857de9164f899feb7b4d261da02c485c9a3e3b6,20260725,1.0,0.9,1
run2,OHLCV+amount,OHLCV+amount_0006,3,100.01483154296875,100.0405044555664,99.96717834472656,100.0028076171875,100.01483154296875,100.0405044555664,99.96717834472656,100.0028076171875,True,True,False,0.0,0.0,0.0,0.0,KronosPredictor,a7d5f37e2e9fbd9891f7d7d4f72574512dd1f704fee14223e0a8cd0fbf54197c,0b30a443affb03e05a876a083857de9164f899feb7b4d261da02c485c9a3e3b6,20260725,1.0,0.9,1
run2,OHLCV+amount,OHLCV+amount_0006,4,99.98370361328125,100.03713989257812,99.93409729003906,100.00167846679688,99.98370361328125,100.03713989257812,99.93409729003906,100.00167846679688,True,True,False,0.0,0.0,0.0,0.0,KronosPredictor,a7d5f37e2e9fbd9891f7d7d4f72574512dd1f704fee14223e0a8cd0fbf54197c,0b30a443affb03e05a876a083857de9164f899feb7b4d261da02c485c9a3e3b6,20260725,1.0,0.9,1
run2,OHLCV+amount,OHLCV+amount_0006,5,99.95602416992188,100.02938842773438,99.91921997070312,100.0010757446289,99.95602416992188,100.02938842773438,99.91921997070312,100.0010757446289,True,True,False,0.0,0.0,0.0,0.0,KronosPredictor,a7d5f37e2e9fbd9891f7d7d4f72574512dd1f704fee14223e0a8cd0fbf54197c,0b30a443affb03e05a876a083857de9164f899feb7b4d261da02c485c9a3e3b6,20260725,1.0,0.9,1
run2,OHLCV+amount,OHLCV+amount_0007,1,100.08246612548828,100.13641357421875,99.94261932373047,100.01854705810547,100.08246612548828,100.13641357421875,99.94261932373047,100.01854705810547,False,True,True,0.0,0.0,0.0,0.0,KronosPredictor,a7d5f37e2e9fbd9891f7d7d4f72574512dd1f704fee14223e0a8cd0fbf54197c,0b30a443affb03e05a876a083857de9164f899feb7b4d261da02c485c9a3e3b6,20260725,1.0,0.9,1
run2,OHLCV+amount,OHLCV+amount_0007,2,100.1635971069336,100.11415100097656,100.03305053710938,100.01907348632812,100.1635971069336,100.1635971069336,100.01907348632812,100.01907348632812,False,True,True,0.04944610595703125,0.01397705078125,0.06342315673828125,0.0006341139578985861,KronosPredictor,a7d5f37e2e9fbd9891f7d7d4f72574512dd1f704fee14223e0a8cd0fbf54197c,0b30a443affb03e05a876a083857de9164f899feb7b4d261da02c485c9a3e3b6,20260725,1.0,0.9,1
run2,OHLCV+amount,OHLCV+amount_0007,3,100.08036041259766,100.11961364746094,100.032958984375,100.02681732177734,100.08036041259766,100.11961364746094,100.02681732177734,100.02681732177734,False,True,True,0.0,0.00614166259765625,0.00614166259765625,6.140523711155562e-05,KronosPredictor,a7d5f37e2e9fbd9891f7d7d4f72574512dd1f704fee14223e0a8cd0fbf54197c,0b30a443affb03e05a876a083857de9164f899feb7b4d261da02c485c9a3e3b6,20260725,1.0,0.9,1
run2,OHLCV+amount,OHLCV+amount_0007,4,100.04886627197266,100.10543823242188,99.98677825927734,100.02032470703125,100.04886627197266,100.10543823242188,99.98677825927734,100.02032470703125,False,True,True,0.0,0.0,0.0,0.0,KronosPredictor,a7d5f37e2e9fbd9891f7d7d4f72574512dd1f704fee14223e0a8cd0fbf54197c,0b30a443affb03e05a876a083857de9164f899feb7b4d261da02c485c9a3e3b6,20260725,1.0,0.9,1
run2,OHLCV+amount,OHLCV+amount_0007,5,99.92674255371094,100.12091064453125,99.93296813964844,100.02400970458984,99.92674255371094,100.12091064453125,99.92674255371094,100.02400970458984,False,True,True,0.0,0.0062255859375,0.0062255859375,6.224431488575078e-05,KronosPredictor,a7d5f37e2e9fbd9891f7d7d4f72574512dd1f704fee14223e0a8cd0fbf54197c,0b30a443affb03e05a876a083857de9164f899feb7b4d261da02c485c9a3e3b6,20260725,1.0,0.9,1
run2,OHLCV+amount,OHLCV+amount_0008,1,100.0005874633789,100.12216186523438,99.96873474121094,100.01898193359375,100.0005874633789,100.12216186523438,99.96873474121094,100.01898193359375,False,True,True,0.0,0.0,0.0,0.0,KronosPredictor,a7d5f37e2e9fbd9891f7d7d4f72574512dd1f704fee14223e0a8cd0fbf54197c,0b30a443affb03e05a876a083857de9164f899feb7b4d261da02c485c9a3e3b6,20260725,1.0,0.9,1
run2,OHLCV+amount,OHLCV+amount_0008,2,99.95557403564453,100.11328887939453,99.9500503540039,100.01888275146484,99.95557403564453,100.11328887939453,99.9500503540039,100.01888275146484,False,True,True,0.0,0.0,0.0,0.0,KronosPredictor,a7d5f37e2e9fbd9891f7d7d4f72574512dd1f704fee14223e0a8cd0fbf54197c,0b30a443affb03e05a876a083857de9164f899feb7b4d261da02c485c9a3e3b6,20260725,1.0,0.9,1
run2,OHLCV+amount,OHLCV+amount_0008,3,100.20552062988281,100.17280578613281,99.88681030273438,100.00236511230469,100.20552062988281,100.20552062988281,99.88681030273438,100.00236511230469,False,True,True,0.03271484375,0.0,0.03271484375,0.00032708635018621345,KronosPredictor,a7d5f37e2e9fbd9891f7d7d4f72574512dd1f704fee14223e0a8cd0fbf54197c,0b30a443affb03e05a876a083857de9164f899feb7b4d261da02c485c9a3e3b6,20260725,1.0,0.9,1
run2,OHLCV+amount,OHLCV+amount_0008,4,99.94300842285156,100.13433074951172,99.93165588378906,100.02007293701172,99.94300842285156,100.13433074951172,99.93165588378906,100.02007293701172,False,True,True,0.0,0.0,0.0,0.0,KronosPredictor,a7d5f37e2e9fbd9891f7d7d4f72574512dd1f704fee14223e0a8cd0fbf54197c,0b30a443affb03e05a876a083857de9164f899feb7b4d261da02c485c9a3e3b6,20260725,1.0,0.9,1
run2,OHLCV+amount,OHLCV+amount_0008,5,100.0147476196289,100.1241683959961,99.98331451416016,100.01866912841797,100.0147476196289,100.1241683959961,99.98331451416016,100.01866912841797,False,True,True,0.0,0.0,0.0,0.0,KronosPredictor,a7d5f37e2e9fbd9891f7d7d4f72574512dd1f704fee14223e0a8cd0fbf54197c,0b30a443affb03e05a876a083857de9164f899feb7b4d261da02c485c9a3e3b6,20260725,1.0,0.9,1
run2,OHLCV+amount,OHLCV+amount_0009,1,99.93856811523438,99.97618103027344,99.92408752441406,99.9977798461914,99.93856811523438,99.9977798461914,99.92408752441406,99.9977798461914,False,True,True,0.02159881591796875,0.0,0.02159881591796875,0.00021599295455549436,KronosPredictor,a7d5f37e2e9fbd9891f7d7d4f72574512dd1f704fee14223e0a8cd0fbf54197c,0b30a443affb03e05a876a083857de9164f899feb7b4d261da02c485c9a3e3b6,20260725,1.0,0.9,1
run2,OHLCV+amount,OHLCV+amount_0009,2,99.83539581298828,100.05634307861328,99.87384796142578,100.00202941894531,99.83539581298828,100.05634307861328,99.83539581298828,100.00202941894531,False,True,True,0.0,0.0384521484375,0.0384521484375,0.00038453002153291825,KronosPredictor,a7d5f37e2e9fbd9891f7d7d4f72574512dd1f704fee14223e0a8cd0fbf54197c,0b30a443affb03e05a876a083857de9164f899feb7b4d261da02c485c9a3e3b6,20260725,1.0,0.9,1
run2,OHLCV+amount,OHLCV+amount_0009,3,99.99906158447266,100.05690002441406,99.91901397705078,99.99861907958984,99.99906158447266,100.05690002441406,99.91901397705078,99.99861907958984,False,True,True,0.0,0.0,0.0,0.0,KronosPredictor,a7d5f37e2e9fbd9891f7d7d4f72574512dd1f704fee14223e0a8cd0fbf54197c,0b30a443affb03e05a876a083857de9164f899feb7b4d261da02c485c9a3e3b6,20260725,1.0,0.9,1
run2,OHLCV+amount,OHLCV+amount_0009,4,99.92911529541016,100.04962158203125,99.93228912353516,99.99999237060547,99.92911529541016,100.04962158203125,99.92911529541016,99.99999237060547,False,True,True,0.0,0.003173828125,0.003173828125,3.173898590430436e-05,KronosPredictor,a7d5f37e2e9fbd9891f7d7d4f72574512dd1f704fee14223e0a8cd0fbf54197c,0b30a443affb03e05a876a083857de9164f899feb7b4d261da02c485c9a3e3b6,20260725,1.0,0.9,1
run2,OHLCV+amount,OHLCV+amount_0009,5,100.01983642578125,100.04469299316406,99.9822998046875,100.0011215209961,100.01983642578125,100.04469299316406,99.9822998046875,100.0011215209961,False,True,True,0.0,0.0,0.0,0.0,KronosPredictor,a7d5f37e2e9fbd9891f7d7d4f72574512dd1f704fee14223e0a8cd0fbf54197c,0b30a443affb03e05a876a083857de9164f899feb7b4d261da02c485c9a3e3b6,20260725,1.0,0.9,1
run2,OHLCV+amount,OHLCV+amount_0010,1,100.08200073242188,100.08548736572266,99.98348999023438,100.00004577636719,100.08200073242188,100.08548736572266,99.98348999023438,100.00004577636719,False,True,True,0.0,0.0,0.0,0.0,KronosPredictor,a7d5f37e2e9fbd9891f7d7d4f72574512dd1f704fee14223e0a8cd0fbf54197c,0b30a443affb03e05a876a083857de9164f899feb7b4d261da02c485c9a3e3b6,20260725,1.0,0.9,1
run2,OHLCV+amount,OHLCV+amount_0010,2,100.14360046386719,100.10015106201172,99.93106079101562,99.9967269897461,100.14360046386719,100.14360046386719,99.93106079101562,99.9967269897461,False,True,True,0.04344940185546875,0.0,0.04344940185546875,0.00043449381965920123,KronosPredictor,a7d5f37e2e9fbd9891f7d7d4f72574512dd1f704fee14223e0a8cd0fbf54197c,0b30a443affb03e05a876a083857de9164f899feb7b4d261da02c485c9a3e3b6,20260725,1.0,0.9,1
run2,OHLCV+amount,OHLCV+amount_0010,3,100.00946044921875,100.06424713134766,99.96863555908203,99.99949645996094,100.00946044921875,100.06424713134766,99.96863555908203,99.99949645996094,False,True,True,0.0,0.0,0.0,0.0,KronosPredictor,a7d5f37e2e9fbd9891f7d7d4f72574512dd1f704fee14223e0a8cd0fbf54197c,0b30a443affb03e05a876a083857de9164f899feb7b4d261da02c485c9a3e3b6,20260725,1.0,0.9,1
run2,OHLCV+amount,OHLCV+amount_0010,4,100.00741577148438,100.13874816894531,99.92784881591797,99.99649047851562,100.00741577148438,100.13874816894531,99.92784881591797,99.99649047851562,False,True,True,0.0,0.0,0.0,0.0,KronosPredictor,a7d5f37e2e9fbd9891f7d7d4f72574512dd1f704fee14223e0a8cd0fbf54197c,0b30a443affb03e05a876a083857de9164f899feb7b4d261da02c485c9a3e3b6,20260725,1.0,0.9,1
run2,OHLCV+amount,OHLCV+amount_0010,5,99.95887756347656,100.07536315917969,99.95663452148438,100.00110626220703,99.95887756347656,100.07536315917969,99.95663452148438,100.00110626220703,False,True,True,0.0,0.0,0.0,0.0,KronosPredictor,a7d5f37e2e9fbd9891f7d7d4f72574512dd1f704fee14223e0a8cd0fbf54197c,0b30a443affb03e05a876a083857de9164f899feb7b4d261da02c485c9a3e3b6,20260725,1.0,0.9,1
run2,OHLCV+amount,OHLCV+amount_0011,1,99.92094421386719,99.99337005615234,99.92053985595703,99.99073791503906,99.92094421386719,99.99337005615234,99.92053985595703,99.99073791503906,False,True,True,0.0,0.0,0.0,0.0,KronosPredictor,a7d5f37e2e9fbd9891f7d7d4f72574512dd1f704fee14223e0a8cd0fbf54197c,0b30a443affb03e05a876a083857de9164f899feb7b4d261da02c485c9a3e3b6,20260725,1.0,0.9,1
run2,OHLCV+amount,OHLCV+amount_0011,2,100.0066909790039,100.018310546875,99.8963623046875,99.985595703125,100.0066909790039,100.018310546875,99.8963623046875,99.985595703125,False,True,True,0.0,0.0,0.0,0.0,KronosPredictor,a7d5f37e2e9fbd9891f7d7d4f72574512dd1f704fee14223e0a8cd0fbf54197c,0b30a443affb03e05a876a083857de9164f899feb7b4d261da02c485c9a3e3b6,20260725,1.0,0.9,1
run2,OHLCV+amount,OHLCV+amount_0011,3,99.94701385498047,99.98371124267578,99.88235473632812,99.9849624633789,99.94701385498047,99.9849624633789,99.88235473632812,99.9849624633789,False,True,True,0.001251220703125,0.0,0.001251220703125,1.2513366029843158e-05,KronosPredictor,a7d5f37e2e9fbd9891f7d7d4f72574512dd1f704fee14223e0a8cd0fbf54197c,0b30a443affb03e05a876a083857de9164f899feb7b4d261da02c485c9a3e3b6,20260725,1.0,0.9,1
run2,OHLCV+amount,OHLCV+amount_0011,4,100.08383178710938,100.05146026611328,99.91560363769531,99.98846435546875,100.08383178710938,100.08383178710938,99.91560363769531,99.98846435546875,False,True,True,0.03237152099609375,0.0,0.03237152099609375,0.00032374519551600314,KronosPredictor,a7d5f37e2e9fbd9891f7d7d4f72574512dd1f704fee14223e0a8cd0fbf54197c,0b30a443affb03e05a876a083857de9164f899feb7b4d261da02c485c9a3e3b6,20260725,1.0,0.9,1
run2,OHLCV+amount,OHLCV+amount_0011,5,99.94631958007812,100.07501983642578,99.92813110351562,99.99569702148438,99.94631958007812,100.07501983642578,99.92813110351562,99.99569702148438,False,True,True,0.0,0.0,0.0,0.0,KronosPredictor,a7d5f37e2e9fbd9891f7d7d4f72574512dd1f704fee14223e0a8cd0fbf54197c,0b30a443affb03e05a876a083857de9164f899feb7b4d261da02c485c9a3e3b6,20260725,1.0,0.9,1
run2,OHLCV+amount,OHLCV+amount_0012,1,99.77935791015625,100.01889038085938,99.85669708251953,99.99835205078125,99.77935791015625,100.01889038085938,99.77935791015625,99.99835205078125,False,True,True,0.0,0.07733917236328125,0.07733917236328125,0.0007734044689457162,KronosPredictor,a7d5f37e2e9fbd9891f7d7d4f72574512dd1f704fee14223e0a8cd0fbf54197c,0b30a443affb03e05a876a083857de9164f899feb7b4d261da02c485c9a3e3b6,20260725,1.0,0.9,1
run2,OHLCV+amount,OHLCV+amount_0012,2,99.99494934082031,100.01424407958984,99.94251251220703,99.99504852294922,99.99494934082031,100.01424407958984,99.94251251220703,99.99504852294922,False,True,True,0.0,0.0,0.0,0.0,KronosPredictor,a7d5f37e2e9fbd9891f7d7d4f72574512dd1f704fee14223e0a8cd0fbf54197c,0b30a443affb03e05a876a083857de9164f899feb7b4d261da02c485c9a3e3b6,20260725,1.0,0.9,1
run2,OHLCV+amount,OHLCV+amount_0012,3,99.93256378173828,100.07106018066406,99.93266296386719,100.00311279296875,99.93256378173828,100.07106018066406,99.93256378173828,100.00311279296875,False,True,True,0.0,9.918212890625e-05,9.918212890625e-05,9.918376340430415e-07,KronosPredictor,a7d5f37e2e9fbd9891f7d7d4f72574512dd1f704fee14223e0a8cd0fbf54197c,0b30a443affb03e05a876a083857de9164f899feb7b4d261da02c485c9a3e3b6,20260725,1.0,0.9,1
run2,OHLCV+amount,OHLCV+amount_0012,4,100.00211334228516,100.03006744384766,99.98145294189453,99.99913024902344,100.00211334228516,100.03006744384766,99.98145294189453,99.99913024902344,False,True,True,0.0,0.0,0.0,0.0,KronosPredictor,a7d5f37e2e9fbd9891f7d7d4f72574512dd1f704fee14223e0a8cd0fbf54197c,0b30a443affb03e05a876a083857de9164f899feb7b4d261da02c485c9a3e3b6,20260725,1.0,0.9,1
run2,OHLCV+amount,OHLCV+amount_0012,5,99.92906188964844,100.04556274414062,99.8665542602539,99.99980926513672,99.92906188964844,100.04556274414062,99.8665542602539,99.99980926513672,False,True,True,0.0,0.0,0.0,0.0,KronosPredictor,a7d5f37e2e9fbd9891f7d7d4f72574512dd1f704fee14223e0a8cd0fbf54197c,0b30a443affb03e05a876a083857de9164f899feb7b4d261da02c485c9a3e3b6,20260725,1.0,0.9,1
run2,OHLCV+amount,OHLCV+amount_0013,1,100.00162506103516,100.1115493774414,99.88448333740234,100.00784301757812,100.00162506103516,100.1115493774414,99.88448333740234,100.00784301757812,False,True,True,0.0,0.0,0.0,0.0,KronosPredictor,a7d5f37e2e9fbd9891f7d7d4f72574512dd1f704fee14223e0a8cd0fbf54197c,0b30a443affb03e05a876a083857de9164f899feb7b4d261da02c485c9a3e3b6,20260725,1.0,0.9,1
run2,OHLCV+amount,OHLCV+amount_0013,2,100.10911560058594,100.11198425292969,99.94841003417969,100.00650024414062,100.10911560058594,100.11198425292969,99.94841003417969,100.00650024414062,False,True,True,0.0,0.0,0.0,0.0,KronosPredictor,a7d5f37e2e9fbd9891f7d7d4f72574512dd1f704fee14223e0a8cd0fbf54197c,0b30a443affb03e05a876a083857de9164f899feb7b4d261da02c485c9a3e3b6,20260725,1.0,0.9,1
run2,OHLCV+amount,OHLCV+amount_0013,3,99.914794921875,99.99090576171875,99.86138153076172,100.00108337402344,99.914794921875,100.00108337402344,99.86138153076172,100.00108337402344,False,True,True,0.0101776123046875,0.0,0.0101776123046875,0.0001017681413536597,KronosPredictor,a7d5f37e2e9fbd9891f7d7d4f72574512dd1f704fee14223e0a8cd0fbf54197c,0b30a443affb03e05a876a083857de9164f899feb7b4d261da02c485c9a3e3b6,20260725,1.0,0.9,1
run2,OHLCV+amount,OHLCV+amount_0013,4,99.84684753417969,99.99962615966797,99.8829574584961,100.00446319580078,99.84684753417969,100.00446319580078,99.84684753417969,100.00446319580078,False,True,True,0.0048370361328125,0.03610992431640625,0.04094696044921875,0.00040943749223769984,KronosPredictor,a7d5f37e2e9fbd9891f7d7d4f72574512dd1f704fee14223e0a8cd0fbf54197c,0b30a443affb03e05a876a083857de9164f899feb7b4d261da02c485c9a3e3b6,20260725,1.0,0.9,1
run2,OHLCV+amount,OHLCV+amount_0013,5,99.90164947509766,99.97098541259766,99.89225006103516,100.00201416015625,99.90164947509766,100.00201416015625,99.89225006103516,100.00201416015625,False,True,True,0.03102874755859375,0.0,0.03102874755859375,0.0003102631415932039,KronosPredictor,a7d5f37e2e9fbd9891f7d7d4f72574512dd1f704fee14223e0a8cd0fbf54197c,0b30a443affb03e05a876a083857de9164f899feb7b4d261da02c485c9a3e3b6,20260725,1.0,0.9,1
run2,OHLCV+amount,OHLCV+amount_0014,1,99.83952331542969,100.03118896484375,99.86949157714844,99.98279571533203,99.83952331542969,100.03118896484375,99.83952331542969,99.98279571533203,False,True,True,0.0,0.02996826171875,0.02996826171875,0.00029973418430981585,KronosPredictor,a7d5f37e2e9fbd9891f7d7d4f72574512dd1f704fee14223e0a8cd0fbf54197c,0b30a443affb03e05a876a083857de9164f899feb7b4d261da02c485c9a3e3b6,20260725,1.0,0.9,1
run2,OHLCV+amount,OHLCV+amount_0014,2,99.9410629272461,99.99057006835938,99.92925262451172,99.97750091552734,99.9410629272461,99.99057006835938,99.92925262451172,99.97750091552734,False,True,True,0.0,0.0,0.0,0.0,KronosPredictor,a7d5f37e2e9fbd9891f7d7d4f72574512dd1f704fee14223e0a8cd0fbf54197c,0b30a443affb03e05a876a083857de9164f899feb7b4d261da02c485c9a3e3b6,20260725,1.0,0.9,1
run2,OHLCV+amount,OHLCV+amount_0014,3,99.98383331298828,100.0255126953125,99.94652557373047,99.9804916381836,99.98383331298828,100.0255126953125,99.94652557373047,99.9804916381836,False,True,True,0.0,0.0,0.0,0.0,KronosPredictor,a7d5f37e2e9fbd9891f7d7d4f72574512dd1f704fee14223e0a8cd0fbf54197c,0b30a443affb03e05a876a083857de9164f899feb7b4d261da02c485c9a3e3b6,20260725,1.0,0.9,1
run2,OHLCV+amount,OHLCV+amount_0014,4,99.9461441040039,100.0490951538086,99.88933563232422,99.9837646484375,99.9461441040039,100.0490951538086,99.88933563232422,99.9837646484375,False,True,True,0.0,0.0,0.0,0.0,KronosPredictor,a7d5f37e2e9fbd9891f7d7d4f72574512dd1f704fee14223e0a8cd0fbf54197c,0b30a443affb03e05a876a083857de9164f899feb7b4d261da02c485c9a3e3b6,20260725,1.0,0.9,1
run2,OHLCV+amount,OHLCV+amount_0014,5,99.92359161376953,99.98677062988281,99.89641571044922,99.97167205810547,99.92359161376953,99.98677062988281,99.89641571044922,99.97167205810547,False,True,True,0.0,0.0,0.0,0.0,KronosPredictor,a7d5f37e2e9fbd9891f7d7d4f72574512dd1f704fee14223e0a8cd0fbf54197c,0b30a443affb03e05a876a083857de9164f899feb7b4d261da02c485c9a3e3b6,20260725,1.0,0.9,1
run2,OHLCV+amount,OHLCV+amount_0015,1,100.07015991210938,100.09611511230469,99.933837890625,100.00350189208984,100.07015991210938,100.09611511230469,99.933837890625,100.00350189208984,False,True,True,0.0,0.0,0.0,0.0,KronosPredictor,a7d5f37e2e9fbd9891f7d7d4f72574512dd1f704fee14223e0a8cd0fbf54197c,0b30a443affb03e05a876a083857de9164f899feb7b4d261da02c485c9a3e3b6,20260725,1.0,0.9,1
run2,OHLCV+amount,OHLCV+amount_0015,2,99.9482650756836,100.07936096191406,99.93495178222656,100.01449584960938,99.9482650756836,100.07936096191406,99.93495178222656,100.01449584960938,False,True,True,0.0,0.0,0.0,0.0,KronosPredictor,a7d5f37e2e9fbd9891f7d7d4f72574512dd1f704fee14223e0a8cd0fbf54197c,0b30a443affb03e05a876a083857de9164f899feb7b4d261da02c485c9a3e3b6,20260725,1.0,0.9,1
run2,OHLCV+amount,OHLCV+amount_0015,3,100.08171081542969,100.0837173461914,99.95889282226562,100.0081558227539,100.08171081542969,100.0837173461914,99.95889282226562,100.0081558227539,False,True,True,0.0,0.0,0.0,0.0,KronosPredictor,a7d5f37e2e9fbd9891f7d7d4f72574512dd1f704fee14223e0a8cd0fbf54197c,0b30a443affb03e05a876a083857de9164f899feb7b4d261da02c485c9a3e3b6,20260725,1.0,0.9,1
run2,OHLCV+amount,OHLCV+amount_0015,4,99.944580078125,100.00443267822266,99.94136047363281,100.00392150878906,99.944580078125,100.00443267822266,99.94136047363281,100.00392150878906,False,True,True,0.0,0.0,0.0,0.0,KronosPredictor,a7d5f37e2e9fbd9891f7d7d4f72574512dd1f704fee14223e0a8cd0fbf54197c,0b30a443affb03e05a876a083857de9164f899feb7b4d261da02c485c9a3e3b6,20260725,1.0,0.9,1
run2,OHLCV+amount,OHLCV+amount_0015,5,100.02361297607422,100.017822265625,99.95841979980469,100.00516510009766,100.02361297607422,100.02361297607422,99.95841979980469,100.00516510009766,False,True,True,0.00579071044921875,0.0,0.00579071044921875,5.7905076718886264e-05,KronosPredictor,a7d5f37e2e9fbd9891f7d7d4f72574512dd1f704fee14223e0a8cd0fbf54197c,0b30a443affb03e05a876a083857de9164f899feb7b4d261da02c485c9a3e3b6,20260725,1.0,0.9,1
run2,OHLCV+amount,OHLCV+amount_0016,1,100.03488159179688,100.12832641601562,99.96635437011719,100.01561737060547,100.03488159179688,100.12832641601562,99.96635437011719,100.01561737060547,True,True,False,0.0,0.0,0.0,0.0,KronosPredictor,a7d5f37e2e9fbd9891f7d7d4f72574512dd1f704fee14223e0a8cd0fbf54197c,0b30a443affb03e05a876a083857de9164f899feb7b4d261da02c485c9a3e3b6,20260725,1.0,0.9,1
run2,OHLCV+amount,OHLCV+amount_0016,2,100.05289459228516,100.12547302246094,99.95409393310547,100.01309967041016,100.05289459228516,100.12547302246094,99.95409393310547,100.01309967041016,True,True,False,0.0,0.0,0.0,0.0,KronosPredictor,a7d5f37e2e9fbd9891f7d7d4f72574512dd1f704fee14223e0a8cd0fbf54197c,0b30a443affb03e05a876a083857de9164f899feb7b4d261da02c485c9a3e3b6,20260725,1.0,0.9,1
run2,OHLCV+amount,OHLCV+amount_0016,3,100.02098846435547,100.04814147949219,99.9778060913086,100.01057434082031,100.02098846435547,100.04814147949219,99.9778060913086,100.01057434082031,True,True,False,0.0,0.0,0.0,0.0,KronosPredictor,a7d5f37e2e9fbd9891f7d7d4f72574512dd1f704fee14223e0a8cd0fbf54197c,0b30a443affb03e05a876a083857de9164f899feb7b4d261da02c485c9a3e3b6,20260725,1.0,0.9,1
run2,OHLCV+amount,OHLCV+amount_0016,4,100.02703857421875,100.0472412109375,99.95423889160156,100.00784301757812,100.02703857421875,100.0472412109375,99.95423889160156,100.00784301757812,True,True,False,0.0,0.0,0.0,0.0,KronosPredictor,a7d5f37e2e9fbd9891f7d7d4f72574512dd1f704fee14223e0a8cd0fbf54197c,0b30a443affb03e05a876a083857de9164f899feb7b4d261da02c485c9a3e3b6,20260725,1.0,0.9,1
run2,OHLCV+amount,OHLCV+amount_0016,5,99.9293441772461,100.11614990234375,99.86824798583984,100.01155090332031,99.9293441772461,100.11614990234375,99.86824798583984,100.01155090332031,True,True,False,0.0,0.0,0.0,0.0,KronosPredictor,a7d5f37e2e9fbd9891f7d7d4f72574512dd1f704fee14223e0a8cd0fbf54197c,0b30a443affb03e05a876a083857de9164f899feb7b4d261da02c485c9a3e3b6,20260725,1.0,0.9,1
run2,OHLCV+amount,OHLCV+amount_0017,1,100.11109161376953,100.1414566040039,99.97496032714844,100.01091766357422,100.11109161376953,100.1414566040039,99.97496032714844,100.01091766357422,False,True,True,0.0,0.0,0.0,0.0,KronosPredictor,a7d5f37e2e9fbd9891f7d7d4f72574512dd1f704fee14223e0a8cd0fbf54197c,0b30a443affb03e05a876a083857de9164f899feb7b4d261da02c485c9a3e3b6,20260725,1.0,0.9,1
run2,OHLCV+amount,OHLCV+amount_0017,2,100.03701782226562,100.16417694091797,99.94303894042969,100.00906372070312,100.03701782226562,100.16417694091797,99.94303894042969,100.00906372070312,False,True,True,0.0,0.0,0.0,0.0,KronosPredictor,a7d5f37e2e9fbd9891f7d7d4f72574512dd1f704fee14223e0a8cd0fbf54197c,0b30a443affb03e05a876a083857de9164f899feb7b4d261da02c485c9a3e3b6,20260725,1.0,0.9,1
run2,OHLCV+amount,OHLCV+amount_0017,3,99.97209930419922,100.0328369140625,99.95207214355469,100.00618743896484,99.97209930419922,100.0328369140625,99.95207214355469,100.00618743896484,False,True,True,0.0,0.0,0.0,0.0,KronosPredictor,a7d5f37e2e9fbd9891f7d7d4f72574512dd1f704fee14223e0a8cd0fbf54197c,0b30a443affb03e05a876a083857de9164f899feb7b4d261da02c485c9a3e3b6,20260725,1.0,0.9,1
run2,OHLCV+amount,OHLCV+amount_0017,4,99.9299545288086,99.98876190185547,99.91629028320312,100.00399780273438,99.9299545288086,100.00399780273438,99.91629028320312,100.00399780273438,False,True,True,0.01523590087890625,0.0,0.01523590087890625,0.00015234237656090862,KronosPredictor,a7d5f37e2e9fbd9891f7d7d4f72574512dd1f704fee14223e0a8cd0fbf54197c,0b30a443affb03e05a876a083857de9164f899feb7b4d261da02c485c9a3e3b6,20260725,1.0,0.9,1
run2,OHLCV+amount,OHLCV+amount_0017,5,100.01713562011719,100.09507751464844,99.97789001464844,100.01306915283203,100.01713562011719,100.09507751464844,99.97789001464844,100.01306915283203,False,True,True,0.0,0.0,0.0,0.0,KronosPredictor,a7d5f37e2e9fbd9891f7d7d4f72574512dd1f704fee14223e0a8cd0fbf54197c,0b30a443affb03e05a876a083857de9164f899feb7b4d261da02c485c9a3e3b6,20260725,1.0,0.9,1
run2,OHLCV+amount,OHLCV+amount_0018,1,99.79866027832031,99.92127227783203,99.84952545166016,99.98933410644531,99.79866027832031,99.98933410644531,99.79866027832031,99.98933410644531,False,True,True,0.06806182861328125,0.05086517333984375,0.118927001953125,0.0011893968793363428,KronosPredictor,a7d5f37e2e9fbd9891f7d7d4f72574512dd1f704fee14223e0a8cd0fbf54197c,0b30a443affb03e05a876a083857de9164f899feb7b4d261da02c485c9a3e3b6,20260725,1.0,0.9,1
run2,OHLCV+amount,OHLCV+amount_0018,2,99.72257995605469,99.9614486694336,99.81412506103516,99.99302673339844,99.72257995605469,99.99302673339844,99.72257995605469,99.99302673339844,False,True,True,0.03157806396484375,0.09154510498046875,0.1231231689453125,0.0012313630253226776,KronosPredictor,a7d5f37e2e9fbd9891f7d7d4f72574512dd1f704fee14223e0a8cd0fbf54197c,0b30a443affb03e05a876a083857de9164f899feb7b4d261da02c485c9a3e3b6,20260725,1.0,0.9,1
run2,OHLCV+amount,OHLCV+amount_0018,3,99.91200256347656,100.01006317138672,99.90462493896484,99.99456024169922,99.91200256347656,100.01006317138672,99.90462493896484,99.99456024169922,False,True,True,0.0,0.0,0.0,0.0,KronosPredictor,a7d5f37e2e9fbd9891f7d7d4f72574512dd1f704fee14223e0a8cd0fbf54197c,0b30a443affb03e05a876a083857de9164f899feb7b4d261da02c485c9a3e3b6,20260725,1.0,0.9,1
run2,OHLCV+amount,OHLCV+amount_0018,4,99.96131134033203,100.0026626586914,99.93643951416016,99.99510955810547,99.96131134033203,100.0026626586914,99.93643951416016,99.99510955810547,False,True,True,0.0,0.0,0.0,0.0,KronosPredictor,a7d5f37e2e9fbd9891f7d7d4f72574512dd1f704fee14223e0a8cd0fbf54197c,0b30a443affb03e05a876a083857de9164f899feb7b4d261da02c485c9a3e3b6,20260725,1.0,0.9,1
run2,OHLCV+amount,OHLCV+amount_0018,5,99.98210144042969,100.02064514160156,99.94125366210938,99.99590301513672,99.98210144042969,100.02064514160156,99.94125366210938,99.99590301513672,False,True,True,0.0,0.0,0.0,0.0,KronosPredictor,a7d5f37e2e9fbd9891f7d7d4f72574512dd1f704fee14223e0a8cd0fbf54197c,0b30a443affb03e05a876a083857de9164f899feb7b4d261da02c485c9a3e3b6,20260725,1.0,0.9,1
run2,OHLCV+amount,OHLCV+amount_0019,1,100.01209259033203,100.06179809570312,99.8814697265625,99.97298431396484,100.01209259033203,100.06179809570312,99.8814697265625,99.97298431396484,False,True,True,0.0,0.0,0.0,0.0,KronosPredictor,a7d5f37e2e9fbd9891f7d7d4f72574512dd1f704fee14223e0a8cd0fbf54197c,0b30a443affb03e05a876a083857de9164f899feb7b4d261da02c485c9a3e3b6,20260725,1.0,0.9,1
run2,OHLCV+amount,OHLCV+amount_0019,2,99.96935272216797,100.00997161865234,99.8984146118164,99.9764175415039,99.96935272216797,100.00997161865234,99.8984146118164,99.9764175415039,False,True,True,0.0,0.0,0.0,0.0,KronosPredictor,a7d5f37e2e9fbd9891f7d7d4f72574512dd1f704fee14223e0a8cd0fbf54197c,0b30a443affb03e05a876a083857de9164f899feb7b4d261da02c485c9a3e3b6,20260725,1.0,0.9,1
run2,OHLCV+amount,OHLCV+amount_0019,3,99.85235595703125,100.01469421386719,99.87046813964844,99.98612213134766,99.85235595703125,100.01469421386719,99.85235595703125,99.98612213134766,False,True,True,0.0,0.0181121826171875,0.0181121826171875,0.00018117077069847436,KronosPredictor,a7d5f37e2e9fbd9891f7d7d4f72574512dd1f704fee14223e0a8cd0fbf54197c,0b30a443affb03e05a876a083857de9164f899feb7b4d261da02c485c9a3e3b6,20260725,1.0,0.9,1
run2,OHLCV+amount,OHLCV+amount_0019,4,99.89826202392578,99.9758529663086,99.93895721435547,99.9831314086914,99.89826202392578,99.9831314086914,99.89826202392578,99.9831314086914,False,True,True,0.0072784423828125,0.0406951904296875,0.0479736328125,0.00047986596720809053,KronosPredictor,a7d5f37e2e9fbd9891f7d7d4f72574512dd1f704fee14223e0a8cd0fbf54197c,0b30a443affb03e05a876a083857de9164f899feb7b4d261da02c485c9a3e3b6,20260725,1.0,0.9,1
run2,OHLCV+amount,OHLCV+amount_0019,5,99.95597076416016,100.0030288696289,99.92618560791016,99.98153686523438,99.95597076416016,100.0030288696289,99.92618560791016,99.98153686523438,False,True,True,0.0,0.0,0.0,0.0,KronosPredictor,a7d5f37e2e9fbd9891f7d7d4f72574512dd1f704fee14223e0a8cd0fbf54197c,0b30a443affb03e05a876a083857de9164f899feb7b4d261da02c485c9a3e3b6,20260725,1.0,0.9,1
run2,OHLCV+amount,OHLCV+amount_0020,1,100.11058044433594,100.08699798583984,99.95989990234375,100.0047378540039,100.11058044433594,100.11058044433594,99.95989990234375,100.0047378540039,False,True,True,0.02358245849609375,0.0,0.02358245849609375,0.00023581341246573325,KronosPredictor,a7d5f37e2e9fbd9891f7d7d4f72574512dd1f704fee14223e0a8cd0fbf54197c,0b30a443affb03e05a876a083857de9164f899feb7b4d261da02c485c9a3e3b6,20260725,1.0,0.9,1
run2,OHLCV+amount,OHLCV+amount_0020,2,99.9912338256836,100.0428237915039,99.9634017944336,100.0068359375,99.9912338256836,100.0428237915039,99.9634017944336,100.0068359375,False,True,True,0.0,0.0,0.0,0.0,KronosPredictor,a7d5f37e2e9fbd9891f7d7d4f72574512dd1f704fee14223e0a8cd0fbf54197c,0b30a443affb03e05a876a083857de9164f899feb7b4d261da02c485c9a3e3b6,20260725,1.0,0.9,1
run2,OHLCV+amount,OHLCV+amount_0020,3,100.00865936279297,100.02993774414062,99.97673034667969,100.00833892822266,100.00865936279297,100.02993774414062,99.97673034667969,100.00833892822266,False,True,True,0.0,0.0,0.0,0.0,KronosPredictor,a7d5f37e2e9fbd9891f7d7d4f72574512dd1f704fee14223e0a8cd0fbf54197c,0b30a443affb03e05a876a083857de9164f899feb7b4d261da02c485c9a3e3b6,20260725,1.0,0.9,1
run2,OHLCV+amount,OHLCV+amount_0020,4,100.02197265625,100.04903411865234,99.95243072509766,100.00494384765625,100.02197265625,100.04903411865234,99.95243072509766,100.00494384765625,False,True,True,0.0,0.0,0.0,0.0,KronosPredictor,a7d5f37e2e9fbd9891f7d7d4f72574512dd1f704fee14223e0a8cd0fbf54197c,0b30a443affb03e05a876a083857de9164f899feb7b4d261da02c485c9a3e3b6,20260725,1.0,0.9,1
run2,OHLCV+amount,OHLCV+amount_0020,5,99.96058654785156,100.0489273071289,99.9553451538086,100.01231384277344,99.96058654785156,100.0489273071289,99.9553451538086,100.01231384277344,False,True,True,0.0,0.0,0.0,0.0,KronosPredictor,a7d5f37e2e9fbd9891f7d7d4f72574512dd1f704fee14223e0a8cd0fbf54197c,0b30a443affb03e05a876a083857de9164f899feb7b4d261da02c485c9a3e3b6,20260725,1.0,0.9,1
run2,OHLCV+amount,OHLCV+amount_0021,1,100.0361557006836,100.05571746826172,99.98194885253906,100.00675201416016,100.0361557006836,100.05571746826172,99.98194885253906,100.00675201416016,True,True,False,0.0,0.0,0.0,0.0,KronosPredictor,a7d5f37e2e9fbd9891f7d7d4f72574512dd1f704fee14223e0a8cd0fbf54197c,0b30a443affb03e05a876a083857de9164f899feb7b4d261da02c485c9a3e3b6,20260725,1.0,0.9,1
run2,OHLCV+amount,OHLCV+amount_0021,2,100.01619720458984,100.08018493652344,99.9124984741211,100.00285339355469,100.01619720458984,100.08018493652344,99.9124984741211,100.00285339355469,True,True,False,0.0,0.0,0.0,0.0,KronosPredictor,a7d5f37e2e9fbd9891f7d7d4f72574512dd1f704fee14223e0a8cd0fbf54197c,0b30a443affb03e05a876a083857de9164f899feb7b4d261da02c485c9a3e3b6,20260725,1.0,0.9,1
run2,OHLCV+amount,OHLCV+amount_0021,3,100.00375366210938,100.0736083984375,99.9367446899414,100.00408935546875,100.00375366210938,100.0736083984375,99.9367446899414,100.00408935546875,True,True,False,0.0,0.0,0.0,0.0,KronosPredictor,a7d5f37e2e9fbd9891f7d7d4f72574512dd1f704fee14223e0a8cd0fbf54197c,0b30a443affb03e05a876a083857de9164f899feb7b4d261da02c485c9a3e3b6,20260725,1.0,0.9,1
run2,OHLCV+amount,OHLCV+amount_0021,4,100.0621337890625,100.0726089477539,99.96257019042969,100.00382995605469,100.0621337890625,100.0726089477539,99.96257019042969,100.00382995605469,True,True,False,0.0,0.0,0.0,0.0,KronosPredictor,a7d5f37e2e9fbd9891f7d7d4f72574512dd1f704fee14223e0a8cd0fbf54197c,0b30a443affb03e05a876a083857de9164f899feb7b4d261da02c485c9a3e3b6,20260725,1.0,0.9,1
run2,OHLCV+amount,OHLCV+amount_0021,5,99.99496459960938,100.06486511230469,99.95613098144531,100.00685119628906,99.99496459960938,100.06486511230469,99.95613098144531,100.00685119628906,True,True,False,0.0,0.0,0.0,0.0,KronosPredictor,a7d5f37e2e9fbd9891f7d7d4f72574512dd1f704fee14223e0a8cd0fbf54197c,0b30a443affb03e05a876a083857de9164f899feb7b4d261da02c485c9a3e3b6,20260725,1.0,0.9,1
run2,OHLCV+amount,OHLCV+amount_0022,1,99.96752166748047,100.02392578125,99.94560241699219,99.98856353759766,99.96752166748047,100.02392578125,99.94560241699219,99.98856353759766,False,True,True,0.0,0.0,0.0,0.0,KronosPredictor,a7d5f37e2e9fbd9891f7d7d4f72574512dd1f704fee14223e0a8cd0fbf54197c,0b30a443affb03e05a876a083857de9164f899feb7b4d261da02c485c9a3e3b6,20260725,1.0,0.9,1
run2,OHLCV+amount,OHLCV+amount_0022,2,99.91726684570312,99.9770736694336,99.90992736816406,99.98329162597656,99.91726684570312,99.98329162597656,99.90992736816406,99.98329162597656,False,True,True,0.00621795654296875,0.0,0.00621795654296875,6.218667738566598e-05,KronosPredictor,a7d5f37e2e9fbd9891f7d7d4f72574512dd1f704fee14223e0a8cd0fbf54197c,0b30a443affb03e05a876a083857de9164f899feb7b4d261da02c485c9a3e3b6,20260725,1.0,0.9,1
run2,OHLCV+amount,OHLCV+amount_0022,3,99.91860961914062,99.97503662109375,99.91366577148438,99.9840316772461,99.91860961914062,99.9840316772461,99.91366577148438,99.9840316772461,False,True,True,0.00899505615234375,0.0,0.00899505615234375,8.996084986220882e-05,KronosPredictor,a7d5f37e2e9fbd9891f7d7d4f72574512dd1f704fee14223e0a8cd0fbf54197c,0b30a443affb03e05a876a083857de9164f899feb7b4d261da02c485c9a3e3b6,20260725,1.0,0.9,1
run2,OHLCV+amount,OHLCV+amount_0022,4,99.9094467163086,99.98360443115234,99.89871978759766,99.98324584960938,99.9094467163086,99.98360443115234,99.89871978759766,99.98324584960938,False,True,True,0.0,0.0,0.0,0.0,KronosPredictor,a7d5f37e2e9fbd9891f7d7d4f72574512dd1f704fee14223e0a8cd0fbf54197c,0b30a443affb03e05a876a083857de9164f899feb7b4d261da02c485c9a3e3b6,20260725,1.0,0.9,1
run2,OHLCV+amount,OHLCV+amount_0022,5,99.974365234375,100.00447082519531,99.934814453125,99.98645782470703,99.974365234375,100.00447082519531,99.934814453125,99.98645782470703,False,True,True,0.0,0.0,0.0,0.0,KronosPredictor,a7d5f37e2e9fbd9891f7d7d4f72574512dd1f704fee14223e0a8cd0fbf54197c,0b30a443affb03e05a876a083857de9164f899feb7b4d261da02c485c9a3e3b6,20260725,1.0,0.9,1
run2,OHLCV+amount,OHLCV+amount_0023,1,99.89431762695312,100.02175903320312,99.9193344116211,99.99005889892578,99.89431762695312,100.02175903320312,99.89431762695312,99.99005889892578,False,True,True,0.0,0.02501678466796875,0.02501678466796875,0.00025019271859072294,KronosPredictor,a7d5f37e2e9fbd9891f7d7d4f72574512dd1f704fee14223e0a8cd0fbf54197c,0b30a443affb03e05a876a083857de9164f899feb7b4d261da02c485c9a3e3b6,20260725,1.0,0.9,1
run2,OHLCV+amount,OHLCV+amount_0023,2,100.0149917602539,100.01659393310547,99.9585189819336,99.98751831054688,100.0149917602539,100.01659393310547,99.9585189819336,99.98751831054688,False,True,True,0.0,0.0,0.0,0.0,KronosPredictor,a7d5f37e2e9fbd9891f7d7d4f72574512dd1f704fee14223e0a8cd0fbf54197c,0b30a443affb03e05a876a083857de9164f899feb7b4d261da02c485c9a3e3b6,20260725,1.0,0.9,1
run2,OHLCV+amount,OHLCV+amount_0023,3,100.01265716552734,100.03129577636719,99.9507827758789,99.9863510131836,100.01265716552734,100.03129577636719,99.9507827758789,99.9863510131836,False,True,True,0.0,0.0,0.0,0.0,KronosPredictor,a7d5f37e2e9fbd9891f7d7d4f72574512dd1f704fee14223e0a8cd0fbf54197c,0b30a443affb03e05a876a083857de9164f899feb7b4d261da02c485c9a3e3b6,20260725,1.0,0.9,1
run2,OHLCV+amount,OHLCV+amount_0023,4,99.91383361816406,99.94866943359375,99.91657257080078,99.98209381103516,99.91383361816406,99.98209381103516,99.91383361816406,99.98209381103516,False,True,True,0.03342437744140625,0.00273895263671875,0.036163330078125,0.0003616692546874128,KronosPredictor,a7d5f37e2e9fbd9891f7d7d4f72574512dd1f704fee14223e0a8cd0fbf54197c,0b30a443affb03e05a876a083857de9164f899feb7b4d261da02c485c9a3e3b6,20260725,1.0,0.9,1
run2,OHLCV+amount,OHLCV+amount_0023,5,99.88592529296875,99.98667907714844,99.90058135986328,99.98435974121094,99.88592529296875,99.98667907714844,99.88592529296875,99.98435974121094,False,True,True,0.0,0.01465606689453125,0.01465606689453125,0.0001465752401380844,KronosPredictor,a7d5f37e2e9fbd9891f7d7d4f72574512dd1f704fee14223e0a8cd0fbf54197c,0b30a443affb03e05a876a083857de9164f899feb7b4d261da02c485c9a3e3b6,20260725,1.0,0.9,1
run2,OHLCV+amount,OHLCV+amount_0024,1,100.01051330566406,100.04508972167969,99.9779281616211,100.00872802734375,100.01051330566406,100.04508972167969,99.9779281616211,100.00872802734375,False,True,True,0.0,0.0,0.0,0.0,KronosPredictor,a7d5f37e2e9fbd9891f7d7d4f72574512dd1f704fee14223e0a8cd0fbf54197c,0b30a443affb03e05a876a083857de9164f899feb7b4d261da02c485c9a3e3b6,20260725,1.0,0.9,1
run2,OHLCV+amount,OHLCV+amount_0024,2,100.0320816040039,100.12419891357422,99.95306396484375,100.01570129394531,100.0320816040039,100.12419891357422,99.95306396484375,100.01570129394531,False,True,True,0.0,0.0,0.0,0.0,KronosPredictor,a7d5f37e2e9fbd9891f7d7d4f72574512dd1f704fee14223e0a8cd0fbf54197c,0b30a443affb03e05a876a083857de9164f899feb7b4d261da02c485c9a3e3b6,20260725,1.0,0.9,1
run2,OHLCV+amount,OHLCV+amount_0024,3,99.98512268066406,100.06890106201172,99.91680908203125,100.01692962646484,99.98512268066406,100.06890106201172,99.91680908203125,100.01692962646484,False,True,True,0.0,0.0,0.0,0.0,KronosPredictor,a7d5f37e2e9fbd9891f7d7d4f72574512dd1f704fee14223e0a8cd0fbf54197c,0b30a443affb03e05a876a083857de9164f899feb7b4d261da02c485c9a3e3b6,20260725,1.0,0.9,1
run2,OHLCV+amount,OHLCV+amount_0024,4,100.04110717773438,100.12805938720703,99.91482543945312,100.01416778564453,100.04110717773438,100.12805938720703,99.91482543945312,100.01416778564453,False,True,True,0.0,0.0,0.0,0.0,KronosPredictor,a7d5f37e2e9fbd9891f7d7d4f72574512dd1f704fee14223e0a8cd0fbf54197c,0b30a443affb03e05a876a083857de9164f899feb7b4d261da02c485c9a3e3b6,20260725,1.0,0.9,1
run2,OHLCV+amount,OHLCV+amount_0024,5,100.1081771850586,100.08220672607422,99.98121643066406,100.0087661743164,100.1081771850586,100.1081771850586,99.98121643066406,100.0087661743164,False,True,True,0.025970458984375,0.0,0.025970458984375,0.0002596819247343524,KronosPredictor,a7d5f37e2e9fbd9891f7d7d4f72574512dd1f704fee14223e0a8cd0fbf54197c,0b30a443affb03e05a876a083857de9164f899feb7b4d261da02c485c9a3e3b6,20260725,1.0,0.9,1
run2,OHLCV+amount,OHLCV+amount_0025,1,99.93148803710938,100.05305480957031,99.93853759765625,100.00682830810547,99.93148803710938,100.05305480957031,99.93148803710938,100.00682830810547,False,True,True,0.0,0.007049560546875,0.007049560546875,7.049079214027667e-05,KronosPredictor,a7d5f37e2e9fbd9891f7d7d4f72574512dd1f704fee14223e0a8cd0fbf54197c,0b30a443affb03e05a876a083857de9164f899feb7b4d261da02c485c9a3e3b6,20260725,1.0,0.9,1
run2,OHLCV+amount,OHLCV+amount_0025,2,100.03856658935547,100.05461883544922,99.98212432861328,100.00534057617188,100.03856658935547,100.05461883544922,99.98212432861328,100.00534057617188,False,True,True,0.0,0.0,0.0,0.0,KronosPredictor,a7d5f37e2e9fbd9891f7d7d4f72574512dd1f704fee14223e0a8cd0fbf54197c,0b30a443affb03e05a876a083857de9164f899feb7b4d261da02c485c9a3e3b6,20260725,1.0,0.9,1
run2,OHLCV+amount,OHLCV+amount_0025,3,100.0362319946289,100.05393981933594,99.9864501953125,100.0054931640625,100.0362319946289,100.05393981933594,99.9864501953125,100.0054931640625,False,True,True,0.0,0.0,0.0,0.0,KronosPredictor,a7d5f37e2e9fbd9891f7d7d4f72574512dd1f704fee14223e0a8cd0fbf54197c,0b30a443affb03e05a876a083857de9164f899feb7b4d261da02c485c9a3e3b6,20260725,1.0,0.9,1
run2,OHLCV+amount,OHLCV+amount_0025,4,100.01646423339844,100.07125091552734,99.97152709960938,100.00708770751953,100.01646423339844,100.07125091552734,99.97152709960938,100.00708770751953,False,True,True,0.0,0.0,0.0,0.0,KronosPredictor,a7d5f37e2e9fbd9891f7d7d4f72574512dd1f704fee14223e0a8cd0fbf54197c,0b30a443affb03e05a876a083857de9164f899feb7b4d261da02c485c9a3e3b6,20260725,1.0,0.9,1
run2,OHLCV+amount,OHLCV+amount_0025,5,100.03028106689453,100.05399322509766,99.9678726196289,100.00498962402344,100.03028106689453,100.05399322509766,99.9678726196289,100.00498962402344,False,True,True,0.0,0.0,0.0,0.0,KronosPredictor,a7d5f37e2e9fbd9891f7d7d4f72574512dd1f704fee14223e0a8cd0fbf54197c,0b30a443affb03e05a876a083857de9164f899feb7b4d261da02c485c9a3e3b6,20260725,1.0,0.9,1
run2,OHLCV+amount,OHLCV+amount_0026,1,100.02578735351562,100.05721282958984,99.94022369384766,100.00199127197266,100.02578735351562,100.05721282958984,99.94022369384766,100.00199127197266,False,True,True,0.0,0.0,0.0,0.0,KronosPredictor,a7d5f37e2e9fbd9891f7d7d4f72574512dd1f704fee14223e0a8cd0fbf54197c,0b30a443affb03e05a876a083857de9164f899feb7b4d261da02c485c9a3e3b6,20260725,1.0,0.9,1
run2,OHLCV+amount,OHLCV+amount_0026,2,99.92628479003906,100.01775360107422,99.9069595336914,100.00357818603516,99.92628479003906,100.01775360107422,99.9069595336914,100.00357818603516,False,True,True,0.0,0.0,0.0,0.0,KronosPredictor,a7d5f37e2e9fbd9891f7d7d4f72574512dd1f704fee14223e0a8cd0fbf54197c,0b30a443affb03e05a876a083857de9164f899feb7b4d261da02c485c9a3e3b6,20260725,1.0,0.9,1
run2,OHLCV+amount,OHLCV+amount_0026,3,100.00279235839844,100.0423812866211,99.96094512939453,100.00495147705078,100.00279235839844,100.0423812866211,99.96094512939453,100.00495147705078,False,True,True,0.0,0.0,0.0,0.0,KronosPredictor,a7d5f37e2e9fbd9891f7d7d4f72574512dd1f704fee14223e0a8cd0fbf54197c,0b30a443affb03e05a876a083857de9164f899feb7b4d261da02c485c9a3e3b6,20260725,1.0,0.9,1
run2,OHLCV+amount,OHLCV+amount_0026,4,99.9381103515625,100.17627716064453,99.87065124511719,100.01296997070312,99.9381103515625,100.17627716064453,99.87065124511719,100.01296997070312,False,True,True,0.0,0.0,0.0,0.0,KronosPredictor,a7d5f37e2e9fbd9891f7d7d4f72574512dd1f704fee14223e0a8cd0fbf54197c,0b30a443affb03e05a876a083857de9164f899feb7b4d261da02c485c9a3e3b6,20260725,1.0,0.9,1
run2,OHLCV+amount,OHLCV+amount_0026,5,100.1214828491211,100.08370971679688,99.9726791381836,100.00581359863281,100.1214828491211,100.1214828491211,99.9726791381836,100.00581359863281,False,True,True,0.03777313232421875,0.0,0.03777313232421875,0.00037772380173398953,KronosPredictor,a7d5f37e2e9fbd9891f7d7d4f72574512dd1f704fee14223e0a8cd0fbf54197c,0b30a443affb03e05a876a083857de9164f899feb7b4d261da02c485c9a3e3b6,20260725,1.0,0.9,1
run2,OHLCV+amount,OHLCV+amount_0027,1,100.09683990478516,100.07693481445312,100.0064697265625,99.99210357666016,100.09683990478516,100.09683990478516,99.99210357666016,99.99210357666016,False,True,True,0.01990509033203125,0.01436614990234375,0.034271240234375,0.0003427394665029778,KronosPredictor,a7d5f37e2e9fbd9891f7d7d4f72574512dd1f704fee14223e0a8cd0fbf54197c,0b30a443affb03e05a876a083857de9164f899feb7b4d261da02c485c9a3e3b6,20260725,1.0,0.9,1
run2,OHLCV+amount,OHLCV+amount_0027,2,99.99274444580078,100.0917739868164,99.96427154541016,99.9953384399414,99.99274444580078,100.0917739868164,99.96427154541016,99.9953384399414,False,True,True,0.0,0.0,0.0,0.0,KronosPredictor,a7d5f37e2e9fbd9891f7d7d4f72574512dd1f704fee14223e0a8cd0fbf54197c,0b30a443affb03e05a876a083857de9164f899feb7b4d261da02c485c9a3e3b6,20260725,1.0,0.9,1
run2,OHLCV+amount,OHLCV+amount_0027,3,99.99488067626953,100.06137084960938,99.9279556274414,99.99146270751953,99.99488067626953,100.06137084960938,99.9279556274414,99.99146270751953,False,True,True,0.0,0.0,0.0,0.0,KronosPredictor,a7d5f37e2e9fbd9891f7d7d4f72574512dd1f704fee14223e0a8cd0fbf54197c,0b30a443affb03e05a876a083857de9164f899feb7b4d261da02c485c9a3e3b6,20260725,1.0,0.9,1
run2,OHLCV+amount,OHLCV+amount_0027,4,99.89923858642578,100.04955291748047,99.90505981445312,99.99230194091797,99.89923858642578,100.04955291748047,99.89923858642578,99.99230194091797,False,True,True,0.0,0.00582122802734375,0.00582122802734375,5.821687732452628e-05,KronosPredictor,a7d5f37e2e9fbd9891f7d7d4f72574512dd1f704fee14223e0a8cd0fbf54197c,0b30a443affb03e05a876a083857de9164f899feb7b4d261da02c485c9a3e3b6,20260725,1.0,0.9,1
run2,OHLCV+amount,OHLCV+amount_0027,5,100.04340362548828,100.05107116699219,99.98098754882812,99.99103546142578,100.04340362548828,100.05107116699219,99.98098754882812,99.99103546142578,False,True,True,0.0,0.0,0.0,0.0,KronosPredictor,a7d5f37e2e9fbd9891f7d7d4f72574512dd1f704fee14223e0a8cd0fbf54197c,0b30a443affb03e05a876a083857de9164f899feb7b4d261da02c485c9a3e3b6,20260725,1.0,0.9,1
run2,OHLCV+amount,OHLCV+amount_0028,1,100.07012939453125,100.07366180419922,99.87425231933594,99.99443817138672,100.07012939453125,100.07366180419922,99.87425231933594,99.99443817138672,False,True,True,0.0,0.0,0.0,0.0,KronosPredictor,a7d5f37e2e9fbd9891f7d7d4f72574512dd1f704fee14223e0a8cd0fbf54197c,0b30a443affb03e05a876a083857de9164f899feb7b4d261da02c485c9a3e3b6,20260725,1.0,0.9,1
run2,OHLCV+amount,OHLCV+amount_0028,2,99.76529693603516,100.01360321044922,99.83299255371094,99.99950408935547,99.76529693603516,100.01360321044922,99.76529693603516,99.99950408935547,False,True,True,0.0,0.06769561767578125,0.06769561767578125,0.0006769938299943592,KronosPredictor,a7d5f37e2e9fbd9891f7d7d4f72574512dd1f704fee14223e0a8cd0fbf54197c,0b30a443affb03e05a876a083857de9164f899feb7b4d261da02c485c9a3e3b6,20260725,1.0,0.9,1
run2,OHLCV+amount,OHLCV+amount_0028,3,99.9056167602539,100.02751159667969,99.88739776611328,99.99604034423828,99.9056167602539,100.02751159667969,99.88739776611328,99.99604034423828,False,True,True,0.0,0.0,0.0,0.0,KronosPredictor,a7d5f37e2e9fbd9891f7d7d4f72574512dd1f704fee14223e0a8cd0fbf54197c,0b30a443affb03e05a876a083857de9164f899feb7b4d261da02c485c9a3e3b6,20260725,1.0,0.9,1
run2,OHLCV+amount,OHLCV+amount_0028,4,99.86493682861328,99.99633026123047,99.89358520507812,99.99761199951172,99.86493682861328,99.99761199951172,99.86493682861328,99.99761199951172,False,True,True,0.00128173828125,0.02864837646484375,0.02993011474609375,0.00029931779500370464,KronosPredictor,a7d5f37e2e9fbd9891f7d7d4f72574512dd1f704fee14223e0a8cd0fbf54197c,0b30a443affb03e05a876a083857de9164f899feb7b4d261da02c485c9a3e3b6,20260725,1.0,0.9,1
run2,OHLCV+amount,OHLCV+amount_0028,5,99.92069244384766,99.98674011230469,99.9176254272461,99.99728393554688,99.92069244384766,99.99728393554688,99.9176254272461,99.99728393554688,False,True,True,0.0105438232421875,0.0,0.0105438232421875,0.00010544409704183529,KronosPredictor,a7d5f37e2e9fbd9891f7d7d4f72574512dd1f704fee14223e0a8cd0fbf54197c,0b30a443affb03e05a876a083857de9164f899feb7b4d261da02c485c9a3e3b6,20260725,1.0,0.9,1
run2,OHLCV+amount,OHLCV+amount_0029,1,100.01091003417969,100.09751892089844,99.93130493164062,99.99557495117188,100.01091003417969,100.09751892089844,99.93130493164062,99.99557495117188,False,True,True,0.0,0.0,0.0,0.0,KronosPredictor,a7d5f37e2e9fbd9891f7d7d4f72574512dd1f704fee14223e0a8cd0fbf54197c,0b30a443affb03e05a876a083857de9164f899feb7b4d261da02c485c9a3e3b6,20260725,1.0,0.9,1
run2,OHLCV+amount,OHLCV+amount_0029,2,100.0421371459961,100.08926391601562,99.95308685302734,99.99735260009766,100.0421371459961,100.08926391601562,99.95308685302734,99.99735260009766,False,True,True,0.0,0.0,0.0,0.0,KronosPredictor,a7d5f37e2e9fbd9891f7d7d4f72574512dd1f704fee14223e0a8cd0fbf54197c,0b30a443affb03e05a876a083857de9164f899feb7b4d261da02c485c9a3e3b6,20260725,1.0,0.9,1
run2,OHLCV+amount,OHLCV+amount_0029,3,100.186767578125,100.1171875,99.97810363769531,99.99734497070312,100.186767578125,100.186767578125,99.97810363769531,99.99734497070312,False,True,True,0.069580078125,0.0,0.069580078125,0.0006958315721368285,KronosPredictor,a7d5f37e2e9fbd9891f7d7d4f72574512dd1f704fee14223e0a8cd0fbf54197c,0b30a443affb03e05a876a083857de9164f899feb7b4d261da02c485c9a3e3b6,20260725,1.0,0.9,1
run2,OHLCV+amount,OHLCV+amount_0029,4,100.10372924804688,100.08695220947266,99.94218444824219,99.9951171875,100.10372924804688,100.10372924804688,99.94218444824219,99.9951171875,False,True,True,0.01677703857421875,0.0,0.01677703857421875,0.0001677778099922024,KronosPredictor,a7d5f37e2e9fbd9891f7d7d4f72574512dd1f704fee14223e0a8cd0fbf54197c,0b30a443affb03e05a876a083857de9164f899feb7b4d261da02c485c9a3e3b6,20260725,1.0,0.9,1
run2,OHLCV+amount,OHLCV+amount_0029,5,100.12552642822266,100.06649780273438,99.96270751953125,99.9955825805664,100.12552642822266,100.12552642822266,99.96270751953125,99.9955825805664,False,True,True,0.05902862548828125,0.0,0.05902862548828125,0.0005903123764937108,KronosPredictor,a7d5f37e2e9fbd9891f7d7d4f72574512dd1f704fee14223e0a8cd0fbf54197c,0b30a443affb03e05a876a083857de9164f899feb7b4d261da02c485c9a3e3b6,20260725,1.0,0.9,1
run2,OHLCV+amount,OHLCV+amount_0030,1,100.1473159790039,100.16839599609375,99.9757080078125,100.00559997558594,100.1473159790039,100.16839599609375,99.9757080078125,100.00559997558594,False,True,True,0.0,0.0,0.0,0.0,KronosPredictor,a7d5f37e2e9fbd9891f7d7d4f72574512dd1f704fee14223e0a8cd0fbf54197c,0b30a443affb03e05a876a083857de9164f899feb7b4d261da02c485c9a3e3b6,20260725,1.0,0.9,1
run2,OHLCV+amount,OHLCV+amount_0030,2,100.07176971435547,100.09598541259766,100.00265502929688,100.0082778930664,100.07176971435547,100.09598541259766,100.00265502929688,100.0082778930664,False,True,True,0.0,0.0,0.0,0.0,KronosPredictor,a7d5f37e2e9fbd9891f7d7d4f72574512dd1f704fee14223e0a8cd0fbf54197c,0b30a443affb03e05a876a083857de9164f899feb7b4d261da02c485c9a3e3b6,20260725,1.0,0.9,1
run2,OHLCV+amount,OHLCV+amount_0030,3,100.0567626953125,100.0838623046875,99.99541473388672,100.0082015991211,100.0567626953125,100.0838623046875,99.99541473388672,100.0082015991211,False,True,True,0.0,0.0,0.0,0.0,KronosPredictor,a7d5f37e2e9fbd9891f7d7d4f72574512dd1f704fee14223e0a8cd0fbf54197c,0b30a443affb03e05a876a083857de9164f899feb7b4d261da02c485c9a3e3b6,20260725,1.0,0.9,1
run2,OHLCV+amount,OHLCV+amount_0030,4,100.11299133300781,100.10885620117188,100.0149154663086,100.00833129882812,100.11299133300781,100.11299133300781,100.00833129882812,100.00833129882812,False,True,True,0.0041351318359375,0.00658416748046875,0.01071929931640625,0.00010718699071875095,KronosPredictor,a7d5f37e2e9fbd9891f7d7d4f72574512dd1f704fee14223e0a8cd0fbf54197c,0b30a443affb03e05a876a083857de9164f899feb7b4d261da02c485c9a3e3b6,20260725,1.0,0.9,1
run2,OHLCV+amount,OHLCV+amount_0030,5,99.9971694946289,100.024169921875,99.9728012084961,100.00505828857422,99.9971694946289,100.024169921875,99.9728012084961,100.00505828857422,False,True,True,0.0,0.0,0.0,0.0,KronosPredictor,a7d5f37e2e9fbd9891f7d7d4f72574512dd1f704fee14223e0a8cd0fbf54197c,0b30a443affb03e05a876a083857de9164f899feb7b4d261da02c485c9a3e3b6,20260725,1.0,0.9,1
run2,OHLCV+amount,OHLCV+amount_0031,1,99.9827651977539,100.03152465820312,99.95816040039062,100.01209259033203,99.9827651977539,100.03152465820312,99.95816040039062,100.01209259033203,False,True,True,0.0,0.0,0.0,0.0,KronosPredictor,a7d5f37e2e9fbd9891f7d7d4f72574512dd1f704fee14223e0a8cd0fbf54197c,0b30a443affb03e05a876a083857de9164f899feb7b4d261da02c485c9a3e3b6,20260725,1.0,0.9,1
run2,OHLCV+amount,OHLCV+amount_0031,2,99.98169708251953,100.01917266845703,99.95980834960938,100.01046752929688,99.98169708251953,100.01917266845703,99.95980834960938,100.01046752929688,False,True,True,0.0,0.0,0.0,0.0,KronosPredictor,a7d5f37e2e9fbd9891f7d7d4f72574512dd1f704fee14223e0a8cd0fbf54197c,0b30a443affb03e05a876a083857de9164f899feb7b4d261da02c485c9a3e3b6,20260725,1.0,0.9,1
run2,OHLCV+amount,OHLCV+amount_0031,3,100.18476104736328,100.11387634277344,99.99701690673828,100.01384735107422,100.18476104736328,100.18476104736328,99.99701690673828,100.01384735107422,False,True,True,0.07088470458984375,0.0,0.07088470458984375,0.0007087613382933659,KronosPredictor,a7d5f37e2e9fbd9891f7d7d4f72574512dd1f704fee14223e0a8cd0fbf54197c,0b30a443affb03e05a876a083857de9164f899feb7b4d261da02c485c9a3e3b6,20260725,1.0,0.9,1
run2,OHLCV+amount,OHLCV+amount_0031,4,99.85470581054688,100.10429382324219,99.89682006835938,100.0201187133789,99.85470581054688,100.10429382324219,99.85470581054688,100.0201187133789,False,True,True,0.0,0.0421142578125,0.0421142578125,0.0004210916572359681,KronosPredictor,a7d5f37e2e9fbd9891f7d7d4f72574512dd1f704fee14223e0a8cd0fbf54197c,0b30a443affb03e05a876a083857de9164f899feb7b4d261da02c485c9a3e3b6,20260725,1.0,0.9,1
run2,OHLCV+amount,OHLCV+amount_0031,5,100.07159423828125,100.16448211669922,99.95294189453125,100.01663208007812,100.07159423828125,100.16448211669922,99.95294189453125,100.01663208007812,False,True,True,0.0,0.0,0.0,0.0,KronosPredictor,a7d5f37e2e9fbd9891f7d7d4f72574512dd1f704fee14223e0a8cd0fbf54197c,0b30a443affb03e05a876a083857de9164f899feb7b4d261da02c485c9a3e3b6,20260725,1.0,0.9,1
run2,OHLCV+amount,OHLCV+amount_0032,1,100.01595306396484,100.05245208740234,99.94207000732422,100.00019836425781,100.01595306396484,100.05245208740234,99.94207000732422,100.00019836425781,True,True,False,0.0,0.0,0.0,0.0,KronosPredictor,a7d5f37e2e9fbd9891f7d7d4f72574512dd1f704fee14223e0a8cd0fbf54197c,0b30a443affb03e05a876a083857de9164f899feb7b4d261da02c485c9a3e3b6,20260725,1.0,0.9,1
run2,OHLCV+amount,OHLCV+amount_0032,2,99.93460845947266,100.03395080566406,99.91280364990234,100.0025634765625,99.93460845947266,100.03395080566406,99.91280364990234,100.0025634765625,True,True,False,0.0,0.0,0.0,0.0,KronosPredictor,a7d5f37e2e9fbd9891f7d7d4f72574512dd1f704fee14223e0a8cd0fbf54197c,0b30a443affb03e05a876a083857de9164f899feb7b4d261da02c485c9a3e3b6,20260725,1.0,0.9,1
run2,OHLCV+amount,OHLCV+amount_0032,3,99.9725112915039,100.09603881835938,99.92359924316406,100.00959777832031,99.9725112915039,100.09603881835938,99.92359924316406,100.00959777832031,True,True,False,0.0,0.0,0.0,0.0,KronosPredictor,a7d5f37e2e9fbd9891f7d7d4f72574512dd1f704fee14223e0a8cd0fbf54197c,0b30a443affb03e05a876a083857de9164f899feb7b4d261da02c485c9a3e3b6,20260725,1.0,0.9,1
run2,OHLCV+amount,OHLCV+amount_0032,4,99.98102569580078,100.0355224609375,99.88088989257812,100.00093078613281,99.98102569580078,100.0355224609375,99.88088989257812,100.00093078613281,True,True,False,0.0,0.0,0.0,0.0,KronosPredictor,a7d5f37e2e9fbd9891f7d7d4f72574512dd1f704fee14223e0a8cd0fbf54197c,0b30a443affb03e05a876a083857de9164f899feb7b4d261da02c485c9a3e3b6,20260725,1.0,0.9,1
run2,OHLCV+amount,OHLCV+amount_0032,5,99.98641204833984,100.09040832519531,99.93762969970703,100.00912475585938,99.98641204833984,100.09040832519531,99.93762969970703,100.00912475585938,True,True,False,0.0,0.0,0.0,0.0,KronosPredictor,a7d5f37e2e9fbd9891f7d7d4f72574512dd1f704fee14223e0a8cd0fbf54197c,0b30a443affb03e05a876a083857de9164f899feb7b4d261da02c485c9a3e3b6,20260725,1.0,0.9,1
run2,OHLCV+amount,OHLCV+amount_0033,1,100.06912231445312,100.09573364257812,99.9804458618164,100.01398468017578,100.06912231445312,100.09573364257812,99.9804458618164,100.01398468017578,True,True,False,0.0,0.0,0.0,0.0,KronosPredictor,a7d5f37e2e9fbd9891f7d7d4f72574512dd1f704fee14223e0a8cd0fbf54197c,0b30a443affb03e05a876a083857de9164f899feb7b4d261da02c485c9a3e3b6,20260725,1.0,0.9,1
run2,OHLCV+amount,OHLCV+amount_0033,2,100.08645629882812,100.10208129882812,100.01145935058594,100.01679229736328,100.08645629882812,100.10208129882812,100.01145935058594,100.01679229736328,True,True,False,0.0,0.0,0.0,0.0,KronosPredictor,a7d5f37e2e9fbd9891f7d7d4f72574512dd1f704fee14223e0a8cd0fbf54197c,0b30a443affb03e05a876a083857de9164f899feb7b4d261da02c485c9a3e3b6,20260725,1.0,0.9,1
run2,OHLCV+amount,OHLCV+amount_0033,3,100.05725860595703,100.0721435546875,99.98892974853516,100.00933074951172,100.05725860595703,100.0721435546875,99.98892974853516,100.00933074951172,True,True,False,0.0,0.0,0.0,0.0,KronosPredictor,a7d5f37e2e9fbd9891f7d7d4f72574512dd1f704fee14223e0a8cd0fbf54197c,0b30a443affb03e05a876a083857de9164f899feb7b4d261da02c485c9a3e3b6,20260725,1.0,0.9,1
run2,OHLCV+amount,OHLCV+amount_0033,4,100.01253509521484,100.07269287109375,99.97377014160156,100.01143646240234,100.01253509521484,100.07269287109375,99.97377014160156,100.01143646240234,True,True,False,0.0,0.0,0.0,0.0,KronosPredictor,a7d5f37e2e9fbd9891f7d7d4f72574512dd1f704fee14223e0a8cd0fbf54197c,0b30a443affb03e05a876a083857de9164f899feb7b4d261da02c485c9a3e3b6,20260725,1.0,0.9,1
run2,OHLCV+amount,OHLCV+amount_0033,5,100.01943969726562,100.04901885986328,99.93672943115234,100.00194549560547,100.01943969726562,100.04901885986328,99.93672943115234,100.00194549560547,True,True,False,0.0,0.0,0.0,0.0,KronosPredictor,a7d5f37e2e9fbd9891f7d7d4f72574512dd1f704fee14223e0a8cd0fbf54197c,0b30a443affb03e05a876a083857de9164f899feb7b4d261da02c485c9a3e3b6,20260725,1.0,0.9,1
run2,OHLCV+amount,OHLCV+amount_0034,1,100.16403198242188,100.13284301757812,99.97826385498047,99.99539947509766,100.16403198242188,100.16403198242188,99.97826385498047,99.99539947509766,False,True,True,0.03118896484375,0.0,0.03118896484375,0.0003119039976585837,KronosPredictor,a7d5f37e2e9fbd9891f7d7d4f72574512dd1f704fee14223e0a8cd0fbf54197c,0b30a443affb03e05a876a083857de9164f899feb7b4d261da02c485c9a3e3b6,20260725,1.0,0.9,1
run2,OHLCV+amount,OHLCV+amount_0034,2,100.03166198730469,100.12554931640625,99.91679382324219,99.99633026123047,100.03166198730469,100.12554931640625,99.91679382324219,99.99633026123047,False,True,True,0.0,0.0,0.0,0.0,KronosPredictor,a7d5f37e2e9fbd9891f7d7d4f72574512dd1f704fee14223e0a8cd0fbf54197c,0b30a443affb03e05a876a083857de9164f899feb7b4d261da02c485c9a3e3b6,20260725,1.0,0.9,1
run2,OHLCV+amount,OHLCV+amount_0034,3,100.07376861572266,100.10381317138672,99.94659423828125,99.99333190917969,100.07376861572266,100.10381317138672,99.94659423828125,99.99333190917969,False,True,True,0.0,0.0,0.0,0.0,KronosPredictor,a7d5f37e2e9fbd9891f7d7d4f72574512dd1f704fee14223e0a8cd0fbf54197c,0b30a443affb03e05a876a083857de9164f899feb7b4d261da02c485c9a3e3b6,20260725,1.0,0.9,1
run2,OHLCV+amount,OHLCV+amount_0034,4,99.9301986694336,100.06620788574219,99.93859100341797,99.99845123291016,99.9301986694336,100.06620788574219,99.9301986694336,99.99845123291016,False,True,True,0.0,0.008392333984375,0.008392333984375,8.392720093552887e-05,KronosPredictor,a7d5f37e2e9fbd9891f7d7d4f72574512dd1f704fee14223e0a8cd0fbf54197c,0b30a443affb03e05a876a083857de9164f899feb7b4d261da02c485c9a3e3b6,20260725,1.0,0.9,1
run2,OHLCV+amount,OHLCV+amount_0034,5,100.0202407836914,100.11018371582031,99.94377899169922,99.99749755859375,100.0202407836914,100.11018371582031,99.94377899169922,99.99749755859375,False,True,True,0.0,0.0,0.0,0.0,KronosPredictor,a7d5f37e2e9fbd9891f7d7d4f72574512dd1f704fee14223e0a8cd0fbf54197c,0b30a443affb03e05a876a083857de9164f899feb7b4d261da02c485c9a3e3b6,20260725,1.0,0.9,1
run2,OHLCV+amount,OHLCV+amount_0035,1,100.06818389892578,100.10637664794922,99.98992919921875,100.0024185180664,100.06818389892578,100.10637664794922,99.98992919921875,100.0024185180664,False,True,True,0.0,0.0,0.0,0.0,KronosPredictor,a7d5f37e2e9fbd9891f7d7d4f72574512dd1f704fee14223e0a8cd0fbf54197c,0b30a443affb03e05a876a083857de9164f899feb7b4d261da02c485c9a3e3b6,20260725,1.0,0.9,1
run2,OHLCV+amount,OHLCV+amount_0035,2,100.02589416503906,100.06829833984375,99.9749984741211,100.00031280517578,100.02589416503906,100.06829833984375,99.9749984741211,100.00031280517578,False,True,True,0.0,0.0,0.0,0.0,KronosPredictor,a7d5f37e2e9fbd9891f7d7d4f72574512dd1f704fee14223e0a8cd0fbf54197c,0b30a443affb03e05a876a083857de9164f899feb7b4d261da02c485c9a3e3b6,20260725,1.0,0.9,1
run2,OHLCV+amount,OHLCV+amount_0035,3,100.12257385253906,100.0916519165039,99.971923828125,99.99800872802734,100.12257385253906,100.12257385253906,99.971923828125,99.99800872802734,False,True,True,0.03092193603515625,0.0,0.03092193603515625,0.0003092118820063327,KronosPredictor,a7d5f37e2e9fbd9891f7d7d4f72574512dd1f704fee14223e0a8cd0fbf54197c,0b30a443affb03e05a876a083857de9164f899feb7b4d261da02c485c9a3e3b6,20260725,1.0,0.9,1
run2,OHLCV+amount,OHLCV+amount_0035,4,100.05054473876953,100.05445861816406,99.96337127685547,99.99736022949219,100.05054473876953,100.05445861816406,99.96337127685547,99.99736022949219,False,True,True,0.0,0.0,0.0,0.0,KronosPredictor,a7d5f37e2e9fbd9891f7d7d4f72574512dd1f704fee14223e0a8cd0fbf54197c,0b30a443affb03e05a876a083857de9164f899feb7b4d261da02c485c9a3e3b6,20260725,1.0,0.9,1
run2,OHLCV+amount,OHLCV+amount_0035,5,99.95325469970703,100.02253723144531,99.9581069946289,99.99832153320312,99.95325469970703,100.02253723144531,99.95325469970703,99.99832153320312,False,True,True,0.0,0.004852294921875,0.004852294921875,4.8521775710838294e-05,KronosPredictor,a7d5f37e2e9fbd9891f7d7d4f72574512dd1f704fee14223e0a8cd0fbf54197c,0b30a443affb03e05a876a083857de9164f899feb7b4d261da02c485c9a3e3b6,20260725,1.0,0.9,1
run2,OHLCV+amount,OHLCV+amount_0036,1,100.017333984375,100.08785247802734,99.93399047851562,100.00374603271484,100.017333984375,100.08785247802734,99.93399047851562,100.00374603271484,False,True,True,0.0,0.0,0.0,0.0,KronosPredictor,a7d5f37e2e9fbd9891f7d7d4f72574512dd1f704fee14223e0a8cd0fbf54197c,0b30a443affb03e05a876a083857de9164f899feb7b4d261da02c485c9a3e3b6,20260725,1.0,0.9,1
run2,OHLCV+amount,OHLCV+amount_0036,2,100.10984802246094,100.09497833251953,99.93985748291016,99.99894714355469,100.10984802246094,100.10984802246094,99.93985748291016,99.99894714355469,False,True,True,0.01486968994140625,0.0,0.01486968994140625,0.00014869132938821948,KronosPredictor,a7d5f37e2e9fbd9891f7d7d4f72574512dd1f704fee14223e0a8cd0fbf54197c,0b30a443affb03e05a876a083857de9164f899feb7b4d261da02c485c9a3e3b6,20260725,1.0,0.9,1
run2,OHLCV+amount,OHLCV+amount_0036,3,99.98921203613281,100.01840209960938,99.94005584716797,99.99905395507812,99.98921203613281,100.01840209960938,99.94005584716797,99.99905395507812,False,True,True,0.0,0.0,0.0,0.0,KronosPredictor,a7d5f37e2e9fbd9891f7d7d4f72574512dd1f704fee14223e0a8cd0fbf54197c,0b30a443affb03e05a876a083857de9164f899feb7b4d261da02c485c9a3e3b6,20260725,1.0,0.9,1
run2,OHLCV+amount,OHLCV+amount_0036,4,100.03550720214844,100.06891632080078,99.92628479003906,99.99883270263672,100.03550720214844,100.06891632080078,99.92628479003906,99.99883270263672,False,True,True,0.0,0.0,0.0,0.0,KronosPredictor,a7d5f37e2e9fbd9891f7d7d4f72574512dd1f704fee14223e0a8cd0fbf54197c,0b30a443affb03e05a876a083857de9164f899feb7b4d261da02c485c9a3e3b6,20260725,1.0,0.9,1
run2,OHLCV+amount,OHLCV+amount_0036,5,99.9680404663086,100.05443572998047,99.93844604492188,100.0033187866211,99.9680404663086,100.05443572998047,99.93844604492188,100.0033187866211,False,True,True,0.0,0.0,0.0,0.0,KronosPredictor,a7d5f37e2e9fbd9891f7d7d4f72574512dd1f704fee14223e0a8cd0fbf54197c,0b30a443affb03e05a876a083857de9164f899feb7b4d261da02c485c9a3e3b6,20260725,1.0,0.9,1
run2,OHLCV+amount,OHLCV+amount_0037,1,99.8790054321289,99.96702575683594,99.88875579833984,99.97723388671875,99.8790054321289,99.97723388671875,99.8790054321289,99.97723388671875,False,True,True,0.0102081298828125,0.0097503662109375,0.01995849609375,0.0001996304090225619,KronosPredictor,a7d5f37e2e9fbd9891f7d7d4f72574512dd1f704fee14223e0a8cd0fbf54197c,0b30a443affb03e05a876a083857de9164f899feb7b4d261da02c485c9a3e3b6,20260725,1.0,0.9,1
run2,OHLCV+amount,OHLCV+amount_0037,2,99.93387603759766,100.02266693115234,99.8704605102539,99.97693634033203,99.93387603759766,100.02266693115234,99.8704605102539,99.97693634033203,False,True,True,0.0,0.0,0.0,0.0,KronosPredictor,a7d5f37e2e9fbd9891f7d7d4f72574512dd1f704fee14223e0a8cd0fbf54197c,0b30a443affb03e05a876a083857de9164f899feb7b4d261da02c485c9a3e3b6,20260725,1.0,0.9,1
run2,OHLCV+amount,OHLCV+amount_0037,3,99.95680236816406,99.9968490600586,99.9241943359375,99.9789047241211,99.95680236816406,99.9968490600586,99.9241943359375,99.9789047241211,False,True,True,0.0,0.0,0.0,0.0,KronosPredictor,a7d5f37e2e9fbd9891f7d7d4f72574512dd1f704fee14223e0a8cd0fbf54197c,0b30a443affb03e05a876a083857de9164f899feb7b4d261da02c485c9a3e3b6,20260725,1.0,0.9,1
run2,OHLCV+amount,OHLCV+amount_0037,4,99.78987884521484,99.93876647949219,99.83758544921875,99.97396850585938,99.78987884521484,99.97396850585938,99.78987884521484,99.97396850585938,False,True,True,0.0352020263671875,0.04770660400390625,0.08290863037109375,0.0008292750974190291,KronosPredictor,a7d5f37e2e9fbd9891f7d7d4f72574512dd1f704fee14223e0a8cd0fbf54197c,0b30a443affb03e05a876a083857de9164f899feb7b4d261da02c485c9a3e3b6,20260725,1.0,0.9,1
run2,OHLCV+amount,OHLCV+amount_0037,5,100.1296157836914,100.04586029052734,99.96772766113281,99.98219299316406,100.1296157836914,100.1296157836914,99.96772766113281,99.98219299316406,False,True,True,0.0837554931640625,0.0,0.0837554931640625,0.0008377456537651699,KronosPredictor,a7d5f37e2e9fbd9891f7d7d4f72574512dd1f704fee14223e0a8cd0fbf54197c,0b30a443affb03e05a876a083857de9164f899feb7b4d261da02c485c9a3e3b6,20260725,1.0,0.9,1
run2,OHLCV+amount,OHLCV+amount_0038,1,100.08020782470703,100.0965805053711,99.96743774414062,100.02330017089844,100.08020782470703,100.0965805053711,99.96743774414062,100.02330017089844,False,True,True,0.0,0.0,0.0,0.0,KronosPredictor,a7d5f37e2e9fbd9891f7d7d4f72574512dd1f704fee14223e0a8cd0fbf54197c,0b30a443affb03e05a876a083857de9164f899feb7b4d261da02c485c9a3e3b6,20260725,1.0,0.9,1
run2,OHLCV+amount,OHLCV+amount_0038,2,100.15415954589844,100.10902404785156,100.04472351074219,100.03514862060547,100.15415954589844,100.15415954589844,100.03514862060547,100.03514862060547,False,True,True,0.045135498046875,0.00957489013671875,0.05471038818359375,0.000546976435391717,KronosPredictor,a7d5f37e2e9fbd9891f7d7d4f72574512dd1f704fee14223e0a8cd0fbf54197c,0b30a443affb03e05a876a083857de9164f899feb7b4d261da02c485c9a3e3b6,20260725,1.0,0.9,1
run2,OHLCV+amount,OHLCV+amount_0038,3,100.08113098144531,100.10053253173828,100.0203857421875,100.03144073486328,100.08113098144531,100.10053253173828,100.0203857421875,100.03144073486328,False,True,True,0.0,0.0,0.0,0.0,KronosPredictor,a7d5f37e2e9fbd9891f7d7d4f72574512dd1f704fee14223e0a8cd0fbf54197c,0b30a443affb03e05a876a083857de9164f899feb7b4d261da02c485c9a3e3b6,20260725,1.0,0.9,1
run2,OHLCV+amount,OHLCV+amount_0038,4,99.9655532836914,100.09422302246094,99.96109771728516,100.03486633300781,99.9655532836914,100.09422302246094,99.96109771728516,100.03486633300781,False,True,True,0.0,0.0,0.0,0.0,KronosPredictor,a7d5f37e2e9fbd9891f7d7d4f72574512dd1f704fee14223e0a8cd0fbf54197c,0b30a443affb03e05a876a083857de9164f899feb7b4d261da02c485c9a3e3b6,20260725,1.0,0.9,1
run2,OHLCV+amount,OHLCV+amount_0038,5,100.16416931152344,100.1431884765625,99.95903015136719,100.02080535888672,100.16416931152344,100.16416931152344,99.95903015136719,100.02080535888672,False,True,True,0.0209808349609375,0.0,0.0209808349609375,0.00020975947529315602,KronosPredictor,a7d5f37e2e9fbd9891f7d7d4f72574512dd1f704fee14223e0a8cd0fbf54197c,0b30a443affb03e05a876a083857de9164f899feb7b4d261da02c485c9a3e3b6,20260725,1.0,0.9,1
run2,OHLCV+amount,OHLCV+amount_0039,1,99.94442749023438,99.98934173583984,99.9121322631836,99.99310302734375,99.94442749023438,99.99310302734375,99.9121322631836,99.99310302734375,False,True,True,0.00376129150390625,0.0,0.00376129150390625,3.7615509370458286e-05,KronosPredictor,a7d5f37e2e9fbd9891f7d7d4f72574512dd1f704fee14223e0a8cd0fbf54197c,0b30a443affb03e05a876a083857de9164f899feb7b4d261da02c485c9a3e3b6,20260725,1.0,0.9,1
run2,OHLCV+amount,OHLCV+amount_0039,2,99.89295959472656,100.06338500976562,99.84709167480469,99.99300384521484,99.89295959472656,100.06338500976562,99.84709167480469,99.99300384521484,False,True,True,0.0,0.0,0.0,0.0,KronosPredictor,a7d5f37e2e9fbd9891f7d7d4f72574512dd1f704fee14223e0a8cd0fbf54197c,0b30a443affb03e05a876a083857de9164f899feb7b4d261da02c485c9a3e3b6,20260725,1.0,0.9,1
run2,OHLCV+amount,OHLCV+amount_0039,3,99.9498291015625,99.97710418701172,99.89905548095703,99.99076843261719,99.9498291015625,99.99076843261719,99.89905548095703,99.99076843261719,False,True,True,0.01366424560546875,0.0,0.01366424560546875,0.00013665188089754727,KronosPredictor,a7d5f37e2e9fbd9891f7d7d4f72574512dd1f704fee14223e0a8cd0fbf54197c,0b30a443affb03e05a876a083857de9164f899feb7b4d261da02c485c9a3e3b6,20260725,1.0,0.9,1
run2,OHLCV+amount,OHLCV+amount_0039,4,99.91845703125,99.97618103027344,99.90319061279297,99.99205780029297,99.91845703125,99.99205780029297,99.90319061279297,99.99205780029297,False,True,True,0.01587677001953125,0.0,0.01587677001953125,0.0001587786511154639,KronosPredictor,a7d5f37e2e9fbd9891f7d7d4f72574512dd1f704fee14223e0a8cd0fbf54197c,0b30a443affb03e05a876a083857de9164f899feb7b4d261da02c485c9a3e3b6,20260725,1.0,0.9,1
run2,OHLCV+amount,OHLCV+amount_0039,5,99.91626739501953,99.97086334228516,99.86618041992188,99.98924255371094,99.91626739501953,99.98924255371094,99.86618041992188,99.98924255371094,False,True,True,0.01837921142578125,0.0,0.01837921142578125,0.0001838047912240041,KronosPredictor,a7d5f37e2e9fbd9891f7d7d4f72574512dd1f704fee14223e0a8cd0fbf54197c,0b30a443affb03e05a876a083857de9164f899feb7b4d261da02c485c9a3e3b6,20260725,1.0,0.9,1
run2,OHLCV+amount,OHLCV+amount_0040,1,99.91770935058594,100.07451629638672,99.93161010742188,100.01261901855469,99.91770935058594,100.07451629638672,99.91770935058594,100.01261901855469,False,True,True,0.0,0.0139007568359375,0.0139007568359375,0.00013899002918180337,KronosPredictor,a7d5f37e2e9fbd9891f7d7d4f72574512dd1f704fee14223e0a8cd0fbf54197c,0b30a443affb03e05a876a083857de9164f899feb7b4d261da02c485c9a3e3b6,20260725,1.0,0.9,1
run2,OHLCV+amount,OHLCV+amount_0040,2,99.85419464111328,100.06322479248047,99.89385986328125,100.01116180419922,99.85419464111328,100.06322479248047,99.85419464111328,100.01116180419922,False,True,True,0.0,0.03966522216796875,0.03966522216796875,0.0003966021743777145,KronosPredictor,a7d5f37e2e9fbd9891f7d7d4f72574512dd1f704fee14223e0a8cd0fbf54197c,0b30a443affb03e05a876a083857de9164f899feb7b4d261da02c485c9a3e3b6,20260725,1.0,0.9,1
run2,OHLCV+amount,OHLCV+amount_0040,3,100.01813507080078,100.11067962646484,99.91776275634766,100.01167297363281,100.01813507080078,100.11067962646484,99.91776275634766,100.01167297363281,False,True,True,0.0,0.0,0.0,0.0,KronosPredictor,a7d5f37e2e9fbd9891f7d7d4f72574512dd1f704fee14223e0a8cd0fbf54197c,0b30a443affb03e05a876a083857de9164f899feb7b4d261da02c485c9a3e3b6,20260725,1.0,0.9,1
run2,OHLCV+amount,OHLCV+amount_0040,4,99.97557067871094,100.05284881591797,99.9429931640625,100.00965881347656,99.97557067871094,100.05284881591797,99.9429931640625,100.00965881347656,False,True,True,0.0,0.0,0.0,0.0,KronosPredictor,a7d5f37e2e9fbd9891f7d7d4f72574512dd1f704fee14223e0a8cd0fbf54197c,0b30a443affb03e05a876a083857de9164f899feb7b4d261da02c485c9a3e3b6,20260725,1.0,0.9,1
run2,OHLCV+amount,OHLCV+amount_0040,5,100.0071792602539,100.0639877319336,99.94795227050781,100.01032257080078,100.0071792602539,100.0639877319336,99.94795227050781,100.01032257080078,False,True,True,0.0,0.0,0.0,0.0,KronosPredictor,a7d5f37e2e9fbd9891f7d7d4f72574512dd1f704fee14223e0a8cd0fbf54197c,0b30a443affb03e05a876a083857de9164f899feb7b4d261da02c485c9a3e3b6,20260725,1.0,0.9,1
run2,OHLCV+amount,OHLCV+amount_0041,1,99.93016815185547,99.9537124633789,99.91864776611328,99.97366333007812,99.93016815185547,99.97366333007812,99.91864776611328,99.97366333007812,False,True,True,0.01995086669921875,0.0,0.01995086669921875,0.0001995612247732481,KronosPredictor,a7d5f37e2e9fbd9891f7d7d4f72574512dd1f704fee14223e0a8cd0fbf54197c,0b30a443affb03e05a876a083857de9164f899feb7b4d261da02c485c9a3e3b6,20260725,1.0,0.9,1
run2,OHLCV+amount,OHLCV+amount_0041,2,99.91284942626953,99.97472381591797,99.9043960571289,99.97425842285156,99.91284942626953,99.97472381591797,99.9043960571289,99.97425842285156,False,True,True,0.0,0.0,0.0,0.0,KronosPredictor,a7d5f37e2e9fbd9891f7d7d4f72574512dd1f704fee14223e0a8cd0fbf54197c,0b30a443affb03e05a876a083857de9164f899feb7b4d261da02c485c9a3e3b6,20260725,1.0,0.9,1
run2,OHLCV+amount,OHLCV+amount_0041,3,99.94817352294922,99.99913787841797,99.92325592041016,99.98141479492188,99.94817352294922,99.99913787841797,99.92325592041016,99.98141479492188,False,True,True,0.0,0.0,0.0,0.0,KronosPredictor,a7d5f37e2e9fbd9891f7d7d4f72574512dd1f704fee14223e0a8cd0fbf54197c,0b30a443affb03e05a876a083857de9164f899feb7b4d261da02c485c9a3e3b6,20260725,1.0,0.9,1
run2,OHLCV+amount,OHLCV+amount_0041,4,99.95965576171875,99.99539184570312,99.93867492675781,99.98196411132812,99.95965576171875,99.99539184570312,99.93867492675781,99.98196411132812,False,True,True,0.0,0.0,0.0,0.0,KronosPredictor,a7d5f37e2e9fbd9891f7d7d4f72574512dd1f704fee14223e0a8cd0fbf54197c,0b30a443affb03e05a876a083857de9164f899feb7b4d261da02c485c9a3e3b6,20260725,1.0,0.9,1
run2,OHLCV+amount,OHLCV+amount_0041,5,99.9630355834961,99.99403381347656,99.94556427001953,99.98211669921875,99.9630355834961,99.99403381347656,99.94556427001953,99.98211669921875,False,True,True,0.0,0.0,0.0,0.0,KronosPredictor,a7d5f37e2e9fbd9891f7d7d4f72574512dd1f704fee14223e0a8cd0fbf54197c,0b30a443affb03e05a876a083857de9164f899feb7b4d261da02c485c9a3e3b6,20260725,1.0,0.9,1
run2,OHLCV+amount,OHLCV+amount_0042,1,99.91012573242188,99.98651885986328,99.87287139892578,99.98725891113281,99.91012573242188,99.98725891113281,99.87287139892578,99.98725891113281,False,True,True,0.00074005126953125,0.0,0.00074005126953125,7.4014557213634246e-06,KronosPredictor,a7d5f37e2e9fbd9891f7d7d4f72574512dd1f704fee14223e0a8cd0fbf54197c,0b30a443affb03e05a876a083857de9164f899feb7b4d261da02c485c9a3e3b6,20260725,1.0,0.9,1
run2,OHLCV+amount,OHLCV+amount_0042,2,99.87933349609375,99.97406768798828,99.87799835205078,99.98883819580078,99.87933349609375,99.98883819580078,99.87799835205078,99.98883819580078,False,True,True,0.0147705078125,0.0,0.0147705078125,0.00014772389975834627,KronosPredictor,a7d5f37e2e9fbd9891f7d7d4f72574512dd1f704fee14223e0a8cd0fbf54197c,0b30a443affb03e05a876a083857de9164f899feb7b4d261da02c485c9a3e3b6,20260725,1.0,0.9,1
run2,OHLCV+amount,OHLCV+amount_0042,3,99.84198760986328,99.955810546875,99.85902404785156,99.98761749267578,99.84198760986328,99.98761749267578,99.84198760986328,99.98761749267578,False,True,True,0.03180694580078125,0.01703643798828125,0.0488433837890625,0.000488496077609986,KronosPredictor,a7d5f37e2e9fbd9891f7d7d4f72574512dd1f704fee14223e0a8cd0fbf54197c,0b30a443affb03e05a876a083857de9164f899feb7b4d261da02c485c9a3e3b6,20260725,1.0,0.9,1
run2,OHLCV+amount,OHLCV+amount_0042,4,99.99027252197266,99.99781799316406,99.8984146118164,99.98805236816406,99.99027252197266,99.99781799316406,99.8984146118164,99.98805236816406,False,True,True,0.0,0.0,0.0,0.0,KronosPredictor,a7d5f37e2e9fbd9891f7d7d4f72574512dd1f704fee14223e0a8cd0fbf54197c,0b30a443affb03e05a876a083857de9164f899feb7b4d261da02c485c9a3e3b6,20260725,1.0,0.9,1
run2,OHLCV+amount,OHLCV+amount_0042,5,99.94527435302734,99.96993255615234,99.92891693115234,99.98912048339844,99.94527435302734,99.98912048339844,99.92891693115234,99.98912048339844,False,True,True,0.01918792724609375,0.0,0.01918792724609375,0.00019190372308483517,KronosPredictor,a7d5f37e2e9fbd9891f7d7d4f72574512dd1f704fee14223e0a8cd0fbf54197c,0b30a443affb03e05a876a083857de9164f899feb7b4d261da02c485c9a3e3b6,20260725,1.0,0.9,1
run2,OHLCV+amount,OHLCV+amount_0043,1,100.02198028564453,100.03189849853516,99.9457015991211,99.99166107177734,100.02198028564453,100.03189849853516,99.9457015991211,99.99166107177734,True,True,False,0.0,0.0,0.0,0.0,KronosPredictor,a7d5f37e2e9fbd9891f7d7d4f72574512dd1f704fee14223e0a8cd0fbf54197c,0b30a443affb03e05a876a083857de9164f899feb7b4d261da02c485c9a3e3b6,20260725,1.0,0.9,1
run2,OHLCV+amount,OHLCV+amount_0043,2,100.06389617919922,100.06600952148438,99.9249267578125,99.9908447265625,100.06389617919922,100.06600952148438,99.9249267578125,99.9908447265625,True,True,False,0.0,0.0,0.0,0.0,KronosPredictor,a7d5f37e2e9fbd9891f7d7d4f72574512dd1f704fee14223e0a8cd0fbf54197c,0b30a443affb03e05a876a083857de9164f899feb7b4d261da02c485c9a3e3b6,20260725,1.0,0.9,1
run2,OHLCV+amount,OHLCV+amount_0043,3,99.94491577148438,100.01374053955078,99.91638946533203,99.9912338256836,99.94491577148438,100.01374053955078,99.91638946533203,99.9912338256836,True,True,False,0.0,0.0,0.0,0.0,KronosPredictor,a7d5f37e2e9fbd9891f7d7d4f72574512dd1f704fee14223e0a8cd0fbf54197c,0b30a443affb03e05a876a083857de9164f899feb7b4d261da02c485c9a3e3b6,20260725,1.0,0.9,1
run2,OHLCV+amount,OHLCV+amount_0043,4,99.91121673583984,99.98941802978516,99.88126373291016,99.98926544189453,99.91121673583984,99.98941802978516,99.88126373291016,99.98926544189453,True,True,False,0.0,0.0,0.0,0.0,KronosPredictor,a7d5f37e2e9fbd9891f7d7d4f72574512dd1f704fee14223e0a8cd0fbf54197c,0b30a443affb03e05a876a083857de9164f899feb7b4d261da02c485c9a3e3b6,20260725,1.0,0.9,1
run2,OHLCV+amount,OHLCV+amount_0043,5,99.94213104248047,99.99614715576172,99.87386322021484,99.9878921508789,99.94213104248047,99.99614715576172,99.87386322021484,99.9878921508789,True,True,False,0.0,0.0,0.0,0.0,KronosPredictor,a7d5f37e2e9fbd9891f7d7d4f72574512dd1f704fee14223e0a8cd0fbf54197c,0b30a443affb03e05a876a083857de9164f899feb7b4d261da02c485c9a3e3b6,20260725,1.0,0.9,1
run2,OHLCV+amount,OHLCV+amount_0044,1,100.08648681640625,100.14036560058594,99.8502197265625,99.99726104736328,100.08648681640625,100.14036560058594,99.8502197265625,99.99726104736328,False,True,True,0.0,0.0,0.0,0.0,KronosPredictor,a7d5f37e2e9fbd9891f7d7d4f72574512dd1f704fee14223e0a8cd0fbf54197c,0b30a443affb03e05a876a083857de9164f899feb7b4d261da02c485c9a3e3b6,20260725,1.0,0.9,1
run2,OHLCV+amount,OHLCV+amount_0044,2,100.04104614257812,100.04869079589844,99.94408416748047,99.99958038330078,100.04104614257812,100.04869079589844,99.94408416748047,99.99958038330078,False,True,True,0.0,0.0,0.0,0.0,KronosPredictor,a7d5f37e2e9fbd9891f7d7d4f72574512dd1f704fee14223e0a8cd0fbf54197c,0b30a443affb03e05a876a083857de9164f899feb7b4d261da02c485c9a3e3b6,20260725,1.0,0.9,1
run2,OHLCV+amount,OHLCV+amount_0044,3,100.00736236572266,100.10649108886719,99.95099639892578,100.01095581054688,100.00736236572266,100.10649108886719,99.95099639892578,100.01095581054688,False,True,True,0.0,0.0,0.0,0.0,KronosPredictor,a7d5f37e2e9fbd9891f7d7d4f72574512dd1f704fee14223e0a8cd0fbf54197c,0b30a443affb03e05a876a083857de9164f899feb7b4d261da02c485c9a3e3b6,20260725,1.0,0.9,1
run2,OHLCV+amount,OHLCV+amount_0044,4,100.20386505126953,100.13900756835938,99.9733657836914,100.0029067993164,100.20386505126953,100.20386505126953,99.9733657836914,100.0029067993164,False,True,True,0.06485748291015625,0.0,0.06485748291015625,0.0006485925937455105,KronosPredictor,a7d5f37e2e9fbd9891f7d7d4f72574512dd1f704fee14223e0a8cd0fbf54197c,0b30a443affb03e05a876a083857de9164f899feb7b4d261da02c485c9a3e3b6,20260725,1.0,0.9,1
run2,OHLCV+amount,OHLCV+amount_0044,5,100.10456848144531,100.09554290771484,99.94863891601562,100.00098419189453,100.10456848144531,100.10456848144531,99.94863891601562,100.00098419189453,False,True,True,0.00902557373046875,0.0,0.00902557373046875,9.025820943429466e-05,KronosPredictor,a7d5f37e2e9fbd9891f7d7d4f72574512dd1f704fee14223e0a8cd0fbf54197c,0b30a443affb03e05a876a083857de9164f899feb7b4d261da02c485c9a3e3b6,20260725,1.0,0.9,1
run2,OHLCV+amount,OHLCV+amount_0045,1,100.12128448486328,100.14326477050781,100.01362609863281,100.02735900878906,100.12128448486328,100.14326477050781,100.01362609863281,100.02735900878906,False,True,True,0.0,0.0,0.0,0.0,KronosPredictor,a7d5f37e2e9fbd9891f7d7d4f72574512dd1f704fee14223e0a8cd0fbf54197c,0b30a443affb03e05a876a083857de9164f899feb7b4d261da02c485c9a3e3b6,20260725,1.0,0.9,1
run2,OHLCV+amount,OHLCV+amount_0045,2,99.97150421142578,100.09752655029297,99.96060943603516,100.02600860595703,99.97150421142578,100.09752655029297,99.96060943603516,100.02600860595703,False,True,True,0.0,0.0,0.0,0.0,KronosPredictor,a7d5f37e2e9fbd9891f7d7d4f72574512dd1f704fee14223e0a8cd0fbf54197c,0b30a443affb03e05a876a083857de9164f899feb7b4d261da02c485c9a3e3b6,20260725,1.0,0.9,1
run2,OHLCV+amount,OHLCV+amount_0045,3,99.9937973022461,100.11975860595703,99.9770278930664,100.02920532226562,99.9937973022461,100.11975860595703,99.9770278930664,100.02920532226562,False,True,True,0.0,0.0,0.0,0.0,KronosPredictor,a7d5f37e2e9fbd9891f7d7d4f72574512dd1f704fee14223e0a8cd0fbf54197c,0b30a443affb03e05a876a083857de9164f899feb7b4d261da02c485c9a3e3b6,20260725,1.0,0.9,1
run2,OHLCV+amount,OHLCV+amount_0045,4,100.25987243652344,100.19878387451172,99.97712707519531,100.01876831054688,100.25987243652344,100.25987243652344,99.97712707519531,100.01876831054688,False,True,True,0.06108856201171875,0.0,0.06108856201171875,0.000610718533579909,KronosPredictor,a7d5f37e2e9fbd9891f7d7d4f72574512dd1f704fee14223e0a8cd0fbf54197c,0b30a443affb03e05a876a083857de9164f899feb7b4d261da02c485c9a3e3b6,20260725,1.0,0.9,1
run2,OHLCV+amount,OHLCV+amount_0045,5,100.19589233398438,100.17515563964844,99.9710922241211,100.02108764648438,100.19589233398438,100.19589233398438,99.9710922241211,100.02108764648438,False,True,True,0.0207366943359375,0.0,0.0207366943359375,0.00020731022533660454,KronosPredictor,a7d5f37e2e9fbd9891f7d7d4f72574512dd1f704fee14223e0a8cd0fbf54197c,0b30a443affb03e05a876a083857de9164f899feb7b4d261da02c485c9a3e3b6,20260725,1.0,0.9,1
run2,OHLCV+amount,OHLCV+amount_0046,1,99.87761688232422,99.95121765136719,99.93121337890625,99.99630737304688,99.87761688232422,99.99630737304688,99.87761688232422,99.99630737304688,False,True,True,0.0450897216796875,0.05359649658203125,0.09868621826171875,0.0009868986251018181,KronosPredictor,a7d5f37e2e9fbd9891f7d7d4f72574512dd1f704fee14223e0a8cd0fbf54197c,0b30a443affb03e05a876a083857de9164f899feb7b4d261da02c485c9a3e3b6,20260725,1.0,0.9,1
run2,OHLCV+amount,OHLCV+amount_0046,2,99.86296844482422,100.01630401611328,99.91203308105469,100.00179290771484,99.86296844482422,100.01630401611328,99.86296844482422,100.00179290771484,False,True,True,0.0,0.04906463623046875,0.04906463623046875,0.0004906644807135518,KronosPredictor,a7d5f37e2e9fbd9891f7d7d4f72574512dd1f704fee14223e0a8cd0fbf54197c,0b30a443affb03e05a876a083857de9164f899feb7b4d261da02c485c9a3e3b6,20260725,1.0,0.9,1
run2,OHLCV+amount,OHLCV+amount_0046,3,100.03852844238281,100.0118179321289,99.91024780273438,99.9915542602539,100.03852844238281,100.03852844238281,99.91024780273438,99.9915542602539,False,True,True,0.02671051025390625,0.0,0.02671051025390625,0.00026711496609829646,KronosPredictor,a7d5f37e2e9fbd9891f7d7d4f72574512dd1f704fee14223e0a8cd0fbf54197c,0b30a443affb03e05a876a083857de9164f899feb7b4d261da02c485c9a3e3b6,20260725,1.0,0.9,1
run2,OHLCV+amount,OHLCV+amount_0046,4,99.8382568359375,99.99700927734375,99.89722442626953,99.9981918334961,99.8382568359375,99.9981918334961,99.8382568359375,99.9981918334961,False,True,True,0.00118255615234375,0.05896759033203125,0.060150146484375,0.0006015236768691715,KronosPredictor,a7d5f37e2e9fbd9891f7d7d4f72574512dd1f704fee14223e0a8cd0fbf54197c,0b30a443affb03e05a876a083857de9164f899feb7b4d261da02c485c9a3e3b6,20260725,1.0,0.9,1
run2,OHLCV+amount,OHLCV+amount_0046,5,100.08906555175781,100.01971435546875,99.95512390136719,99.99432373046875,100.08906555175781,100.08906555175781,99.95512390136719,99.99432373046875,False,True,True,0.0693511962890625,0.0,0.0693511962890625,0.0006935375726459626,KronosPredictor,a7d5f37e2e9fbd9891f7d7d4f72574512dd1f704fee14223e0a8cd0fbf54197c,0b30a443affb03e05a876a083857de9164f899feb7b4d261da02c485c9a3e3b6,20260725,1.0,0.9,1
run2,OHLCV+amount,OHLCV+amount_0047,1,100.07515716552734,100.03997802734375,99.92021179199219,99.99671936035156,100.07515716552734,100.07515716552734,99.92021179199219,99.99671936035156,False,True,True,0.03517913818359375,0.0,0.03517913818359375,0.0003518029232221211,KronosPredictor,a7d5f37e2e9fbd9891f7d7d4f72574512dd1f704fee14223e0a8cd0fbf54197c,0b30a443affb03e05a876a083857de9164f899feb7b4d261da02c485c9a3e3b6,20260725,1.0,0.9,1
run2,OHLCV+amount,OHLCV+amount_0047,2,100.10327911376953,100.06364440917969,100.00302124023438,100.00141143798828,100.10327911376953,100.10327911376953,100.00141143798828,100.00141143798828,False,True,True,0.03963470458984375,0.00160980224609375,0.0412445068359375,0.00041245859963972816,KronosPredictor,a7d5f37e2e9fbd9891f7d7d4f72574512dd1f704fee14223e0a8cd0fbf54197c,0b30a443affb03e05a876a083857de9164f899feb7b4d261da02c485c9a3e3b6,20260725,1.0,0.9,1
run2,OHLCV+amount,OHLCV+amount_0047,3,100.0560073852539,100.06060791015625,99.9836654663086,100.00045776367188,100.0560073852539,100.06060791015625,99.9836654663086,100.00045776367188,False,True,True,0.0,0.0,0.0,0.0,KronosPredictor,a7d5f37e2e9fbd9891f7d7d4f72574512dd1f704fee14223e0a8cd0fbf54197c,0b30a443affb03e05a876a083857de9164f899feb7b4d261da02c485c9a3e3b6,20260725,1.0,0.9,1
run2,OHLCV+amount,OHLCV+amount_0047,4,100.05061340332031,100.03632354736328,99.93914031982422,99.99736785888672,100.05061340332031,100.05061340332031,99.93914031982422,99.99736785888672,False,True,True,0.01428985595703125,0.0,0.01428985595703125,0.00014290324771091582,KronosPredictor,a7d5f37e2e9fbd9891f7d7d4f72574512dd1f704fee14223e0a8cd0fbf54197c,0b30a443affb03e05a876a083857de9164f899feb7b4d261da02c485c9a3e3b6,20260725,1.0,0.9,1
run2,OHLCV+amount,OHLCV+amount_0047,5,99.9905014038086,100.0982894897461,99.88751220703125,99.99784088134766,99.9905014038086,100.0982894897461,99.88751220703125,99.99784088134766,False,True,True,0.0,0.0,0.0,0.0,KronosPredictor,a7d5f37e2e9fbd9891f7d7d4f72574512dd1f704fee14223e0a8cd0fbf54197c,0b30a443affb03e05a876a083857de9164f899feb7b4d261da02c485c9a3e3b6,20260725,1.0,0.9,1
run2,OHLCV+amount,OHLCV+amount_0048,1,100.07218933105469,100.07850646972656,99.99813842773438,100.02102661132812,100.07218933105469,100.07850646972656,99.99813842773438,100.02102661132812,False,True,True,0.0,0.0,0.0,0.0,KronosPredictor,a7d5f37e2e9fbd9891f7d7d4f72574512dd1f704fee14223e0a8cd0fbf54197c,0b30a443affb03e05a876a083857de9164f899feb7b4d261da02c485c9a3e3b6,20260725,1.0,0.9,1
run2,OHLCV+amount,OHLCV+amount_0048,2,100.17639923095703,100.1171646118164,100.00284576416016,100.01941680908203,100.17639923095703,100.17639923095703,100.00284576416016,100.01941680908203,False,True,True,0.059234619140625,0.0,0.059234619140625,0.0005922216672580747,KronosPredictor,a7d5f37e2e9fbd9891f7d7d4f72574512dd1f704fee14223e0a8cd0fbf54197c,0b30a443affb03e05a876a083857de9164f899feb7b4d261da02c485c9a3e3b6,20260725,1.0,0.9,1
run2,OHLCV+amount,OHLCV+amount_0048,3,100.06775665283203,100.11907958984375,99.97999572753906,100.02375030517578,100.06775665283203,100.11907958984375,99.97999572753906,100.02375030517578,False,True,True,0.0,0.0,0.0,0.0,KronosPredictor,a7d5f37e2e9fbd9891f7d7d4f72574512dd1f704fee14223e0a8cd0fbf54197c,0b30a443affb03e05a876a083857de9164f899feb7b4d261da02c485c9a3e3b6,20260725,1.0,0.9,1
run2,OHLCV+amount,OHLCV+amount_0048,4,100.10423278808594,100.10652923583984,99.99779510498047,100.02118682861328,100.10423278808594,100.10652923583984,99.99779510498047,100.02118682861328,False,True,True,0.0,0.0,0.0,0.0,KronosPredictor,a7d5f37e2e9fbd9891f7d7d4f72574512dd1f704fee14223e0a8cd0fbf54197c,0b30a443affb03e05a876a083857de9164f899feb7b4d261da02c485c9a3e3b6,20260725,1.0,0.9,1
run2,OHLCV+amount,OHLCV+amount_0048,5,100.06298828125,100.12126159667969,100.0003662109375,100.02761840820312,100.06298828125,100.12126159667969,100.0003662109375,100.02761840820312,False,True,True,0.0,0.0,0.0,0.0,KronosPredictor,a7d5f37e2e9fbd9891f7d7d4f72574512dd1f704fee14223e0a8cd0fbf54197c,0b30a443affb03e05a876a083857de9164f899feb7b4d261da02c485c9a3e3b6,20260725,1.0,0.9,1
run2,OHLCV+amount,OHLCV+amount_0049,1,99.8863296508789,99.97457122802734,99.85608673095703,99.9716567993164,99.8863296508789,99.97457122802734,99.85608673095703,99.9716567993164,False,True,True,0.0,0.0,0.0,0.0,KronosPredictor,a7d5f37e2e9fbd9891f7d7d4f72574512dd1f704fee14223e0a8cd0fbf54197c,0b30a443affb03e05a876a083857de9164f899feb7b4d261da02c485c9a3e3b6,20260725,1.0,0.9,1
run2,OHLCV+amount,OHLCV+amount_0049,2,99.91145324707031,99.98686981201172,99.8619155883789,99.97116088867188,99.91145324707031,99.98686981201172,99.8619155883789,99.97116088867188,False,True,True,0.0,0.0,0.0,0.0,KronosPredictor,a7d5f37e2e9fbd9891f7d7d4f72574512dd1f704fee14223e0a8cd0fbf54197c,0b30a443affb03e05a876a083857de9164f899feb7b4d261da02c485c9a3e3b6,20260725,1.0,0.9,1
run2,OHLCV+amount,OHLCV+amount_0049,3,99.88557434082031,99.95187377929688,99.88565063476562,99.9736328125,99.88557434082031,99.9736328125,99.88557434082031,99.9736328125,False,True,True,0.021759033203125,7.62939453125e-05,0.0218353271484375,0.0002184151773364109,KronosPredictor,a7d5f37e2e9fbd9891f7d7d4f72574512dd1f704fee14223e0a8cd0fbf54197c,0b30a443affb03e05a876a083857de9164f899feb7b4d261da02c485c9a3e3b6,20260725,1.0,0.9,1
run2,OHLCV+amount,OHLCV+amount_0049,4,99.8875503540039,99.95703887939453,99.89445495605469,99.97592163085938,99.8875503540039,99.97592163085938,99.8875503540039,99.97592163085938,False,True,True,0.01888275146484375,0.00690460205078125,0.025787353515625,0.0002579466454916383,KronosPredictor,a7d5f37e2e9fbd9891f7d7d4f72574512dd1f704fee14223e0a8cd0fbf54197c,0b30a443affb03e05a876a083857de9164f899feb7b4d261da02c485c9a3e3b6,20260725,1.0,0.9,1
run2,OHLCV+amount,OHLCV+amount_0049,5,99.88996887207031,99.97421264648438,99.87836456298828,99.97648620605469,99.88996887207031,99.97648620605469,99.87836456298828,99.97648620605469,False,True,True,0.0022735595703125,0.0,0.0022735595703125,2.2742041525594144e-05,KronosPredictor,a7d5f37e2e9fbd9891f7d7d4f72574512dd1f704fee14223e0a8cd0fbf54197c,0b30a443affb03e05a876a083857de9164f899feb7b4d261da02c485c9a3e3b6,20260725,1.0,0.9,1
run2,OHLCV+amount,OHLCV+amount_0050,1,99.9558334350586,100.02298736572266,99.90838623046875,99.99679565429688,99.9558334350586,100.02298736572266,99.90838623046875,99.99679565429688,False,True,True,0.0,0.0,0.0,0.0,KronosPredictor,a7d5f37e2e9fbd9891f7d7d4f72574512dd1f704fee14223e0a8cd0fbf54197c,0b30a443affb03e05a876a083857de9164f899feb7b4d261da02c485c9a3e3b6,20260725,1.0,0.9,1
run2,OHLCV+amount,OHLCV+amount_0050,2,99.97156524658203,100.01770782470703,99.9341049194336,99.99649810791016,99.97156524658203,100.01770782470703,99.9341049194336,99.99649810791016,False,True,True,0.0,0.0,0.0,0.0,KronosPredictor,a7d5f37e2e9fbd9891f7d7d4f72574512dd1f704fee14223e0a8cd0fbf54197c,0b30a443affb03e05a876a083857de9164f899feb7b4d261da02c485c9a3e3b6,20260725,1.0,0.9,1
run2,OHLCV+amount,OHLCV+amount_0050,3,99.92150115966797,100.03998565673828,99.87376403808594,99.99893951416016,99.92150115966797,100.03998565673828,99.87376403808594,99.99893951416016,False,True,True,0.0,0.0,0.0,0.0,KronosPredictor,a7d5f37e2e9fbd9891f7d7d4f72574512dd1f704fee14223e0a8cd0fbf54197c,0b30a443affb03e05a876a083857de9164f899feb7b4d261da02c485c9a3e3b6,20260725,1.0,0.9,1
run2,OHLCV+amount,OHLCV+amount_0050,4,100.02311706542969,100.0301284790039,99.93987274169922,99.99636840820312,100.02311706542969,100.0301284790039,99.93987274169922,99.99636840820312,False,True,True,0.0,0.0,0.0,0.0,KronosPredictor,a7d5f37e2e9fbd9891f7d7d4f72574512dd1f704fee14223e0a8cd0fbf54197c,0b30a443affb03e05a876a083857de9164f899feb7b4d261da02c485c9a3e3b6,20260725,1.0,0.9,1
run2,OHLCV+amount,OHLCV+amount_0050,5,99.9082260131836,100.02351379394531,99.92827606201172,100.00139617919922,99.9082260131836,100.02351379394531,99.9082260131836,100.00139617919922,False,True,True,0.0,0.020050048828125,0.020050048828125,0.0002005069132159081,KronosPredictor,a7d5f37e2e9fbd9891f7d7d4f72574512dd1f704fee14223e0a8cd0fbf54197c,0b30a443affb03e05a876a083857de9164f899feb7b4d261da02c485c9a3e3b6,20260725,1.0,0.9,1
run2,OHLCV+amount,OHLCV+amount_0051,1,99.95648956298828,100.12273406982422,99.94107818603516,100.02457427978516,99.95648956298828,100.12273406982422,99.94107818603516,100.02457427978516,False,True,True,0.0,0.0,0.0,0.0,KronosPredictor,a7d5f37e2e9fbd9891f7d7d4f72574512dd1f704fee14223e0a8cd0fbf54197c,0b30a443affb03e05a876a083857de9164f899feb7b4d261da02c485c9a3e3b6,20260725,1.0,0.9,1
run2,OHLCV+amount,OHLCV+amount_0051,2,100.16661071777344,100.14445495605469,100.05034637451172,100.0281753540039,100.16661071777344,100.16661071777344,100.0281753540039,100.0281753540039,False,True,True,0.02215576171875,0.0221710205078125,0.0443267822265625,0.0004431589191529395,KronosPredictor,a7d5f37e2e9fbd9891f7d7d4f72574512dd1f704fee14223e0a8cd0fbf54197c,0b30a443affb03e05a876a083857de9164f899feb7b4d261da02c485c9a3e3b6,20260725,1.0,0.9,1
run2,OHLCV+amount,OHLCV+amount_0051,3,99.94566345214844,100.14872741699219,99.96004486083984,100.03018188476562,99.94566345214844,100.14872741699219,99.94566345214844,100.03018188476562,False,True,True,0.0,0.01438140869140625,0.01438140869140625,0.00014377875432070413,KronosPredictor,a7d5f37e2e9fbd9891f7d7d4f72574512dd1f704fee14223e0a8cd0fbf54197c,0b30a443affb03e05a876a083857de9164f899feb7b4d261da02c485c9a3e3b6,20260725,1.0,0.9,1
run2,OHLCV+amount,OHLCV+amount_0051,4,99.9767837524414,100.09322357177734,99.95423889160156,100.02033233642578,99.9767837524414,100.09322357177734,99.95423889160156,100.02033233642578,False,True,True,0.0,0.0,0.0,0.0,KronosPredictor,a7d5f37e2e9fbd9891f7d7d4f72574512dd1f704fee14223e0a8cd0fbf54197c,0b30a443affb03e05a876a083857de9164f899feb7b4d261da02c485c9a3e3b6,20260725,1.0,0.9,1
run2,OHLCV+amount,OHLCV+amount_0051,5,100.01725769042969,100.07103729248047,99.976806640625,100.01388549804688,100.01725769042969,100.07103729248047,99.976806640625,100.01388549804688,False,True,True,0.0,0.0,0.0,0.0,KronosPredictor,a7d5f37e2e9fbd9891f7d7d4f72574512dd1f704fee14223e0a8cd0fbf54197c,0b30a443affb03e05a876a083857de9164f899feb7b4d261da02c485c9a3e3b6,20260725,1.0,0.9,1
run2,OHLCV+amount,OHLCV+amount_0052,1,99.94791412353516,99.9822769165039,99.93476104736328,99.98409271240234,99.94791412353516,99.98409271240234,99.93476104736328,99.98409271240234,False,True,True,0.0018157958984375,0.0,0.0018157958984375,1.816084788267787e-05,KronosPredictor,a7d5f37e2e9fbd9891f7d7d4f72574512dd1f704fee14223e0a8cd0fbf54197c,0b30a443affb03e05a876a083857de9164f899feb7b4d261da02c485c9a3e3b6,20260725,1.0,0.9,1
run2,OHLCV+amount,OHLCV+amount_0052,2,100.08413696289062,100.09033203125,99.88723754882812,99.977783203125,100.08413696289062,100.09033203125,99.88723754882812,99.977783203125,False,True,True,0.0,0.0,0.0,0.0,KronosPredictor,a7d5f37e2e9fbd9891f7d7d4f72574512dd1f704fee14223e0a8cd0fbf54197c,0b30a443affb03e05a876a083857de9164f899feb7b4d261da02c485c9a3e3b6,20260725,1.0,0.9,1
run2,OHLCV+amount,OHLCV+amount_0052,3,99.9167709350586,99.9603042602539,99.90221405029297,99.9791259765625,99.9167709350586,99.9791259765625,99.90221405029297,99.9791259765625,False,True,True,0.01882171630859375,0.0,0.01882171630859375,0.0001882471080948164,KronosPredictor,a7d5f37e2e9fbd9891f7d7d4f72574512dd1f704fee14223e0a8cd0fbf54197c,0b30a443affb03e05a876a083857de9164f899feb7b4d261da02c485c9a3e3b6,20260725,1.0,0.9,1
run2,OHLCV+amount,OHLCV+amount_0052,4,99.94338989257812,99.9887924194336,99.92787170410156,99.98365020751953,99.94338989257812,99.9887924194336,99.92787170410156,99.98365020751953,False,True,True,0.0,0.0,0.0,0.0,KronosPredictor,a7d5f37e2e9fbd9891f7d7d4f72574512dd1f704fee14223e0a8cd0fbf54197c,0b30a443affb03e05a876a083857de9164f899feb7b4d261da02c485c9a3e3b6,20260725,1.0,0.9,1
run2,OHLCV+amount,OHLCV+amount_0052,5,99.9485855102539,99.99161529541016,99.94503784179688,99.98719024658203,99.9485855102539,99.99161529541016,99.94503784179688,99.98719024658203,False,True,True,0.0,0.0,0.0,0.0,KronosPredictor,a7d5f37e2e9fbd9891f7d7d4f72574512dd1f704fee14223e0a8cd0fbf54197c,0b30a443affb03e05a876a083857de9164f899feb7b4d261da02c485c9a3e3b6,20260725,1.0,0.9,1
run2,OHLCV+amount,OHLCV+amount_0053,1,99.96241760253906,100.06865692138672,99.8885498046875,99.98582458496094,99.96241760253906,100.06865692138672,99.8885498046875,99.98582458496094,False,True,True,0.0,0.0,0.0,0.0,KronosPredictor,a7d5f37e2e9fbd9891f7d7d4f72574512dd1f704fee14223e0a8cd0fbf54197c,0b30a443affb03e05a876a083857de9164f899feb7b4d261da02c485c9a3e3b6,20260725,1.0,0.9,1
run2,OHLCV+amount,OHLCV+amount_0053,2,99.89239501953125,99.98735809326172,99.88932800292969,99.98687744140625,99.89239501953125,99.98735809326172,99.88932800292969,99.98687744140625,False,True,True,0.0,0.0,0.0,0.0,KronosPredictor,a7d5f37e2e9fbd9891f7d7d4f72574512dd1f704fee14223e0a8cd0fbf54197c,0b30a443affb03e05a876a083857de9164f899feb7b4d261da02c485c9a3e3b6,20260725,1.0,0.9,1
run2,OHLCV+amount,OHLCV+amount_0053,3,99.89476776123047,100.07476043701172,99.84628295898438,99.98641967773438,99.89476776123047,100.07476043701172,99.84628295898438,99.98641967773438,False,True,True,0.0,0.0,0.0,0.0,KronosPredictor,a7d5f37e2e9fbd9891f7d7d4f72574512dd1f704fee14223e0a8cd0fbf54197c,0b30a443affb03e05a876a083857de9164f899feb7b4d261da02c485c9a3e3b6,20260725,1.0,0.9,1
run2,OHLCV+amount,OHLCV+amount_0053,4,99.91677856445312,100.0108871459961,99.84727478027344,99.98278045654297,99.91677856445312,100.0108871459961,99.84727478027344,99.98278045654297,False,True,True,0.0,0.0,0.0,0.0,KronosPredictor,a7d5f37e2e9fbd9891f7d7d4f72574512dd1f704fee14223e0a8cd0fbf54197c,0b30a443affb03e05a876a083857de9164f899feb7b4d261da02c485c9a3e3b6,20260725,1.0,0.9,1
run2,OHLCV+amount,OHLCV+amount_0053,5,99.92977905273438,99.9787368774414,99.86343383789062,99.98159790039062,99.92977905273438,99.98159790039062,99.86343383789062,99.98159790039062,False,True,True,0.00286102294921875,0.0,0.00286102294921875,2.8614285685943944e-05,KronosPredictor,a7d5f37e2e9fbd9891f7d7d4f72574512dd1f704fee14223e0a8cd0fbf54197c,0b30a443affb03e05a876a083857de9164f899feb7b4d261da02c485c9a3e3b6,20260725,1.0,0.9,1
run2,OHLCV+amount,OHLCV+amount_0054,1,99.88740539550781,99.96367645263672,99.8910903930664,99.96426391601562,99.88740539550781,99.96426391601562,99.88740539550781,99.96426391601562,False,True,True,0.00058746337890625,0.00368499755859375,0.0042724609375,4.273988293546064e-05,KronosPredictor,a7d5f37e2e9fbd9891f7d7d4f72574512dd1f704fee14223e0a8cd0fbf54197c,0b30a443affb03e05a876a083857de9164f899feb7b4d261da02c485c9a3e3b6,20260725,1.0,0.9,1
run2,OHLCV+amount,OHLCV+amount_0054,2,99.91263580322266,99.96540069580078,99.89141845703125,99.96188354492188,99.91263580322266,99.96540069580078,99.89141845703125,99.96188354492188,False,True,True,0.0,0.0,0.0,0.0,KronosPredictor,a7d5f37e2e9fbd9891f7d7d4f72574512dd1f704fee14223e0a8cd0fbf54197c,0b30a443affb03e05a876a083857de9164f899feb7b4d261da02c485c9a3e3b6,20260725,1.0,0.9,1
run2,OHLCV+amount,OHLCV+amount_0054,3,99.8735580444336,99.95269775390625,99.87884521484375,99.96253204345703,99.8735580444336,99.96253204345703,99.8735580444336,99.96253204345703,False,True,True,0.00983428955078125,0.00528717041015625,0.0151214599609375,0.0001512686571037196,KronosPredictor,a7d5f37e2e9fbd9891f7d7d4f72574512dd1f704fee14223e0a8cd0fbf54197c,0b30a443affb03e05a876a083857de9164f899feb7b4d261da02c485c9a3e3b6,20260725,1.0,0.9,1
run2,OHLCV+amount,OHLCV+amount_0054,4,99.87046813964844,99.98347473144531,99.8697280883789,99.9714584350586,99.87046813964844,99.98347473144531,99.8697280883789,99.9714584350586,False,True,True,0.0,0.0,0.0,0.0,KronosPredictor,a7d5f37e2e9fbd9891f7d7d4f72574512dd1f704fee14223e0a8cd0fbf54197c,0b30a443affb03e05a876a083857de9164f899feb7b4d261da02c485c9a3e3b6,20260725,1.0,0.9,1
run2,OHLCV+amount,OHLCV+amount_0054,5,99.89061737060547,99.95899963378906,99.88673400878906,99.9642333984375,99.89061737060547,99.9642333984375,99.88673400878906,99.9642333984375,False,True,True,0.0052337646484375,0.0,0.0052337646484375,5.2356356595939285e-05,KronosPredictor,a7d5f37e2e9fbd9891f7d7d4f72574512dd1f704fee14223e0a8cd0fbf54197c,0b30a443affb03e05a876a083857de9164f899feb7b4d261da02c485c9a3e3b6,20260725,1.0,0.9,1
run2,OHLCV+amount,OHLCV+amount_0055,1,99.94972229003906,100.01054382324219,99.93346405029297,99.99201965332031,99.94972229003906,100.01054382324219,99.93346405029297,99.99201965332031,False,True,True,0.0,0.0,0.0,0.0,KronosPredictor,a7d5f37e2e9fbd9891f7d7d4f72574512dd1f704fee14223e0a8cd0fbf54197c,0b30a443affb03e05a876a083857de9164f899feb7b4d261da02c485c9a3e3b6,20260725,1.0,0.9,1
run2,OHLCV+amount,OHLCV+amount_0055,2,99.95123291015625,100.01521301269531,99.89369201660156,99.99044036865234,99.95123291015625,100.01521301269531,99.89369201660156,99.99044036865234,False,True,True,0.0,0.0,0.0,0.0,KronosPredictor,a7d5f37e2e9fbd9891f7d7d4f72574512dd1f704fee14223e0a8cd0fbf54197c,0b30a443affb03e05a876a083857de9164f899feb7b4d261da02c485c9a3e3b6,20260725,1.0,0.9,1
run2,OHLCV+amount,OHLCV+amount_0055,3,99.9561767578125,99.97693634033203,99.92293548583984,99.9881362915039,99.9561767578125,99.9881362915039,99.92293548583984,99.9881362915039,False,True,True,0.011199951171875,0.0,0.011199951171875,0.00011200845038140099,KronosPredictor,a7d5f37e2e9fbd9891f7d7d4f72574512dd1f704fee14223e0a8cd0fbf54197c,0b30a443affb03e05a876a083857de9164f899feb7b4d261da02c485c9a3e3b6,20260725,1.0,0.9,1
run2,OHLCV+amount,OHLCV+amount_0055,4,99.90438079833984,99.97647857666016,99.92041778564453,99.99071502685547,99.90438079833984,99.99071502685547,99.90438079833984,99.99071502685547,False,True,True,0.0142364501953125,0.0160369873046875,0.0302734375,0.0003027585361807896,KronosPredictor,a7d5f37e2e9fbd9891f7d7d4f72574512dd1f704fee14223e0a8cd0fbf54197c,0b30a443affb03e05a876a083857de9164f899feb7b4d261da02c485c9a3e3b6,20260725,1.0,0.9,1
run2,OHLCV+amount,OHLCV+amount_0055,5,99.93323516845703,99.98118591308594,99.93260955810547,99.99048614501953,99.93323516845703,99.99048614501953,99.93260955810547,99.99048614501953,False,True,True,0.00930023193359375,0.0,0.00930023193359375,9.300974183578188e-05,KronosPredictor,a7d5f37e2e9fbd9891f7d7d4f72574512dd1f704fee14223e0a8cd0fbf54197c,0b30a443affb03e05a876a083857de9164f899feb7b4d261da02c485c9a3e3b6,20260725,1.0,0.9,1
run2,OHLCV+amount,OHLCV+amount_0056,1,100.1185302734375,100.14289855957031,99.99134063720703,100.0229721069336,100.1185302734375,100.14289855957031,99.99134063720703,100.0229721069336,False,True,True,0.0,0.0,0.0,0.0,KronosPredictor,a7d5f37e2e9fbd9891f7d7d4f72574512dd1f704fee14223e0a8cd0fbf54197c,0b30a443affb03e05a876a083857de9164f899feb7b4d261da02c485c9a3e3b6,20260725,1.0,0.9,1
run2,OHLCV+amount,OHLCV+amount_0056,2,100.15953826904297,100.1326904296875,100.0116958618164,100.02513885498047,100.15953826904297,100.15953826904297,100.0116958618164,100.02513885498047,False,True,True,0.02684783935546875,0.0,0.02684783935546875,0.0002684167325758525,KronosPredictor,a7d5f37e2e9fbd9891f7d7d4f72574512dd1f704fee14223e0a8cd0fbf54197c,0b30a443affb03e05a876a083857de9164f899feb7b4d261da02c485c9a3e3b6,20260725,1.0,0.9,1
run2,OHLCV+amount,OHLCV+amount_0056,3,100.15413665771484,100.1590805053711,99.98428344726562,100.02790832519531,100.15413665771484,100.1590805053711,99.98428344726562,100.02790832519531,False,True,True,0.0,0.0,0.0,0.0,KronosPredictor,a7d5f37e2e9fbd9891f7d7d4f72574512dd1f704fee14223e0a8cd0fbf54197c,0b30a443affb03e05a876a083857de9164f899feb7b4d261da02c485c9a3e3b6,20260725,1.0,0.9,1
run2,OHLCV+amount,OHLCV+amount_0056,4,99.96415710449219,100.03958129882812,99.96530151367188,100.02159881591797,99.96415710449219,100.03958129882812,99.96415710449219,100.02159881591797,False,True,True,0.0,0.0011444091796875,0.0011444091796875,1.1441463451656117e-05,KronosPredictor,a7d5f37e2e9fbd9891f7d7d4f72574512dd1f704fee14223e0a8cd0fbf54197c,0b30a443affb03e05a876a083857de9164f899feb7b4d261da02c485c9a3e3b6,20260725,1.0,0.9,1
run2,OHLCV+amount,OHLCV+amount_0056,5,100.11305236816406,100.14201354980469,99.99718475341797,100.02516174316406,100.11305236816406,100.14201354980469,99.99718475341797,100.02516174316406,False,True,True,0.0,0.0,0.0,0.0,KronosPredictor,a7d5f37e2e9fbd9891f7d7d4f72574512dd1f704fee14223e0a8cd0fbf54197c,0b30a443affb03e05a876a083857de9164f899feb7b4d261da02c485c9a3e3b6,20260725,1.0,0.9,1
run2,OHLCV+amount,OHLCV+amount_0057,1,100.0603256225586,100.1098403930664,99.9504623413086,100.0140380859375,100.0603256225586,100.1098403930664,99.9504623413086,100.0140380859375,False,True,True,0.0,0.0,0.0,0.0,KronosPredictor,a7d5f37e2e9fbd9891f7d7d4f72574512dd1f704fee14223e0a8cd0fbf54197c,0b30a443affb03e05a876a083857de9164f899feb7b4d261da02c485c9a3e3b6,20260725,1.0,0.9,1
run2,OHLCV+amount,OHLCV+amount_0057,2,99.98678588867188,100.0809326171875,99.95984649658203,100.01554870605469,99.98678588867188,100.0809326171875,99.95984649658203,100.01554870605469,False,True,True,0.0,0.0,0.0,0.0,KronosPredictor,a7d5f37e2e9fbd9891f7d7d4f72574512dd1f704fee14223e0a8cd0fbf54197c,0b30a443affb03e05a876a083857de9164f899feb7b4d261da02c485c9a3e3b6,20260725,1.0,0.9,1
run2,OHLCV+amount,OHLCV+amount_0057,3,100.04126739501953,100.09647369384766,99.92643737792969,100.01457214355469,100.04126739501953,100.09647369384766,99.92643737792969,100.01457214355469,False,True,True,0.0,0.0,0.0,0.0,KronosPredictor,a7d5f37e2e9fbd9891f7d7d4f72574512dd1f704fee14223e0a8cd0fbf54197c,0b30a443affb03e05a876a083857de9164f899feb7b4d261da02c485c9a3e3b6,20260725,1.0,0.9,1
run2,OHLCV+amount,OHLCV+amount_0057,4,100.14337921142578,100.08345794677734,99.99014282226562,100.00927734375,100.14337921142578,100.14337921142578,99.99014282226562,100.00927734375,False,True,True,0.0599212646484375,0.0,0.0599212646484375,0.0005991285403050109,KronosPredictor,a7d5f37e2e9fbd9891f7d7d4f72574512dd1f704fee14223e0a8cd0fbf54197c,0b30a443affb03e05a876a083857de9164f899feb7b4d261da02c485c9a3e3b6,20260725,1.0,0.9,1
run2,OHLCV+amount,OHLCV+amount_0057,5,100.2098617553711,100.13900756835938,99.96385192871094,100.00695037841797,100.2098617553711,100.2098617553711,99.96385192871094,100.00695037841797,False,True,True,0.07085418701171875,0.0,0.07085418701171875,0.0007084424183616801,KronosPredictor,a7d5f37e2e9fbd9891f7d7d4f72574512dd1f704fee14223e0a8cd0fbf54197c,0b30a443affb03e05a876a083857de9164f899feb7b4d261da02c485c9a3e3b6,20260725,1.0,0.9,1
run2,OHLCV+amount,OHLCV+amount_0058,1,99.8996810913086,100.08094024658203,99.89063262939453,100.00550079345703,99.8996810913086,100.08094024658203,99.89063262939453,100.00550079345703,False,True,True,0.0,0.0,0.0,0.0,KronosPredictor,a7d5f37e2e9fbd9891f7d7d4f72574512dd1f704fee14223e0a8cd0fbf54197c,0b30a443affb03e05a876a083857de9164f899feb7b4d261da02c485c9a3e3b6,20260725,1.0,0.9,1
run2,OHLCV+amount,OHLCV+amount_0058,2,100.02213287353516,100.05917358398438,99.95849609375,100.00405883789062,100.02213287353516,100.05917358398438,99.95849609375,100.00405883789062,False,True,True,0.0,0.0,0.0,0.0,KronosPredictor,a7d5f37e2e9fbd9891f7d7d4f72574512dd1f704fee14223e0a8cd0fbf54197c,0b30a443affb03e05a876a083857de9164f899feb7b4d261da02c485c9a3e3b6,20260725,1.0,0.9,1
run2,OHLCV+amount,OHLCV+amount_0058,3,100.03406524658203,100.0939712524414,99.93299102783203,100.00202178955078,100.03406524658203,100.0939712524414,99.93299102783203,100.00202178955078,False,True,True,0.0,0.0,0.0,0.0,KronosPredictor,a7d5f37e2e9fbd9891f7d7d4f72574512dd1f704fee14223e0a8cd0fbf54197c,0b30a443affb03e05a876a083857de9164f899feb7b4d261da02c485c9a3e3b6,20260725,1.0,0.9,1
run2,OHLCV+amount,OHLCV+amount_0058,4,99.89713287353516,100.03572082519531,99.92681121826172,100.00243377685547,99.89713287353516,100.03572082519531,99.89713287353516,100.00243377685547,False,True,True,0.0,0.0296783447265625,0.0296783447265625,0.00029676712271915583,KronosPredictor,a7d5f37e2e9fbd9891f7d7d4f72574512dd1f704fee14223e0a8cd0fbf54197c,0b30a443affb03e05a876a083857de9164f899feb7b4d261da02c485c9a3e3b6,20260725,1.0,0.9,1
run2,OHLCV+amount,OHLCV+amount_0058,5,99.92772674560547,100.06513214111328,99.90628814697266,100.00350952148438,99.92772674560547,100.06513214111328,99.90628814697266,100.00350952148438,False,True,True,0.0,0.0,0.0,0.0,KronosPredictor,a7d5f37e2e9fbd9891f7d7d4f72574512dd1f704fee14223e0a8cd0fbf54197c,0b30a443affb03e05a876a083857de9164f899feb7b4d261da02c485c9a3e3b6,20260725,1.0,0.9,1
run2,OHLCV+amount,OHLCV+amount_0059,1,99.98963165283203,100.04379272460938,99.95875549316406,100.01749420166016,99.98963165283203,100.04379272460938,99.95875549316406,100.01749420166016,True,True,False,0.0,0.0,0.0,0.0,KronosPredictor,a7d5f37e2e9fbd9891f7d7d4f72574512dd1f704fee14223e0a8cd0fbf54197c,0b30a443affb03e05a876a083857de9164f899feb7b4d261da02c485c9a3e3b6,20260725,1.0,0.9,1
run2,OHLCV+amount,OHLCV+amount_0059,2,99.96839141845703,100.07047271728516,99.95305633544922,100.02203369140625,99.96839141845703,100.07047271728516,99.95305633544922,100.02203369140625,True,True,False,0.0,0.0,0.0,0.0,KronosPredictor,a7d5f37e2e9fbd9891f7d7d4f72574512dd1f704fee14223e0a8cd0fbf54197c,0b30a443affb03e05a876a083857de9164f899feb7b4d261da02c485c9a3e3b6,20260725,1.0,0.9,1
run2,OHLCV+amount,OHLCV+amount_0059,3,99.95954132080078,100.077392578125,99.94743347167969,100.02446746826172,99.95954132080078,100.077392578125,99.94743347167969,100.02446746826172,True,True,False,0.0,0.0,0.0,0.0,KronosPredictor,a7d5f37e2e9fbd9891f7d7d4f72574512dd1f704fee14223e0a8cd0fbf54197c,0b30a443affb03e05a876a083857de9164f899feb7b4d261da02c485c9a3e3b6,20260725,1.0,0.9,1
run2,OHLCV+amount,OHLCV+amount_0059,4,100.0067138671875,100.05499267578125,99.97781372070312,100.02197265625,100.0067138671875,100.05499267578125,99.97781372070312,100.02197265625,True,True,False,0.0,0.0,0.0,0.0,KronosPredictor,a7d5f37e2e9fbd9891f7d7d4f72574512dd1f704fee14223e0a8cd0fbf54197c,0b30a443affb03e05a876a083857de9164f899feb7b4d261da02c485c9a3e3b6,20260725,1.0,0.9,1
run2,OHLCV+amount,OHLCV+amount_0059,5,100.07588195800781,100.0783462524414,99.9837875366211,100.017578125,100.07588195800781,100.0783462524414,99.9837875366211,100.017578125,True,True,False,0.0,0.0,0.0,0.0,KronosPredictor,a7d5f37e2e9fbd9891f7d7d4f72574512dd1f704fee14223e0a8cd0fbf54197c,0b30a443affb03e05a876a083857de9164f899feb7b4d261da02c485c9a3e3b6,20260725,1.0,0.9,1
run2,OHLCV+amount,OHLCV+amount_0060,1,100.076416015625,100.10967254638672,99.99613952636719,100.00479888916016,100.076416015625,100.10967254638672,99.99613952636719,100.00479888916016,False,True,True,0.0,0.0,0.0,0.0,KronosPredictor,a7d5f37e2e9fbd9891f7d7d4f72574512dd1f704fee14223e0a8cd0fbf54197c,0b30a443affb03e05a876a083857de9164f899feb7b4d261da02c485c9a3e3b6,20260725,1.0,0.9,1
run2,OHLCV+amount,OHLCV+amount_0060,2,99.88455963134766,100.08171844482422,99.91854095458984,100.00294494628906,99.88455963134766,100.08171844482422,99.88455963134766,100.00294494628906,False,True,True,0.0,0.0339813232421875,0.0339813232421875,0.0003397969259440293,KronosPredictor,a7d5f37e2e9fbd9891f7d7d4f72574512dd1f704fee14223e0a8cd0fbf54197c,0b30a443affb03e05a876a083857de9164f899feb7b4d261da02c485c9a3e3b6,20260725,1.0,0.9,1
run2,OHLCV+amount,OHLCV+amount_0060,3,100.0848159790039,100.08086395263672,99.9352035522461,99.99871826171875,100.0848159790039,100.0848159790039,99.9352035522461,99.99871826171875,False,True,True,0.0039520263671875,0.0,0.0039520263671875,3.951836722923377e-05,KronosPredictor,a7d5f37e2e9fbd9891f7d7d4f72574512dd1f704fee14223e0a8cd0fbf54197c,0b30a443affb03e05a876a083857de9164f899feb7b4d261da02c485c9a3e3b6,20260725,1.0,0.9,1
run2,OHLCV+amount,OHLCV+amount_0060,4,100.14826965332031,100.09862518310547,99.91422271728516,99.99737548828125,100.14826965332031,100.14826965332031,99.91422271728516,99.99737548828125,False,True,True,0.04964447021484375,0.0,0.04964447021484375,0.0004964208794606644,KronosPredictor,a7d5f37e2e9fbd9891f7d7d4f72574512dd1f704fee14223e0a8cd0fbf54197c,0b30a443affb03e05a876a083857de9164f899feb7b4d261da02c485c9a3e3b6,20260725,1.0,0.9,1
run2,OHLCV+amount,OHLCV+amount_0060,5,99.9795150756836,100.03141021728516,99.96458435058594,100.00083923339844,99.9795150756836,100.03141021728516,99.96458435058594,100.00083923339844,False,True,True,0.0,0.0,0.0,0.0,KronosPredictor,a7d5f37e2e9fbd9891f7d7d4f72574512dd1f704fee14223e0a8cd0fbf54197c,0b30a443affb03e05a876a083857de9164f899feb7b4d261da02c485c9a3e3b6,20260725,1.0,0.9,1
run2,OHLCV+amount,OHLCV+amount_0061,1,100.05896759033203,100.13182830810547,99.94601440429688,100.0093002319336,100.05896759033203,100.13182830810547,99.94601440429688,100.0093002319336,True,True,False,0.0,0.0,0.0,0.0,KronosPredictor,a7d5f37e2e9fbd9891f7d7d4f72574512dd1f704fee14223e0a8cd0fbf54197c,0b30a443affb03e05a876a083857de9164f899feb7b4d261da02c485c9a3e3b6,20260725,1.0,0.9,1
run2,OHLCV+amount,OHLCV+amount_0061,2,100.06124877929688,100.09525299072266,99.99658203125,100.00849151611328,100.06124877929688,100.09525299072266,99.99658203125,100.00849151611328,True,True,False,0.0,0.0,0.0,0.0,KronosPredictor,a7d5f37e2e9fbd9891f7d7d4f72574512dd1f704fee14223e0a8cd0fbf54197c,0b30a443affb03e05a876a083857de9164f899feb7b4d261da02c485c9a3e3b6,20260725,1.0,0.9,1
run2,OHLCV+amount,OHLCV+amount_0061,3,99.99190521240234,100.11729431152344,99.94625854492188,100.0052261352539,99.99190521240234,100.11729431152344,99.94625854492188,100.0052261352539,True,True,False,0.0,0.0,0.0,0.0,KronosPredictor,a7d5f37e2e9fbd9891f7d7d4f72574512dd1f704fee14223e0a8cd0fbf54197c,0b30a443affb03e05a876a083857de9164f899feb7b4d261da02c485c9a3e3b6,20260725,1.0,0.9,1
run2,OHLCV+amount,OHLCV+amount_0061,4,100.06076049804688,100.1059799194336,99.95740509033203,100.00325775146484,100.06076049804688,100.1059799194336,99.95740509033203,100.00325775146484,True,True,False,0.0,0.0,0.0,0.0,KronosPredictor,a7d5f37e2e9fbd9891f7d7d4f72574512dd1f704fee14223e0a8cd0fbf54197c,0b30a443affb03e05a876a083857de9164f899feb7b4d261da02c485c9a3e3b6,20260725,1.0,0.9,1
run2,OHLCV+amount,OHLCV+amount_0061,5,99.95179748535156,100.07472229003906,99.94290161132812,100.00394439697266,99.95179748535156,100.07472229003906,99.94290161132812,100.00394439697266,True,True,False,0.0,0.0,0.0,0.0,KronosPredictor,a7d5f37e2e9fbd9891f7d7d4f72574512dd1f704fee14223e0a8cd0fbf54197c,0b30a443affb03e05a876a083857de9164f899feb7b4d261da02c485c9a3e3b6,20260725,1.0,0.9,1
run2,OHLCV+amount,OHLCV+amount_0062,1,100.1087646484375,100.06488037109375,99.8736343383789,99.98729705810547,100.1087646484375,100.1087646484375,99.8736343383789,99.98729705810547,False,True,True,0.04388427734375,0.0,0.04388427734375,0.00043889852646229245,KronosPredictor,a7d5f37e2e9fbd9891f7d7d4f72574512dd1f704fee14223e0a8cd0fbf54197c,0b30a443affb03e05a876a083857de9164f899feb7b4d261da02c485c9a3e3b6,20260725,1.0,0.9,1
run2,OHLCV+amount,OHLCV+amount_0062,2,99.86766815185547,99.96296691894531,99.8844223022461,99.98857879638672,99.86766815185547,99.98857879638672,99.86766815185547,99.98857879638672,False,True,True,0.02561187744140625,0.016754150390625,0.04236602783203125,0.000423714102476549,KronosPredictor,a7d5f37e2e9fbd9891f7d7d4f72574512dd1f704fee14223e0a8cd0fbf54197c,0b30a443affb03e05a876a083857de9164f899feb7b4d261da02c485c9a3e3b6,20260725,1.0,0.9,1
run2,OHLCV+amount,OHLCV+amount_0062,3,99.98225402832031,100.04558563232422,99.8880615234375,99.9869613647461,99.98225402832031,100.04558563232422,99.8880615234375,99.9869613647461,False,True,True,0.0,0.0,0.0,0.0,KronosPredictor,a7d5f37e2e9fbd9891f7d7d4f72574512dd1f704fee14223e0a8cd0fbf54197c,0b30a443affb03e05a876a083857de9164f899feb7b4d261da02c485c9a3e3b6,20260725,1.0,0.9,1
run2,OHLCV+amount,OHLCV+amount_0062,4,99.94914245605469,100.0013427734375,99.93572235107422,99.99275207519531,99.94914245605469,100.0013427734375,99.93572235107422,99.99275207519531,False,True,True,0.0,0.0,0.0,0.0,KronosPredictor,a7d5f37e2e9fbd9891f7d7d4f72574512dd1f704fee14223e0a8cd0fbf54197c,0b30a443affb03e05a876a083857de9164f899feb7b4d261da02c485c9a3e3b6,20260725,1.0,0.9,1
run2,OHLCV+amount,OHLCV+amount_0062,5,100.00994873046875,100.01886749267578,99.91992950439453,99.98974609375,100.00994873046875,100.01886749267578,99.91992950439453,99.98974609375,False,True,True,0.0,0.0,0.0,0.0,KronosPredictor,a7d5f37e2e9fbd9891f7d7d4f72574512dd1f704fee14223e0a8cd0fbf54197c,0b30a443affb03e05a876a083857de9164f899feb7b4d261da02c485c9a3e3b6,20260725,1.0,0.9,1
run2,OHLCV+amount,OHLCV+amount_0063,1,99.99873352050781,100.0337142944336,99.94508361816406,99.98133087158203,99.99873352050781,100.0337142944336,99.94508361816406,99.98133087158203,False,True,True,0.0,0.0,0.0,0.0,KronosPredictor,a7d5f37e2e9fbd9891f7d7d4f72574512dd1f704fee14223e0a8cd0fbf54197c,0b30a443affb03e05a876a083857de9164f899feb7b4d261da02c485c9a3e3b6,20260725,1.0,0.9,1
run2,OHLCV+amount,OHLCV+amount_0063,2,99.95526885986328,100.00971221923828,99.93824768066406,99.98406982421875,99.95526885986328,100.00971221923828,99.93824768066406,99.98406982421875,False,True,True,0.0,0.0,0.0,0.0,KronosPredictor,a7d5f37e2e9fbd9891f7d7d4f72574512dd1f704fee14223e0a8cd0fbf54197c,0b30a443affb03e05a876a083857de9164f899feb7b4d261da02c485c9a3e3b6,20260725,1.0,0.9,1
run2,OHLCV+amount,OHLCV+amount_0063,3,99.98233795166016,99.98609924316406,99.94650268554688,99.98117065429688,99.98233795166016,99.98609924316406,99.94650268554688,99.98117065429688,False,True,True,0.0,0.0,0.0,0.0,KronosPredictor,a7d5f37e2e9fbd9891f7d7d4f72574512dd1f704fee14223e0a8cd0fbf54197c,0b30a443affb03e05a876a083857de9164f899feb7b4d261da02c485c9a3e3b6,20260725,1.0,0.9,1
run2,OHLCV+amount,OHLCV+amount_0063,4,99.95769500732422,100.0379867553711,99.94667053222656,99.9898910522461,99.95769500732422,100.0379867553711,99.94667053222656,99.9898910522461,False,True,True,0.0,0.0,0.0,0.0,KronosPredictor,a7d5f37e2e9fbd9891f7d7d4f72574512dd1f704fee14223e0a8cd0fbf54197c,0b30a443affb03e05a876a083857de9164f899feb7b4d261da02c485c9a3e3b6,20260725,1.0,0.9,1
run2,OHLCV+amount,OHLCV+amount_0063,5,99.93024444580078,99.96527862548828,99.93099975585938,99.98051452636719,99.93024444580078,99.98051452636719,99.93024444580078,99.98051452636719,False,True,True,0.01523590087890625,0.00075531005859375,0.0159912109375,0.0001599419691466142,KronosPredictor,a7d5f37e2e9fbd9891f7d7d4f72574512dd1f704fee14223e0a8cd0fbf54197c,0b30a443affb03e05a876a083857de9164f899feb7b4d261da02c485c9a3e3b6,20260725,1.0,0.9,1
run2,OHLCV+amount,OHLCV+amount_0064,1,100.05115509033203,100.05211639404297,99.99160766601562,100.00984954833984,100.05115509033203,100.05211639404297,99.99160766601562,100.00984954833984,False,True,True,0.0,0.0,0.0,0.0,KronosPredictor,a7d5f37e2e9fbd9891f7d7d4f72574512dd1f704fee14223e0a8cd0fbf54197c,0b30a443affb03e05a876a083857de9164f899feb7b4d261da02c485c9a3e3b6,20260725,1.0,0.9,1
run2,OHLCV+amount,OHLCV+amount_0064,2,99.96134948730469,100.0896224975586,99.92660522460938,100.01362609863281,99.96134948730469,100.0896224975586,99.92660522460938,100.01362609863281,False,True,True,0.0,0.0,0.0,0.0,KronosPredictor,a7d5f37e2e9fbd9891f7d7d4f72574512dd1f704fee14223e0a8cd0fbf54197c,0b30a443affb03e05a876a083857de9164f899feb7b4d261da02c485c9a3e3b6,20260725,1.0,0.9,1
run2,OHLCV+amount,OHLCV+amount_0064,3,100.1006088256836,100.10133361816406,100.02091217041016,100.01506042480469,100.1006088256836,100.10133361816406,100.01506042480469,100.01506042480469,False,True,True,0.0,0.00585174560546875,0.00585174560546875,5.851169291720916e-05,KronosPredictor,a7d5f37e2e9fbd9891f7d7d4f72574512dd1f704fee14223e0a8cd0fbf54197c,0b30a443affb03e05a876a083857de9164f899feb7b4d261da02c485c9a3e3b6,20260725,1.0,0.9,1
run2,OHLCV+amount,OHLCV+amount_0064,4,100.08859252929688,100.0854263305664,100.01193237304688,100.01314544677734,100.08859252929688,100.08859252929688,100.01193237304688,100.01314544677734,False,True,True,0.00316619873046875,0.0,0.00316619873046875,3.165886904907667e-05,KronosPredictor,a7d5f37e2e9fbd9891f7d7d4f72574512dd1f704fee14223e0a8cd0fbf54197c,0b30a443affb03e05a876a083857de9164f899feb7b4d261da02c485c9a3e3b6,20260725,1.0,0.9,1
run2,OHLCV+amount,OHLCV+amount_0064,5,99.9435043334961,100.08539581298828,99.93962097167969,100.01374816894531,99.9435043334961,100.08539581298828,99.93962097167969,100.01374816894531,False,True,True,0.0,0.0,0.0,0.0,KronosPredictor,a7d5f37e2e9fbd9891f7d7d4f72574512dd1f704fee14223e0a8cd0fbf54197c,0b30a443affb03e05a876a083857de9164f899feb7b4d261da02c485c9a3e3b6,20260725,1.0,0.9,1
run2,OHLCV+amount,OHLCV+amount_0065,1,99.87712860107422,100.0328598022461,99.84022521972656,99.99781036376953,99.87712860107422,100.0328598022461,99.84022521972656,99.99781036376953,False,True,True,0.0,0.0,0.0,0.0,KronosPredictor,a7d5f37e2e9fbd9891f7d7d4f72574512dd1f704fee14223e0a8cd0fbf54197c,0b30a443affb03e05a876a083857de9164f899feb7b4d261da02c485c9a3e3b6,20260725,1.0,0.9,1
run2,OHLCV+amount,OHLCV+amount_0065,2,100.11808776855469,100.14823150634766,99.88616943359375,99.99356079101562,100.11808776855469,100.14823150634766,99.88616943359375,99.99356079101562,False,True,True,0.0,0.0,0.0,0.0,KronosPredictor,a7d5f37e2e9fbd9891f7d7d4f72574512dd1f704fee14223e0a8cd0fbf54197c,0b30a443affb03e05a876a083857de9164f899feb7b4d261da02c485c9a3e3b6,20260725,1.0,0.9,1
run2,OHLCV+amount,OHLCV+amount_0065,3,99.86138153076172,100.03960418701172,99.86575317382812,99.99862670898438,99.86138153076172,100.03960418701172,99.86138153076172,99.99862670898438,False,True,True,0.0,0.00437164306640625,0.00437164306640625,4.371738791582732e-05,KronosPredictor,a7d5f37e2e9fbd9891f7d7d4f72574512dd1f704fee14223e0a8cd0fbf54197c,0b30a443affb03e05a876a083857de9164f899feb7b4d261da02c485c9a3e3b6,20260725,1.0,0.9,1
run2,OHLCV+amount,OHLCV+amount_0065,4,99.99163818359375,100.08219146728516,99.9209976196289,100.00076293945312,99.99163818359375,100.08219146728516,99.9209976196289,100.00076293945312,False,True,True,0.0,0.0,0.0,0.0,KronosPredictor,a7d5f37e2e9fbd9891f7d7d4f72574512dd1f704fee14223e0a8cd0fbf54197c,0b30a443affb03e05a876a083857de9164f899feb7b4d261da02c485c9a3e3b6,20260725,1.0,0.9,1
run2,OHLCV+amount,OHLCV+amount_0065,5,100.02708435058594,100.05098724365234,99.93750762939453,99.9976806640625,100.02708435058594,100.05098724365234,99.93750762939453,99.9976806640625,False,True,True,0.0,0.0,0.0,0.0,KronosPredictor,a7d5f37e2e9fbd9891f7d7d4f72574512dd1f704fee14223e0a8cd0fbf54197c,0b30a443affb03e05a876a083857de9164f899feb7b4d261da02c485c9a3e3b6,20260725,1.0,0.9,1
run2,OHLCV+amount,OHLCV+amount_0066,1,100.12080383300781,100.08892822265625,99.98126220703125,99.99822235107422,100.12080383300781,100.12080383300781,99.98126220703125,99.99822235107422,False,True,True,0.0318756103515625,0.0,0.0318756103515625,0.00031876176998080484,KronosPredictor,a7d5f37e2e9fbd9891f7d7d4f72574512dd1f704fee14223e0a8cd0fbf54197c,0b30a443affb03e05a876a083857de9164f899feb7b4d261da02c485c9a3e3b6,20260725,1.0,0.9,1
run2,OHLCV+amount,OHLCV+amount_0066,2,100.07320404052734,100.08236694335938,100.00133514404297,100.0030288696289,100.07320404052734,100.08236694335938,100.00133514404297,100.0030288696289,False,True,True,0.0,0.0,0.0,0.0,KronosPredictor,a7d5f37e2e9fbd9891f7d7d4f72574512dd1f704fee14223e0a8cd0fbf54197c,0b30a443affb03e05a876a083857de9164f899feb7b4d261da02c485c9a3e3b6,20260725,1.0,0.9,1
run2,OHLCV+amount,OHLCV+amount_0066,3,100.06085205078125,100.12640380859375,99.96534729003906,100.0018539428711,100.06085205078125,100.12640380859375,99.96534729003906,100.0018539428711,False,True,True,0.0,0.0,0.0,0.0,KronosPredictor,a7d5f37e2e9fbd9891f7d7d4f72574512dd1f704fee14223e0a8cd0fbf54197c,0b30a443affb03e05a876a083857de9164f899feb7b4d261da02c485c9a3e3b6,20260725,1.0,0.9,1
run2,OHLCV+amount,OHLCV+amount_0066,4,100.00872039794922,100.054443359375,99.97338104248047,99.9995346069336,100.00872039794922,100.054443359375,99.97338104248047,99.9995346069336,False,True,True,0.0,0.0,0.0,0.0,KronosPredictor,a7d5f37e2e9fbd9891f7d7d4f72574512dd1f704fee14223e0a8cd0fbf54197c,0b30a443affb03e05a876a083857de9164f899feb7b4d261da02c485c9a3e3b6,20260725,1.0,0.9,1
run2,OHLCV+amount,OHLCV+amount_0066,5,100.08258819580078,100.05097198486328,99.9762954711914,99.9967269897461,100.08258819580078,100.08258819580078,99.9762954711914,99.9967269897461,False,True,True,0.0316162109375,0.0,0.0316162109375,0.0003161677297272512,KronosPredictor,a7d5f37e2e9fbd9891f7d7d4f72574512dd1f704fee14223e0a8cd0fbf54197c,0b30a443affb03e05a876a083857de9164f899feb7b4d261da02c485c9a3e3b6,20260725,1.0,0.9,1
run2,OHLCV+amount,OHLCV+amount_0067,1,99.88153076171875,99.97860717773438,99.91741943359375,99.99458312988281,99.88153076171875,99.99458312988281,99.88153076171875,99.99458312988281,False,True,True,0.0159759521484375,0.035888671875,0.0518646240234375,0.0005186743361494954,KronosPredictor,a7d5f37e2e9fbd9891f7d7d4f72574512dd1f704fee14223e0a8cd0fbf54197c,0b30a443affb03e05a876a083857de9164f899feb7b4d261da02c485c9a3e3b6,20260725,1.0,0.9,1
run2,OHLCV+amount,OHLCV+amount_0067,2,99.94190979003906,100.0316162109375,99.91045379638672,99.99549865722656,99.94190979003906,100.0316162109375,99.91045379638672,99.99549865722656,False,True,True,0.0,0.0,0.0,0.0,KronosPredictor,a7d5f37e2e9fbd9891f7d7d4f72574512dd1f704fee14223e0a8cd0fbf54197c,0b30a443affb03e05a876a083857de9164f899feb7b4d261da02c485c9a3e3b6,20260725,1.0,0.9,1
run2,OHLCV+amount,OHLCV+amount_0067,3,99.9592056274414,99.99655151367188,99.9339370727539,99.99336242675781,99.9592056274414,99.99655151367188,99.9339370727539,99.99336242675781,False,True,True,0.0,0.0,0.0,0.0,KronosPredictor,a7d5f37e2e9fbd9891f7d7d4f72574512dd1f704fee14223e0a8cd0fbf54197c,0b30a443affb03e05a876a083857de9164f899feb7b4d261da02c485c9a3e3b6,20260725,1.0,0.9,1
run2,OHLCV+amount,OHLCV+amount_0067,4,99.96856689453125,100.01329040527344,99.91702270507812,99.99066925048828,99.96856689453125,100.01329040527344,99.91702270507812,99.99066925048828,False,True,True,0.0,0.0,0.0,0.0,KronosPredictor,a7d5f37e2e9fbd9891f7d7d4f72574512dd1f704fee14223e0a8cd0fbf54197c,0b30a443affb03e05a876a083857de9164f899feb7b4d261da02c485c9a3e3b6,20260725,1.0,0.9,1
run2,OHLCV+amount,OHLCV+amount_0067,5,99.9275894165039,100.02601623535156,99.9082260131836,99.9890365600586,99.9275894165039,100.02601623535156,99.9082260131836,99.9890365600586,False,True,True,0.0,0.0,0.0,0.0,KronosPredictor,a7d5f37e2e9fbd9891f7d7d4f72574512dd1f704fee14223e0a8cd0fbf54197c,0b30a443affb03e05a876a083857de9164f899feb7b4d261da02c485c9a3e3b6,20260725,1.0,0.9,1
run2,OHLCV+amount,OHLCV+amount_0068,1,100.00959777832031,100.04569244384766,99.97554779052734,99.99159240722656,100.00959777832031,100.04569244384766,99.97554779052734,99.99159240722656,False,True,True,0.0,0.0,0.0,0.0,KronosPredictor,a7d5f37e2e9fbd9891f7d7d4f72574512dd1f704fee14223e0a8cd0fbf54197c,0b30a443affb03e05a876a083857de9164f899feb7b4d261da02c485c9a3e3b6,20260725,1.0,0.9,1
run2,OHLCV+amount,OHLCV+amount_0068,2,99.96060180664062,100.09806823730469,99.94109344482422,99.99724578857422,99.96060180664062,100.09806823730469,99.94109344482422,99.99724578857422,False,True,True,0.0,0.0,0.0,0.0,KronosPredictor,a7d5f37e2e9fbd9891f7d7d4f72574512dd1f704fee14223e0a8cd0fbf54197c,0b30a443affb03e05a876a083857de9164f899feb7b4d261da02c485c9a3e3b6,20260725,1.0,0.9,1
run2,OHLCV+amount,OHLCV+amount_0068,3,99.97395324707031,100.08277893066406,99.93218231201172,99.99531555175781,99.97395324707031,100.08277893066406,99.93218231201172,99.99531555175781,False,True,True,0.0,0.0,0.0,0.0,KronosPredictor,a7d5f37e2e9fbd9891f7d7d4f72574512dd1f704fee14223e0a8cd0fbf54197c,0b30a443affb03e05a876a083857de9164f899feb7b4d261da02c485c9a3e3b6,20260725,1.0,0.9,1
run2,OHLCV+amount,OHLCV+amount_0068,4,100.20674133300781,100.1323471069336,100.00398254394531,99.99476623535156,100.20674133300781,100.20674133300781,99.99476623535156,99.99476623535156,False,True,True,0.07439422607421875,0.00921630859375,0.08361053466796875,0.0008361756489231196,KronosPredictor,a7d5f37e2e9fbd9891f7d7d4f72574512dd1f704fee14223e0a8cd0fbf54197c,0b30a443affb03e05a876a083857de9164f899feb7b4d261da02c485c9a3e3b6,20260725,1.0,0.9,1
run2,OHLCV+amount,OHLCV+amount_0068,5,99.90151977539062,100.0993423461914,99.92829132080078,99.99872589111328,99.90151977539062,100.0993423461914,99.90151977539062,99.99872589111328,False,True,True,0.0,0.02677154541015625,0.02677154541015625,0.0002677379644193108,KronosPredictor,a7d5f37e2e9fbd9891f7d7d4f72574512dd1f704fee14223e0a8cd0fbf54197c,0b30a443affb03e05a876a083857de9164f899feb7b4d261da02c485c9a3e3b6,20260725,1.0,0.9,1
run2,OHLCV+amount,OHLCV+amount_0069,1,99.9397964477539,100.13465881347656,99.90617370605469,99.9919204711914,99.9397964477539,100.13465881347656,99.90617370605469,99.9919204711914,True,True,False,0.0,0.0,0.0,0.0,KronosPredictor,a7d5f37e2e9fbd9891f7d7d4f72574512dd1f704fee14223e0a8cd0fbf54197c,0b30a443affb03e05a876a083857de9164f899feb7b4d261da02c485c9a3e3b6,20260725,1.0,0.9,1
run2,OHLCV+amount,OHLCV+amount_0069,2,100.03093719482422,100.04277038574219,99.9655990600586,99.98989868164062,100.03093719482422,100.04277038574219,99.9655990600586,99.98989868164062,True,True,False,0.0,0.0,0.0,0.0,KronosPredictor,a7d5f37e2e9fbd9891f7d7d4f72574512dd1f704fee14223e0a8cd0fbf54197c,0b30a443affb03e05a876a083857de9164f899feb7b4d261da02c485c9a3e3b6,20260725,1.0,0.9,1
run2,OHLCV+amount,OHLCV+amount_0069,3,100.0684814453125,100.12303924560547,99.88738250732422,99.98702239990234,100.0684814453125,100.12303924560547,99.88738250732422,99.98702239990234,True,True,False,0.0,0.0,0.0,0.0,KronosPredictor,a7d5f37e2e9fbd9891f7d7d4f72574512dd1f704fee14223e0a8cd0fbf54197c,0b30a443affb03e05a876a083857de9164f899feb7b4d261da02c485c9a3e3b6,20260725,1.0,0.9,1
run2,OHLCV+amount,OHLCV+amount_0069,4,99.95555877685547,99.9967269897461,99.9361343383789,99.9868392944336,99.95555877685547,99.9967269897461,99.9361343383789,99.9868392944336,True,True,False,0.0,0.0,0.0,0.0,KronosPredictor,a7d5f37e2e9fbd9891f7d7d4f72574512dd1f704fee14223e0a8cd0fbf54197c,0b30a443affb03e05a876a083857de9164f899feb7b4d261da02c485c9a3e3b6,20260725,1.0,0.9,1
run2,OHLCV+amount,OHLCV+amount_0069,5,99.99581909179688,100.01305389404297,99.95761108398438,99.98873138427734,99.99581909179688,100.01305389404297,99.95761108398438,99.98873138427734,True,True,False,0.0,0.0,0.0,0.0,KronosPredictor,a7d5f37e2e9fbd9891f7d7d4f72574512dd1f704fee14223e0a8cd0fbf54197c,0b30a443affb03e05a876a083857de9164f899feb7b4d261da02c485c9a3e3b6,20260725,1.0,0.9,1
run2,OHLCV+amount,OHLCV+amount_0070,1,99.9607162475586,100.06636047363281,99.92047882080078,99.99166107177734,99.9607162475586,100.06636047363281,99.92047882080078,99.99166107177734,True,True,False,0.0,0.0,0.0,0.0,KronosPredictor,a7d5f37e2e9fbd9891f7d7d4f72574512dd1f704fee14223e0a8cd0fbf54197c,0b30a443affb03e05a876a083857de9164f899feb7b4d261da02c485c9a3e3b6,20260725,1.0,0.9,1
run2,OHLCV+amount,OHLCV+amount_0070,2,100.0117416381836,100.06600189208984,99.89456939697266,99.98822021484375,100.0117416381836,100.06600189208984,99.89456939697266,99.98822021484375,True,True,False,0.0,0.0,0.0,0.0,KronosPredictor,a7d5f37e2e9fbd9891f7d7d4f72574512dd1f704fee14223e0a8cd0fbf54197c,0b30a443affb03e05a876a083857de9164f899feb7b4d261da02c485c9a3e3b6,20260725,1.0,0.9,1
run2,OHLCV+amount,OHLCV+amount_0070,3,99.92860412597656,100.07733154296875,99.91669464111328,99.99573516845703,99.92860412597656,100.07733154296875,99.91669464111328,99.99573516845703,True,True,False,0.0,0.0,0.0,0.0,KronosPredictor,a7d5f37e2e9fbd9891f7d7d4f72574512dd1f704fee14223e0a8cd0fbf54197c,0b30a443affb03e05a876a083857de9164f899feb7b4d261da02c485c9a3e3b6,20260725,1.0,0.9,1
run2,OHLCV+amount,OHLCV+amount_0070,4,100.06123352050781,100.061279296875,99.9707260131836,99.99156951904297,100.06123352050781,100.061279296875,99.9707260131836,99.99156951904297,True,True,False,0.0,0.0,0.0,0.0,KronosPredictor,a7d5f37e2e9fbd9891f7d7d4f72574512dd1f704fee14223e0a8cd0fbf54197c,0b30a443affb03e05a876a083857de9164f899feb7b4d261da02c485c9a3e3b6,20260725,1.0,0.9,1
run2,OHLCV+amount,OHLCV+amount_0070,5,100.01751708984375,100.07689666748047,99.97081756591797,99.9941635131836,100.01751708984375,100.07689666748047,99.97081756591797,99.9941635131836,True,True,False,0.0,0.0,0.0,0.0,KronosPredictor,a7d5f37e2e9fbd9891f7d7d4f72574512dd1f704fee14223e0a8cd0fbf54197c,0b30a443affb03e05a876a083857de9164f899feb7b4d261da02c485c9a3e3b6,20260725,1.0,0.9,1
run2,OHLCV+amount,OHLCV+amount_0071,1,99.9919662475586,100.02384948730469,99.87903594970703,99.98092651367188,99.9919662475586,100.02384948730469,99.87903594970703,99.98092651367188,False,True,True,0.0,0.0,0.0,0.0,KronosPredictor,a7d5f37e2e9fbd9891f7d7d4f72574512dd1f704fee14223e0a8cd0fbf54197c,0b30a443affb03e05a876a083857de9164f899feb7b4d261da02c485c9a3e3b6,20260725,1.0,0.9,1
run2,OHLCV+amount,OHLCV+amount_0071,2,99.86373138427734,99.96854400634766,99.86304473876953,99.9813003540039,99.86373138427734,99.9813003540039,99.86304473876953,99.9813003540039,False,True,True,0.01275634765625,0.0,0.01275634765625,0.0001275878120063794,KronosPredictor,a7d5f37e2e9fbd9891f7d7d4f72574512dd1f704fee14223e0a8cd0fbf54197c,0b30a443affb03e05a876a083857de9164f899feb7b4d261da02c485c9a3e3b6,20260725,1.0,0.9,1
run2,OHLCV+amount,OHLCV+amount_0071,3,99.8497085571289,99.95439147949219,99.86902618408203,99.9811019897461,99.8497085571289,99.9811019897461,99.8497085571289,99.9811019897461,False,True,True,0.02671051025390625,0.019317626953125,0.04602813720703125,0.00046036918052301843,KronosPredictor,a7d5f37e2e9fbd9891f7d7d4f72574512dd1f704fee14223e0a8cd0fbf54197c,0b30a443affb03e05a876a083857de9164f899feb7b4d261da02c485c9a3e3b6,20260725,1.0,0.9,1
run2,OHLCV+amount,OHLCV+amount_0071,4,99.76004791259766,99.99622344970703,99.80497741699219,99.98734283447266,99.76004791259766,99.99622344970703,99.76004791259766,99.98734283447266,False,True,True,0.0,0.04492950439453125,0.04492950439453125,0.00044938075652246906,KronosPredictor,a7d5f37e2e9fbd9891f7d7d4f72574512dd1f704fee14223e0a8cd0fbf54197c,0b30a443affb03e05a876a083857de9164f899feb7b4d261da02c485c9a3e3b6,20260725,1.0,0.9,1
run2,OHLCV+amount,OHLCV+amount_0071,5,99.88619995117188,99.98152160644531,99.86143493652344,99.98234558105469,99.88619995117188,99.98234558105469,99.86143493652344,99.98234558105469,False,True,True,0.000823974609375,0.0,0.000823974609375,8.241318000412066e-06,KronosPredictor,a7d5f37e2e9fbd9891f7d7d4f72574512dd1f704fee14223e0a8cd0fbf54197c,0b30a443affb03e05a876a083857de9164f899feb7b4d261da02c485c9a3e3b6,20260725,1.0,0.9,1
run2,OHLCV+amount,OHLCV+amount_0072,1,100.08236694335938,100.09310150146484,100.01639556884766,100.00894165039062,100.08236694335938,100.09310150146484,100.00894165039062,100.00894165039062,False,True,True,0.0,0.00745391845703125,0.00745391845703125,7.453252013293489e-05,KronosPredictor,a7d5f37e2e9fbd9891f7d7d4f72574512dd1f704fee14223e0a8cd0fbf54197c,0b30a443affb03e05a876a083857de9164f899feb7b4d261da02c485c9a3e3b6,20260725,1.0,0.9,1
run2,OHLCV+amount,OHLCV+amount_0072,2,100.111328125,100.11797332763672,100.04254913330078,100.01091003417969,100.111328125,100.11797332763672,100.01091003417969,100.01091003417969,False,True,True,0.0,0.03163909912109375,0.03163909912109375,0.00031636270316405426,KronosPredictor,a7d5f37e2e9fbd9891f7d7d4f72574512dd1f704fee14223e0a8cd0fbf54197c,0b30a443affb03e05a876a083857de9164f899feb7b4d261da02c485c9a3e3b6,20260725,1.0,0.9,1
run2,OHLCV+amount,OHLCV+amount_0072,3,100.12808990478516,100.10565185546875,100.03218841552734,100.00932312011719,100.12808990478516,100.12808990478516,100.00932312011719,100.00932312011719,False,True,True,0.02243804931640625,0.02286529541015625,0.0453033447265625,0.00045299294222043746,KronosPredictor,a7d5f37e2e9fbd9891f7d7d4f72574512dd1f704fee14223e0a8cd0fbf54197c,0b30a443affb03e05a876a083857de9164f899feb7b4d261da02c485c9a3e3b6,20260725,1.0,0.9,1
run2,OHLCV+amount,OHLCV+amount_0072,4,100.06936645507812,100.10037231445312,99.98902893066406,100.00849914550781,100.06936645507812,100.10037231445312,99.98902893066406,100.00849914550781,False,True,True,0.0,0.0,0.0,0.0,KronosPredictor,a7d5f37e2e9fbd9891f7d7d4f72574512dd1f704fee14223e0a8cd0fbf54197c,0b30a443affb03e05a876a083857de9164f899feb7b4d261da02c485c9a3e3b6,20260725,1.0,0.9,1
run2,OHLCV+amount,OHLCV+amount_0072,5,99.9782943725586,100.09432220458984,99.95210266113281,100.00906372070312,99.9782943725586,100.09432220458984,99.95210266113281,100.00906372070312,False,True,True,0.0,0.0,0.0,0.0,KronosPredictor,a7d5f37e2e9fbd9891f7d7d4f72574512dd1f704fee14223e0a8cd0fbf54197c,0b30a443affb03e05a876a083857de9164f899feb7b4d261da02c485c9a3e3b6,20260725,1.0,0.9,1
run2,OHLCV+amount,OHLCV+amount_0073,1,99.99403381347656,100.01595306396484,99.9346694946289,99.9910888671875,99.99403381347656,100.01595306396484,99.9346694946289,99.9910888671875,False,True,True,0.0,0.0,0.0,0.0,KronosPredictor,a7d5f37e2e9fbd9891f7d7d4f72574512dd1f704fee14223e0a8cd0fbf54197c,0b30a443affb03e05a876a083857de9164f899feb7b4d261da02c485c9a3e3b6,20260725,1.0,0.9,1
run2,OHLCV+amount,OHLCV+amount_0073,2,99.84503936767578,100.04271697998047,99.88002014160156,100.00186157226562,99.84503936767578,100.04271697998047,99.84503936767578,100.00186157226562,False,True,True,0.0,0.03498077392578125,0.03498077392578125,0.00034983891386805707,KronosPredictor,a7d5f37e2e9fbd9891f7d7d4f72574512dd1f704fee14223e0a8cd0fbf54197c,0b30a443affb03e05a876a083857de9164f899feb7b4d261da02c485c9a3e3b6,20260725,1.0,0.9,1
run2,OHLCV+amount,OHLCV+amount_0073,3,99.97459411621094,100.03858947753906,99.92304992675781,99.99552917480469,99.97459411621094,100.03858947753906,99.92304992675781,99.99552917480469,False,True,True,0.0,0.0,0.0,0.0,KronosPredictor,a7d5f37e2e9fbd9891f7d7d4f72574512dd1f704fee14223e0a8cd0fbf54197c,0b30a443affb03e05a876a083857de9164f899feb7b4d261da02c485c9a3e3b6,20260725,1.0,0.9,1
run2,OHLCV+amount,OHLCV+amount_0073,4,99.90343475341797,100.04974365234375,99.9130630493164,100.00053405761719,99.90343475341797,100.04974365234375,99.90343475341797,100.00053405761719,False,True,True,0.0,0.0096282958984375,0.0096282958984375,9.629153965136053e-05,KronosPredictor,a7d5f37e2e9fbd9891f7d7d4f72574512dd1f704fee14223e0a8cd0fbf54197c,0b30a443affb03e05a876a083857de9164f899feb7b4d261da02c485c9a3e3b6,20260725,1.0,0.9,1
run2,OHLCV+amount,OHLCV+amount_0073,5,100.0293197631836,100.07859802246094,99.94424438476562,100.00135803222656,100.0293197631836,100.07859802246094,99.94424438476562,100.00135803222656,False,True,True,0.0,0.0,0.0,0.0,KronosPredictor,a7d5f37e2e9fbd9891f7d7d4f72574512dd1f704fee14223e0a8cd0fbf54197c,0b30a443affb03e05a876a083857de9164f899feb7b4d261da02c485c9a3e3b6,20260725,1.0,0.9,1
run2,OHLCV+amount,OHLCV+amount_0074,1,100.02680206298828,100.05121612548828,99.93441009521484,99.99079132080078,100.02680206298828,100.05121612548828,99.93441009521484,99.99079132080078,False,True,True,0.0,0.0,0.0,0.0,KronosPredictor,a7d5f37e2e9fbd9891f7d7d4f72574512dd1f704fee14223e0a8cd0fbf54197c,0b30a443affb03e05a876a083857de9164f899feb7b4d261da02c485c9a3e3b6,20260725,1.0,0.9,1
run2,OHLCV+amount,OHLCV+amount_0074,2,99.90347290039062,100.01094818115234,99.93746185302734,99.99148559570312,99.90347290039062,100.01094818115234,99.90347290039062,99.99148559570312,False,True,True,0.0,0.03398895263671875,0.03398895263671875,0.0003399208285858233,KronosPredictor,a7d5f37e2e9fbd9891f7d7d4f72574512dd1f704fee14223e0a8cd0fbf54197c,0b30a443affb03e05a876a083857de9164f899feb7b4d261da02c485c9a3e3b6,20260725,1.0,0.9,1
run2,OHLCV+amount,OHLCV+amount_0074,3,100.0748291015625,100.08990478515625,99.94517517089844,99.99063873291016,100.0748291015625,100.08990478515625,99.94517517089844,99.99063873291016,False,True,True,0.0,0.0,0.0,0.0,KronosPredictor,a7d5f37e2e9fbd9891f7d7d4f72574512dd1f704fee14223e0a8cd0fbf54197c,0b30a443affb03e05a876a083857de9164f899feb7b4d261da02c485c9a3e3b6,20260725,1.0,0.9,1
run2,OHLCV+amount,OHLCV+amount_0074,4,99.95975494384766,100.03850555419922,99.94367980957031,99.99285125732422,99.95975494384766,100.03850555419922,99.94367980957031,99.99285125732422,False,True,True,0.0,0.0,0.0,0.0,KronosPredictor,a7d5f37e2e9fbd9891f7d7d4f72574512dd1f704fee14223e0a8cd0fbf54197c,0b30a443affb03e05a876a083857de9164f899feb7b4d261da02c485c9a3e3b6,20260725,1.0,0.9,1
run2,OHLCV+amount,OHLCV+amount_0074,5,99.93083190917969,100.00463104248047,99.92059326171875,99.98681640625,99.93083190917969,100.00463104248047,99.92059326171875,99.98681640625,False,True,True,0.0,0.0,0.0,0.0,KronosPredictor,a7d5f37e2e9fbd9891f7d7d4f72574512dd1f704fee14223e0a8cd0fbf54197c,0b30a443affb03e05a876a083857de9164f899feb7b4d261da02c485c9a3e3b6,20260725,1.0,0.9,1
run2,OHLCV+amount,OHLCV+amount_0075,1,99.94172668457031,100.00292205810547,99.93543243408203,99.99915313720703,99.94172668457031,100.00292205810547,99.93543243408203,99.99915313720703,False,True,True,0.0,0.0,0.0,0.0,KronosPredictor,a7d5f37e2e9fbd9891f7d7d4f72574512dd1f704fee14223e0a8cd0fbf54197c,0b30a443affb03e05a876a083857de9164f899feb7b4d261da02c485c9a3e3b6,20260725,1.0,0.9,1
run2,OHLCV+amount,OHLCV+amount_0075,2,100.00279998779297,100.0322036743164,99.9610824584961,100.000732421875,100.00279998779297,100.0322036743164,99.9610824584961,100.000732421875,False,True,True,0.0,0.0,0.0,0.0,KronosPredictor,a7d5f37e2e9fbd9891f7d7d4f72574512dd1f704fee14223e0a8cd0fbf54197c,0b30a443affb03e05a876a083857de9164f899feb7b4d261da02c485c9a3e3b6,20260725,1.0,0.9,1
run2,OHLCV+amount,OHLCV+amount_0075,3,99.92996215820312,100.00220489501953,99.91578674316406,99.99834442138672,99.92996215820312,100.00220489501953,99.91578674316406,99.99834442138672,False,True,True,0.0,0.0,0.0,0.0,KronosPredictor,a7d5f37e2e9fbd9891f7d7d4f72574512dd1f704fee14223e0a8cd0fbf54197c,0b30a443affb03e05a876a083857de9164f899feb7b4d261da02c485c9a3e3b6,20260725,1.0,0.9,1
run2,OHLCV+amount,OHLCV+amount_0075,4,99.8659439086914,100.00121307373047,99.88546752929688,99.9998779296875,99.8659439086914,100.00121307373047,99.8659439086914,99.9998779296875,False,True,True,0.0,0.01952362060546875,0.01952362060546875,0.000195237859451477,KronosPredictor,a7d5f37e2e9fbd9891f7d7d4f72574512dd1f704fee14223e0a8cd0fbf54197c,0b30a443affb03e05a876a083857de9164f899feb7b4d261da02c485c9a3e3b6,20260725,1.0,0.9,1
run2,OHLCV+amount,OHLCV+amount_0075,5,99.95657348632812,99.99982452392578,99.9251480102539,99.99732208251953,99.95657348632812,99.99982452392578,99.9251480102539,99.99732208251953,False,True,True,0.0,0.0,0.0,0.0,KronosPredictor,a7d5f37e2e9fbd9891f7d7d4f72574512dd1f704fee14223e0a8cd0fbf54197c,0b30a443affb03e05a876a083857de9164f899feb7b4d261da02c485c9a3e3b6,20260725,1.0,0.9,1
run2,OHLCV+amount,OHLCV+amount_0076,1,99.9740982055664,99.99840545654297,99.94854736328125,99.99626922607422,99.9740982055664,99.99840545654297,99.94854736328125,99.99626922607422,True,True,False,0.0,0.0,0.0,0.0,KronosPredictor,a7d5f37e2e9fbd9891f7d7d4f72574512dd1f704fee14223e0a8cd0fbf54197c,0b30a443affb03e05a876a083857de9164f899feb7b4d261da02c485c9a3e3b6,20260725,1.0,0.9,1
run2,OHLCV+amount,OHLCV+amount_0076,2,99.98248291015625,100.02171325683594,99.9002685546875,99.99395751953125,99.98248291015625,100.02171325683594,99.9002685546875,99.99395751953125,True,True,False,0.0,0.0,0.0,0.0,KronosPredictor,a7d5f37e2e9fbd9891f7d7d4f72574512dd1f704fee14223e0a8cd0fbf54197c,0b30a443affb03e05a876a083857de9164f899feb7b4d261da02c485c9a3e3b6,20260725,1.0,0.9,1
run2,OHLCV+amount,OHLCV+amount_0076,3,99.83998107910156,100.02297973632812,99.81927490234375,99.99594116210938,99.83998107910156,100.02297973632812,99.81927490234375,99.99594116210938,True,True,False,0.0,0.0,0.0,0.0,KronosPredictor,a7d5f37e2e9fbd9891f7d7d4f72574512dd1f704fee14223e0a8cd0fbf54197c,0b30a443affb03e05a876a083857de9164f899feb7b4d261da02c485c9a3e3b6,20260725,1.0,0.9,1
run2,OHLCV+amount,OHLCV+amount_0076,4,99.94092559814453,100.04332733154297,99.88798522949219,99.99492645263672,99.94092559814453,100.04332733154297,99.88798522949219,99.99492645263672,True,True,False,0.0,0.0,0.0,0.0,KronosPredictor,a7d5f37e2e9fbd9891f7d7d4f72574512dd1f704fee14223e0a8cd0fbf54197c,0b30a443affb03e05a876a083857de9164f899feb7b4d261da02c485c9a3e3b6,20260725,1.0,0.9,1
run2,OHLCV+amount,OHLCV+amount_0076,5,99.9599380493164,100.00140380859375,99.94244384765625,99.9968032836914,99.9599380493164,100.00140380859375,99.94244384765625,99.9968032836914,True,True,False,0.0,0.0,0.0,0.0,KronosPredictor,a7d5f37e2e9fbd9891f7d7d4f72574512dd1f704fee14223e0a8cd0fbf54197c,0b30a443affb03e05a876a083857de9164f899feb7b4d261da02c485c9a3e3b6,20260725,1.0,0.9,1
run2,OHLCV+amount,OHLCV+amount_0077,1,99.97706604003906,100.14049530029297,99.89984893798828,100.0151596069336,99.97706604003906,100.14049530029297,99.89984893798828,100.0151596069336,False,True,True,0.0,0.0,0.0,0.0,KronosPredictor,a7d5f37e2e9fbd9891f7d7d4f72574512dd1f704fee14223e0a8cd0fbf54197c,0b30a443affb03e05a876a083857de9164f899feb7b4d261da02c485c9a3e3b6,20260725,1.0,0.9,1
run2,OHLCV+amount,OHLCV+amount_0077,2,100.09434509277344,100.08668518066406,99.958984375,100.00898742675781,100.09434509277344,100.09434509277344,99.958984375,100.00898742675781,False,True,True,0.007659912109375,0.0,0.007659912109375,7.658751072816339e-05,KronosPredictor,a7d5f37e2e9fbd9891f7d7d4f72574512dd1f704fee14223e0a8cd0fbf54197c,0b30a443affb03e05a876a083857de9164f899feb7b4d261da02c485c9a3e3b6,20260725,1.0,0.9,1
run2,OHLCV+amount,OHLCV+amount_0077,3,100.00574493408203,100.10295104980469,99.97962951660156,100.01447296142578,100.00574493408203,100.10295104980469,99.97962951660156,100.01447296142578,False,True,True,0.0,0.0,0.0,0.0,KronosPredictor,a7d5f37e2e9fbd9891f7d7d4f72574512dd1f704fee14223e0a8cd0fbf54197c,0b30a443affb03e05a876a083857de9164f899feb7b4d261da02c485c9a3e3b6,20260725,1.0,0.9,1
run2,OHLCV+amount,OHLCV+amount_0077,4,100.03160095214844,100.11528778076172,99.9840316772461,100.0146484375,100.03160095214844,100.11528778076172,99.9840316772461,100.0146484375,False,True,True,0.0,0.0,0.0,0.0,KronosPredictor,a7d5f37e2e9fbd9891f7d7d4f72574512dd1f704fee14223e0a8cd0fbf54197c,0b30a443affb03e05a876a083857de9164f899feb7b4d261da02c485c9a3e3b6,20260725,1.0,0.9,1
run2,OHLCV+amount,OHLCV+amount_0077,5,100.1778564453125,100.16444396972656,100.05792999267578,100.01622009277344,100.1778564453125,100.1778564453125,100.01622009277344,100.01622009277344,False,True,True,0.0134124755859375,0.04170989990234375,0.05512237548828125,0.0005511402041942036,KronosPredictor,a7d5f37e2e9fbd9891f7d7d4f72574512dd1f704fee14223e0a8cd0fbf54197c,0b30a443affb03e05a876a083857de9164f899feb7b4d261da02c485c9a3e3b6,20260725,1.0,0.9,1
run2,OHLCV+amount,OHLCV+amount_0078,1,99.96295928955078,100.05876922607422,99.93640899658203,99.9900894165039,99.96295928955078,100.05876922607422,99.93640899658203,99.9900894165039,False,True,True,0.0,0.0,0.0,0.0,KronosPredictor,a7d5f37e2e9fbd9891f7d7d4f72574512dd1f704fee14223e0a8cd0fbf54197c,0b30a443affb03e05a876a083857de9164f899feb7b4d261da02c485c9a3e3b6,20260725,1.0,0.9,1
run2,OHLCV+amount,OHLCV+amount_0078,2,99.83712768554688,100.04103088378906,99.87633514404297,99.99259185791016,99.83712768554688,100.04103088378906,99.83712768554688,99.99259185791016,False,True,True,0.0,0.03920745849609375,0.03920745849609375,0.00039211344569137213,KronosPredictor,a7d5f37e2e9fbd9891f7d7d4f72574512dd1f704fee14223e0a8cd0fbf54197c,0b30a443affb03e05a876a083857de9164f899feb7b4d261da02c485c9a3e3b6,20260725,1.0,0.9,1
run2,OHLCV+amount,OHLCV+amount_0078,3,100.03522491455078,100.04885864257812,99.97138214111328,99.99126434326172,100.03522491455078,100.04885864257812,99.97138214111328,99.99126434326172,False,True,True,0.0,0.0,0.0,0.0,KronosPredictor,a7d5f37e2e9fbd9891f7d7d4f72574512dd1f704fee14223e0a8cd0fbf54197c,0b30a443affb03e05a876a083857de9164f899feb7b4d261da02c485c9a3e3b6,20260725,1.0,0.9,1
run2,OHLCV+amount,OHLCV+amount_0078,4,100.10768127441406,100.08258819580078,99.95755767822266,99.98865509033203,100.10768127441406,100.10768127441406,99.95755767822266,99.98865509033203,False,True,True,0.02509307861328125,0.0,0.02509307861328125,0.0002509556573027677,KronosPredictor,a7d5f37e2e9fbd9891f7d7d4f72574512dd1f704fee14223e0a8cd0fbf54197c,0b30a443affb03e05a876a083857de9164f899feb7b4d261da02c485c9a3e3b6,20260725,1.0,0.9,1
run2,OHLCV+amount,OHLCV+amount_0078,5,100.08297729492188,100.10890197753906,99.96561431884766,99.99288177490234,100.08297729492188,100.10890197753906,99.96561431884766,99.99288177490234,False,True,True,0.0,0.0,0.0,0.0,KronosPredictor,a7d5f37e2e9fbd9891f7d7d4f72574512dd1f704fee14223e0a8cd0fbf54197c,0b30a443affb03e05a876a083857de9164f899feb7b4d261da02c485c9a3e3b6,20260725,1.0,0.9,1
run2,OHLCV+amount,OHLCV+amount_0079,1,100.11083984375,100.09806060791016,99.92250061035156,99.99317932128906,100.11083984375,100.11083984375,99.92250061035156,99.99317932128906,False,True,True,0.01277923583984375,0.0,0.01277923583984375,0.00012780107529917277,KronosPredictor,a7d5f37e2e9fbd9891f7d7d4f72574512dd1f704fee14223e0a8cd0fbf54197c,0b30a443affb03e05a876a083857de9164f899feb7b4d261da02c485c9a3e3b6,20260725,1.0,0.9,1
run2,OHLCV+amount,OHLCV+amount_0079,2,100.11636352539062,100.10956573486328,99.93416595458984,99.99533081054688,100.11636352539062,100.11636352539062,99.93416595458984,99.99533081054688,False,True,True,0.00679779052734375,0.0,0.00679779052734375,6.798254214421669e-05,KronosPredictor,a7d5f37e2e9fbd9891f7d7d4f72574512dd1f704fee14223e0a8cd0fbf54197c,0b30a443affb03e05a876a083857de9164f899feb7b4d261da02c485c9a3e3b6,20260725,1.0,0.9,1
run2,OHLCV+amount,OHLCV+amount_0079,3,99.95767211914062,99.9865493774414,99.95221710205078,99.9937515258789,99.95767211914062,99.9937515258789,99.95221710205078,99.9937515258789,False,True,True,0.0072021484375,0.0,0.0072021484375,7.20263970641308e-05,KronosPredictor,a7d5f37e2e9fbd9891f7d7d4f72574512dd1f704fee14223e0a8cd0fbf54197c,0b30a443affb03e05a876a083857de9164f899feb7b4d261da02c485c9a3e3b6,20260725,1.0,0.9,1
run2,OHLCV+amount,OHLCV+amount_0079,4,100.00231170654297,100.02508544921875,99.97396850585938,99.99530792236328,100.00231170654297,100.02508544921875,99.97396850585938,99.99530792236328,False,True,True,0.0,0.0,0.0,0.0,KronosPredictor,a7d5f37e2e9fbd9891f7d7d4f72574512dd1f704fee14223e0a8cd0fbf54197c,0b30a443affb03e05a876a083857de9164f899feb7b4d261da02c485c9a3e3b6,20260725,1.0,0.9,1
run2,OHLCV+amount,OHLCV+amount_0079,5,100.04556274414062,100.06330108642578,99.96929931640625,99.99463653564453,100.04556274414062,100.06330108642578,99.96929931640625,99.99463653564453,False,True,True,0.0,0.0,0.0,0.0,KronosPredictor,a7d5f37e2e9fbd9891f7d7d4f72574512dd1f704fee14223e0a8cd0fbf54197c,0b30a443affb03e05a876a083857de9164f899feb7b4d261da02c485c9a3e3b6,20260725,1.0,0.9,1
run2,OHLCV+amount,OHLCV+amount_0080,1,100.15450286865234,100.1755599975586,99.94499969482422,100.00205993652344,100.15450286865234,100.1755599975586,99.94499969482422,100.00205993652344,False,True,True,0.0,0.0,0.0,0.0,KronosPredictor,a7d5f37e2e9fbd9891f7d7d4f72574512dd1f704fee14223e0a8cd0fbf54197c,0b30a443affb03e05a876a083857de9164f899feb7b4d261da02c485c9a3e3b6,20260725,1.0,0.9,1
run2,OHLCV+amount,OHLCV+amount_0080,2,99.94659423828125,100.08455657958984,99.95719909667969,100.01078796386719,99.94659423828125,100.08455657958984,99.94659423828125,100.01078796386719,False,True,True,0.0,0.0106048583984375,0.0106048583984375,0.00010604639949586,KronosPredictor,a7d5f37e2e9fbd9891f7d7d4f72574512dd1f704fee14223e0a8cd0fbf54197c,0b30a443affb03e05a876a083857de9164f899feb7b4d261da02c485c9a3e3b6,20260725,1.0,0.9,1
run2,OHLCV+amount,OHLCV+amount_0080,3,100.05620574951172,100.0530776977539,99.97415924072266,100.00245666503906,100.05620574951172,100.05620574951172,99.97415924072266,100.00245666503906,False,True,True,0.0031280517578125,0.0,0.0031280517578125,3.1279873232591796e-05,KronosPredictor,a7d5f37e2e9fbd9891f7d7d4f72574512dd1f704fee14223e0a8cd0fbf54197c,0b30a443affb03e05a876a083857de9164f899feb7b4d261da02c485c9a3e3b6,20260725,1.0,0.9,1
run2,OHLCV+amount,OHLCV+amount_0080,4,100.07115173339844,100.07373809814453,99.97747802734375,100.00143432617188,100.07115173339844,100.07373809814453,99.97747802734375,100.00143432617188,False,True,True,0.0,0.0,0.0,0.0,KronosPredictor,a7d5f37e2e9fbd9891f7d7d4f72574512dd1f704fee14223e0a8cd0fbf54197c,0b30a443affb03e05a876a083857de9164f899feb7b4d261da02c485c9a3e3b6,20260725,1.0,0.9,1
run2,OHLCV+amount,OHLCV+amount_0080,5,100.02265167236328,100.03942108154297,99.9617691040039,99.99964904785156,100.02265167236328,100.03942108154297,99.9617691040039,99.99964904785156,False,True,True,0.0,0.0,0.0,0.0,KronosPredictor,a7d5f37e2e9fbd9891f7d7d4f72574512dd1f704fee14223e0a8cd0fbf54197c,0b30a443affb03e05a876a083857de9164f899feb7b4d261da02c485c9a3e3b6,20260725,1.0,0.9,1
run2,OHLCV+amount,OHLCV+amount_0081,1,99.8086166381836,100.08113098144531,99.856201171875,100.00508880615234,99.8086166381836,100.08113098144531,99.8086166381836,100.00508880615234,False,True,True,0.0,0.04758453369140625,0.04758453369140625,0.0004758211232994659,KronosPredictor,a7d5f37e2e9fbd9891f7d7d4f72574512dd1f704fee14223e0a8cd0fbf54197c,0b30a443affb03e05a876a083857de9164f899feb7b4d261da02c485c9a3e3b6,20260725,1.0,0.9,1
run2,OHLCV+amount,OHLCV+amount_0081,2,99.96763610839844,100.00956726074219,99.93206024169922,100.00215911865234,99.96763610839844,100.00956726074219,99.93206024169922,100.00215911865234,False,True,True,0.0,0.0,0.0,0.0,KronosPredictor,a7d5f37e2e9fbd9891f7d7d4f72574512dd1f704fee14223e0a8cd0fbf54197c,0b30a443affb03e05a876a083857de9164f899feb7b4d261da02c485c9a3e3b6,20260725,1.0,0.9,1
run2,OHLCV+amount,OHLCV+amount_0081,3,100.06505584716797,100.03365325927734,99.96089172363281,100.0022201538086,100.06505584716797,100.06505584716797,99.96089172363281,100.0022201538086,False,True,True,0.031402587890625,0.0,0.031402587890625,0.0003140098995511627,KronosPredictor,a7d5f37e2e9fbd9891f7d7d4f72574512dd1f704fee14223e0a8cd0fbf54197c,0b30a443affb03e05a876a083857de9164f899feb7b4d261da02c485c9a3e3b6,20260725,1.0,0.9,1
run2,OHLCV+amount,OHLCV+amount_0081,4,99.97394561767578,100.02611541748047,99.94821166992188,100.00289154052734,99.97394561767578,100.02611541748047,99.94821166992188,100.00289154052734,False,True,True,0.0,0.0,0.0,0.0,KronosPredictor,a7d5f37e2e9fbd9891f7d7d4f72574512dd1f704fee14223e0a8cd0fbf54197c,0b30a443affb03e05a876a083857de9164f899feb7b4d261da02c485c9a3e3b6,20260725,1.0,0.9,1
run2,OHLCV+amount,OHLCV+amount_0081,5,99.85295104980469,100.0396499633789,99.88575744628906,100.00408935546875,99.85295104980469,100.0396499633789,99.85295104980469,100.00408935546875,False,True,True,0.0,0.032806396484375,0.032806396484375,0.0003280472711540329,KronosPredictor,a7d5f37e2e9fbd9891f7d7d4f72574512dd1f704fee14223e0a8cd0fbf54197c,0b30a443affb03e05a876a083857de9164f899feb7b4d261da02c485c9a3e3b6,20260725,1.0,0.9,1
run2,OHLCV+amount,OHLCV+amount_0082,1,100.04304504394531,100.04120635986328,99.92378997802734,99.99005889892578,100.04304504394531,100.04304504394531,99.92378997802734,99.99005889892578,False,True,True,0.00183868408203125,0.0,0.00183868408203125,1.8388668856469726e-05,KronosPredictor,a7d5f37e2e9fbd9891f7d7d4f72574512dd1f704fee14223e0a8cd0fbf54197c,0b30a443affb03e05a876a083857de9164f899feb7b4d261da02c485c9a3e3b6,20260725,1.0,0.9,1
run2,OHLCV+amount,OHLCV+amount_0082,2,99.94712829589844,100.00626373291016,99.94569396972656,99.99390411376953,99.94712829589844,100.00626373291016,99.94569396972656,99.99390411376953,False,True,True,0.0,0.0,0.0,0.0,KronosPredictor,a7d5f37e2e9fbd9891f7d7d4f72574512dd1f704fee14223e0a8cd0fbf54197c,0b30a443affb03e05a876a083857de9164f899feb7b4d261da02c485c9a3e3b6,20260725,1.0,0.9,1
run2,OHLCV+amount,OHLCV+amount_0082,3,99.95237731933594,100.0014419555664,99.93605041503906,99.99286651611328,99.95237731933594,100.0014419555664,99.93605041503906,99.99286651611328,False,True,True,0.0,0.0,0.0,0.0,KronosPredictor,a7d5f37e2e9fbd9891f7d7d4f72574512dd1f704fee14223e0a8cd0fbf54197c,0b30a443affb03e05a876a083857de9164f899feb7b4d261da02c485c9a3e3b6,20260725,1.0,0.9,1
run2,OHLCV+amount,OHLCV+amount_0082,4,99.95405578613281,100.0039291381836,99.92530059814453,99.99220275878906,99.95405578613281,100.0039291381836,99.92530059814453,99.99220275878906,False,True,True,0.0,0.0,0.0,0.0,KronosPredictor,a7d5f37e2e9fbd9891f7d7d4f72574512dd1f704fee14223e0a8cd0fbf54197c,0b30a443affb03e05a876a083857de9164f899feb7b4d261da02c485c9a3e3b6,20260725,1.0,0.9,1
run2,OHLCV+amount,OHLCV+amount_0082,5,99.88253021240234,100.00850677490234,99.90743255615234,99.99540710449219,99.88253021240234,100.00850677490234,99.88253021240234,99.99540710449219,False,True,True,0.0,0.02490234375,0.02490234375,0.00024904819563285137,KronosPredictor,a7d5f37e2e9fbd9891f7d7d4f72574512dd1f704fee14223e0a8cd0fbf54197c,0b30a443affb03e05a876a083857de9164f899feb7b4d261da02c485c9a3e3b6,20260725,1.0,0.9,1
run2,OHLCV+amount,OHLCV+amount_0083,1,99.93595123291016,100.00725555419922,99.91802215576172,100.00000762939453,99.93595123291016,100.00725555419922,99.91802215576172,100.00000762939453,False,True,True,0.0,0.0,0.0,0.0,KronosPredictor,a7d5f37e2e9fbd9891f7d7d4f72574512dd1f704fee14223e0a8cd0fbf54197c,0b30a443affb03e05a876a083857de9164f899feb7b4d261da02c485c9a3e3b6,20260725,1.0,0.9,1
run2,OHLCV+amount,OHLCV+amount_0083,2,99.94869232177734,100.07292938232422,99.92157745361328,100.00505065917969,99.94869232177734,100.07292938232422,99.92157745361328,100.00505065917969,False,True,True,0.0,0.0,0.0,0.0,KronosPredictor,a7d5f37e2e9fbd9891f7d7d4f72574512dd1f704fee14223e0a8cd0fbf54197c,0b30a443affb03e05a876a083857de9164f899feb7b4d261da02c485c9a3e3b6,20260725,1.0,0.9,1
run2,OHLCV+amount,OHLCV+amount_0083,3,99.97772216796875,100.00727081298828,99.92371368408203,100.00028228759766,99.97772216796875,100.00727081298828,99.92371368408203,100.00028228759766,False,True,True,0.0,0.0,0.0,0.0,KronosPredictor,a7d5f37e2e9fbd9891f7d7d4f72574512dd1f704fee14223e0a8cd0fbf54197c,0b30a443affb03e05a876a083857de9164f899feb7b4d261da02c485c9a3e3b6,20260725,1.0,0.9,1
run2,OHLCV+amount,OHLCV+amount_0083,4,100.0771713256836,100.08844757080078,99.91275787353516,99.99957275390625,100.0771713256836,100.08844757080078,99.91275787353516,99.99957275390625,False,True,True,0.0,0.0,0.0,0.0,KronosPredictor,a7d5f37e2e9fbd9891f7d7d4f72574512dd1f704fee14223e0a8cd0fbf54197c,0b30a443affb03e05a876a083857de9164f899feb7b4d261da02c485c9a3e3b6,20260725,1.0,0.9,1
run2,OHLCV+amount,OHLCV+amount_0083,5,100.0490493774414,100.03190612792969,99.9541015625,100.00079345703125,100.0490493774414,100.0490493774414,99.9541015625,100.00079345703125,False,True,True,0.01714324951171875,0.0,0.01714324951171875,0.00017143248203792708,KronosPredictor,a7d5f37e2e9fbd9891f7d7d4f72574512dd1f704fee14223e0a8cd0fbf54197c,0b30a443affb03e05a876a083857de9164f899feb7b4d261da02c485c9a3e3b6,20260725,1.0,0.9,1
run2,OHLCV+amount,OHLCV+amount_0084,1,99.95905303955078,100.03555297851562,99.89073181152344,100.01130676269531,99.95905303955078,100.03555297851562,99.89073181152344,100.01130676269531,False,True,True,0.0,0.0,0.0,0.0,KronosPredictor,a7d5f37e2e9fbd9891f7d7d4f72574512dd1f704fee14223e0a8cd0fbf54197c,0b30a443affb03e05a876a083857de9164f899feb7b4d261da02c485c9a3e3b6,20260725,1.0,0.9,1
run2,OHLCV+amount,OHLCV+amount_0084,2,99.90706634521484,100.00983428955078,99.88288879394531,100.00704956054688,99.90706634521484,100.00983428955078,99.88288879394531,100.00704956054688,False,True,True,0.0,0.0,0.0,0.0,KronosPredictor,a7d5f37e2e9fbd9891f7d7d4f72574512dd1f704fee14223e0a8cd0fbf54197c,0b30a443affb03e05a876a083857de9164f899feb7b4d261da02c485c9a3e3b6,20260725,1.0,0.9,1
run2,OHLCV+amount,OHLCV+amount_0084,3,99.89212036132812,100.0464096069336,99.90367126464844,100.02011108398438,99.89212036132812,100.0464096069336,99.89212036132812,100.02011108398438,False,True,True,0.0,0.0115509033203125,0.0115509033203125,0.0001154959743473829,KronosPredictor,a7d5f37e2e9fbd9891f7d7d4f72574512dd1f704fee14223e0a8cd0fbf54197c,0b30a443affb03e05a876a083857de9164f899feb7b4d261da02c485c9a3e3b6,20260725,1.0,0.9,1
run2,OHLCV+amount,OHLCV+amount_0084,4,99.87976837158203,100.01264190673828,99.93109130859375,100.0184097290039,99.87976837158203,100.0184097290039,99.87976837158203,100.0184097290039,False,True,True,0.005767822265625,0.05132293701171875,0.05709075927734375,0.0005708430489045352,KronosPredictor,a7d5f37e2e9fbd9891f7d7d4f72574512dd1f704fee14223e0a8cd0fbf54197c,0b30a443affb03e05a876a083857de9164f899feb7b4d261da02c485c9a3e3b6,20260725,1.0,0.9,1
run2,OHLCV+amount,OHLCV+amount_0084,5,100.05130767822266,100.0406723022461,99.96946716308594,100.01399993896484,100.05130767822266,100.05130767822266,99.96946716308594,100.01399993896484,False,True,True,0.0106353759765625,0.0,0.0106353759765625,0.00010634173595789416,KronosPredictor,a7d5f37e2e9fbd9891f7d7d4f72574512dd1f704fee14223e0a8cd0fbf54197c,0b30a443affb03e05a876a083857de9164f899feb7b4d261da02c485c9a3e3b6,20260725,1.0,0.9,1
run2,OHLCV+amount,OHLCV+amount_0085,1,100.07549285888672,100.0332260131836,99.94425201416016,99.98666381835938,100.07549285888672,100.07549285888672,99.94425201416016,99.98666381835938,False,True,True,0.042266845703125,0.0,0.042266845703125,0.0004227248323827366,KronosPredictor,a7d5f37e2e9fbd9891f7d7d4f72574512dd1f704fee14223e0a8cd0fbf54197c,0b30a443affb03e05a876a083857de9164f899feb7b4d261da02c485c9a3e3b6,20260725,1.0,0.9,1
run2,OHLCV+amount,OHLCV+amount_0085,2,99.93038177490234,100.01753997802734,99.9157943725586,99.98655700683594,99.93038177490234,100.01753997802734,99.9157943725586,99.98655700683594,False,True,True,0.0,0.0,0.0,0.0,KronosPredictor,a7d5f37e2e9fbd9891f7d7d4f72574512dd1f704fee14223e0a8cd0fbf54197c,0b30a443affb03e05a876a083857de9164f899feb7b4d261da02c485c9a3e3b6,20260725,1.0,0.9,1
run2,OHLCV+amount,OHLCV+amount_0085,3,99.86721801757812,100.02263641357422,99.88674926757812,99.9899673461914,99.86721801757812,100.02263641357422,99.86721801757812,99.9899673461914,False,True,True,0.0,0.01953125,0.01953125,0.00019533855070393604,KronosPredictor,a7d5f37e2e9fbd9891f7d7d4f72574512dd1f704fee14223e0a8cd0fbf54197c,0b30a443affb03e05a876a083857de9164f899feb7b4d261da02c485c9a3e3b6,20260725,1.0,0.9,1
run2,OHLCV+amount,OHLCV+amount_0085,4,99.93560791015625,100.01400756835938,99.911865234375,99.98860931396484,99.93560791015625,100.01400756835938,99.911865234375,99.98860931396484,False,True,True,0.0,0.0,0.0,0.0,KronosPredictor,a7d5f37e2e9fbd9891f7d7d4f72574512dd1f704fee14223e0a8cd0fbf54197c,0b30a443affb03e05a876a083857de9164f899feb7b4d261da02c485c9a3e3b6,20260725,1.0,0.9,1
run2,OHLCV+amount,OHLCV+amount_0085,5,99.92656707763672,99.98326110839844,99.94148254394531,99.98793029785156,99.92656707763672,99.98793029785156,99.92656707763672,99.98793029785156,False,True,True,0.004669189453125,0.01491546630859375,0.01958465576171875,0.00019587267955351712,KronosPredictor,a7d5f37e2e9fbd9891f7d7d4f72574512dd1f704fee14223e0a8cd0fbf54197c,0b30a443affb03e05a876a083857de9164f899feb7b4d261da02c485c9a3e3b6,20260725,1.0,0.9,1
run2,OHLCV+amount,OHLCV+amount_0086,1,100.05303955078125,100.08020782470703,99.96858215332031,100.01598358154297,100.05303955078125,100.08020782470703,99.96858215332031,100.01598358154297,False,True,True,0.0,0.0,0.0,0.0,KronosPredictor,a7d5f37e2e9fbd9891f7d7d4f72574512dd1f704fee14223e0a8cd0fbf54197c,0b30a443affb03e05a876a083857de9164f899feb7b4d261da02c485c9a3e3b6,20260725,1.0,0.9,1
run2,OHLCV+amount,OHLCV+amount_0086,2,100.19338989257812,100.10116577148438,99.9944076538086,100.0154800415039,100.19338989257812,100.19338989257812,99.9944076538086,100.0154800415039,False,True,True,0.09222412109375,0.0,0.09222412109375,0.0009220938273187078,KronosPredictor,a7d5f37e2e9fbd9891f7d7d4f72574512dd1f704fee14223e0a8cd0fbf54197c,0b30a443affb03e05a876a083857de9164f899feb7b4d261da02c485c9a3e3b6,20260725,1.0,0.9,1
run2,OHLCV+amount,OHLCV+amount_0086,3,100.08795166015625,100.08985137939453,100.02515411376953,100.02450561523438,100.08795166015625,100.08985137939453,100.02450561523438,100.02450561523438,False,True,True,0.0,0.00064849853515625,0.00064849853515625,6.483948984289392e-06,KronosPredictor,a7d5f37e2e9fbd9891f7d7d4f72574512dd1f704fee14223e0a8cd0fbf54197c,0b30a443affb03e05a876a083857de9164f899feb7b4d261da02c485c9a3e3b6,20260725,1.0,0.9,1
run2,OHLCV+amount,OHLCV+amount_0086,4,100.06128692626953,100.0907974243164,99.9695053100586,100.01692199707031,100.06128692626953,100.0907974243164,99.9695053100586,100.01692199707031,False,True,True,0.0,0.0,0.0,0.0,KronosPredictor,a7d5f37e2e9fbd9891f7d7d4f72574512dd1f704fee14223e0a8cd0fbf54197c,0b30a443affb03e05a876a083857de9164f899feb7b4d261da02c485c9a3e3b6,20260725,1.0,0.9,1
run2,OHLCV+amount,OHLCV+amount_0086,5,99.96453094482422,100.08267211914062,99.95951843261719,100.02684020996094,99.96453094482422,100.08267211914062,99.95951843261719,100.02684020996094,False,True,True,0.0,0.0,0.0,0.0,KronosPredictor,a7d5f37e2e9fbd9891f7d7d4f72574512dd1f704fee14223e0a8cd0fbf54197c,0b30a443affb03e05a876a083857de9164f899feb7b4d261da02c485c9a3e3b6,20260725,1.0,0.9,1
run2,OHLCV+amount,OHLCV+amount_0087,1,100.11244201660156,100.08783721923828,99.98138427734375,100.00128936767578,100.11244201660156,100.11244201660156,99.98138427734375,100.00128936767578,False,True,True,0.02460479736328125,0.0,0.02460479736328125,0.0002460448012106777,KronosPredictor,a7d5f37e2e9fbd9891f7d7d4f72574512dd1f704fee14223e0a8cd0fbf54197c,0b30a443affb03e05a876a083857de9164f899feb7b4d261da02c485c9a3e3b6,20260725,1.0,0.9,1
run2,OHLCV+amount,OHLCV+amount_0087,2,100.18204498291016,100.10713958740234,99.98570251464844,100.00189971923828,100.18204498291016,100.18204498291016,99.98570251464844,100.00189971923828,False,True,True,0.0749053955078125,0.0,0.0749053955078125,0.0007490442971430804,KronosPredictor,a7d5f37e2e9fbd9891f7d7d4f72574512dd1f704fee14223e0a8cd0fbf54197c,0b30a443affb03e05a876a083857de9164f899feb7b4d261da02c485c9a3e3b6,20260725,1.0,0.9,1
run2,OHLCV+amount,OHLCV+amount_0087,3,100.04385375976562,100.05001831054688,99.96163940429688,100.00028991699219,100.04385375976562,100.05001831054688,99.96163940429688,100.00028991699219,False,True,True,0.0,0.0,0.0,0.0,KronosPredictor,a7d5f37e2e9fbd9891f7d7d4f72574512dd1f704fee14223e0a8cd0fbf54197c,0b30a443affb03e05a876a083857de9164f899feb7b4d261da02c485c9a3e3b6,20260725,1.0,0.9,1
run2,OHLCV+amount,OHLCV+amount_0087,4,100.15086364746094,100.09673309326172,99.94361877441406,99.99972534179688,100.15086364746094,100.15086364746094,99.94361877441406,99.99972534179688,False,True,True,0.05413055419921875,0.0,0.05413055419921875,0.0005412985626634911,KronosPredictor,a7d5f37e2e9fbd9891f7d7d4f72574512dd1f704fee14223e0a8cd0fbf54197c,0b30a443affb03e05a876a083857de9164f899feb7b4d261da02c485c9a3e3b6,20260725,1.0,0.9,1
run2,OHLCV+amount,OHLCV+amount_0087,5,100.16080474853516,100.06867980957031,100.00680541992188,100.00092315673828,100.16080474853516,100.16080474853516,100.00092315673828,100.00092315673828,False,True,True,0.09212493896484375,0.00588226318359375,0.0980072021484375,0.0009800593849154625,KronosPredictor,a7d5f37e2e9fbd9891f7d7d4f72574512dd1f704fee14223e0a8cd0fbf54197c,0b30a443affb03e05a876a083857de9164f899feb7b4d261da02c485c9a3e3b6,20260725,1.0,0.9,1
run2,OHLCV+amount,OHLCV+amount_0088,1,100.0673599243164,100.11409759521484,99.92457580566406,99.99535369873047,100.0673599243164,100.11409759521484,99.92457580566406,99.99535369873047,False,True,True,0.0,0.0,0.0,0.0,KronosPredictor,a7d5f37e2e9fbd9891f7d7d4f72574512dd1f704fee14223e0a8cd0fbf54197c,0b30a443affb03e05a876a083857de9164f899feb7b4d261da02c485c9a3e3b6,20260725,1.0,0.9,1
run2,OHLCV+amount,OHLCV+amount_0088,2,99.97422790527344,100.03607940673828,99.95040893554688,99.99742126464844,99.97422790527344,100.03607940673828,99.95040893554688,99.99742126464844,False,True,True,0.0,0.0,0.0,0.0,KronosPredictor,a7d5f37e2e9fbd9891f7d7d4f72574512dd1f704fee14223e0a8cd0fbf54197c,0b30a443affb03e05a876a083857de9164f899feb7b4d261da02c485c9a3e3b6,20260725,1.0,0.9,1
run2,OHLCV+amount,OHLCV+amount_0088,3,99.93096923828125,99.98626708984375,99.92850494384766,99.99336242675781,99.93096923828125,99.99336242675781,99.92850494384766,99.99336242675781,False,True,True,0.0070953369140625,0.0,0.0070953369140625,7.095666600109823e-05,KronosPredictor,a7d5f37e2e9fbd9891f7d7d4f72574512dd1f704fee14223e0a8cd0fbf54197c,0b30a443affb03e05a876a083857de9164f899feb7b4d261da02c485c9a3e3b6,20260725,1.0,0.9,1
run2,OHLCV+amount,OHLCV+amount_0088,4,100.04248046875,100.02729797363281,99.96742248535156,99.99578857421875,100.04248046875,100.04248046875,99.96742248535156,99.99578857421875,False,True,True,0.0151824951171875,0.0,0.0151824951171875,0.00015183200574428546,KronosPredictor,a7d5f37e2e9fbd9891f7d7d4f72574512dd1f704fee14223e0a8cd0fbf54197c,0b30a443affb03e05a876a083857de9164f899feb7b4d261da02c485c9a3e3b6,20260725,1.0,0.9,1
run2,OHLCV+amount,OHLCV+amount_0088,5,99.98971557617188,100.02782440185547,99.94810485839844,99.99440002441406,99.98971557617188,100.02782440185547,99.94810485839844,99.99440002441406,False,True,True,0.0,0.0,0.0,0.0,KronosPredictor,a7d5f37e2e9fbd9891f7d7d4f72574512dd1f704fee14223e0a8cd0fbf54197c,0b30a443affb03e05a876a083857de9164f899feb7b4d261da02c485c9a3e3b6,20260725,1.0,0.9,1
run2,OHLCV+amount,OHLCV+amount_0089,1,99.9531021118164,99.99871826171875,99.94088745117188,99.99422454833984,99.9531021118164,99.99871826171875,99.94088745117188,99.99422454833984,True,True,False,0.0,0.0,0.0,0.0,KronosPredictor,a7d5f37e2e9fbd9891f7d7d4f72574512dd1f704fee14223e0a8cd0fbf54197c,0b30a443affb03e05a876a083857de9164f899feb7b4d261da02c485c9a3e3b6,20260725,1.0,0.9,1
run2,OHLCV+amount,OHLCV+amount_0089,2,99.9751968383789,100.00330352783203,99.9375228881836,99.99299621582031,99.9751968383789,100.00330352783203,99.9375228881836,99.99299621582031,True,True,False,0.0,0.0,0.0,0.0,KronosPredictor,a7d5f37e2e9fbd9891f7d7d4f72574512dd1f704fee14223e0a8cd0fbf54197c,0b30a443affb03e05a876a083857de9164f899feb7b4d261da02c485c9a3e3b6,20260725,1.0,0.9,1
run2,OHLCV+amount,OHLCV+amount_0089,3,99.99958038330078,100.03067016601562,99.96019744873047,99.99552154541016,99.99958038330078,100.03067016601562,99.96019744873047,99.99552154541016,True,True,False,0.0,0.0,0.0,0.0,KronosPredictor,a7d5f37e2e9fbd9891f7d7d4f72574512dd1f704fee14223e0a8cd0fbf54197c,0b30a443affb03e05a876a083857de9164f899feb7b4d261da02c485c9a3e3b6,20260725,1.0,0.9,1
run2,OHLCV+amount,OHLCV+amount_0089,4,99.99530029296875,100.04293823242188,99.9522705078125,99.99566650390625,99.99530029296875,100.04293823242188,99.9522705078125,99.99566650390625,True,True,False,0.0,0.0,0.0,0.0,KronosPredictor,a7d5f37e2e9fbd9891f7d7d4f72574512dd1f704fee14223e0a8cd0fbf54197c,0b30a443affb03e05a876a083857de9164f899feb7b4d261da02c485c9a3e3b6,20260725,1.0,0.9,1
run2,OHLCV+amount,OHLCV+amount_0089,5,100.02716064453125,100.11356353759766,99.96353149414062,99.99777221679688,100.02716064453125,100.11356353759766,99.96353149414062,99.99777221679688,True,True,False,0.0,0.0,0.0,0.0,KronosPredictor,a7d5f37e2e9fbd9891f7d7d4f72574512dd1f704fee14223e0a8cd0fbf54197c,0b30a443affb03e05a876a083857de9164f899feb7b4d261da02c485c9a3e3b6,20260725,1.0,0.9,1
run2,OHLCV+amount,OHLCV+amount_0090,1,100.0567626953125,100.09394836425781,99.99154663085938,100.00540924072266,100.0567626953125,100.09394836425781,99.99154663085938,100.00540924072266,False,True,True,0.0,0.0,0.0,0.0,KronosPredictor,a7d5f37e2e9fbd9891f7d7d4f72574512dd1f704fee14223e0a8cd0fbf54197c,0b30a443affb03e05a876a083857de9164f899feb7b4d261da02c485c9a3e3b6,20260725,1.0,0.9,1
run2,OHLCV+amount,OHLCV+amount_0090,2,100.09129333496094,100.08918762207031,100.01414489746094,100.00462341308594,100.09129333496094,100.09129333496094,100.00462341308594,100.00462341308594,False,True,True,0.002105712890625,0.009521484375,0.011627197265625,0.0001162656835655481,KronosPredictor,a7d5f37e2e9fbd9891f7d7d4f72574512dd1f704fee14223e0a8cd0fbf54197c,0b30a443affb03e05a876a083857de9164f899feb7b4d261da02c485c9a3e3b6,20260725,1.0,0.9,1
run2,OHLCV+amount,OHLCV+amount_0090,3,100.09857177734375,100.1017837524414,100.00296783447266,100.0044937133789,100.09857177734375,100.1017837524414,100.00296783447266,100.0044937133789,False,True,True,0.0,0.0,0.0,0.0,KronosPredictor,a7d5f37e2e9fbd9891f7d7d4f72574512dd1f704fee14223e0a8cd0fbf54197c,0b30a443affb03e05a876a083857de9164f899feb7b4d261da02c485c9a3e3b6,20260725,1.0,0.9,1
run2,OHLCV+amount,OHLCV+amount_0090,4,99.84517669677734,100.08084869384766,99.90840148925781,100.00495910644531,99.84517669677734,100.08084869384766,99.84517669677734,100.00495910644531,False,True,True,0.0,0.06322479248046875,0.06322479248046875,0.0006322137268423209,KronosPredictor,a7d5f37e2e9fbd9891f7d7d4f72574512dd1f704fee14223e0a8cd0fbf54197c,0b30a443affb03e05a876a083857de9164f899feb7b4d261da02c485c9a3e3b6,20260725,1.0,0.9,1
run2,OHLCV+amount,OHLCV+amount_0090,5,100.03425598144531,100.09405517578125,99.9470443725586,100.00337219238281,100.03425598144531,100.09405517578125,99.9470443725586,100.00337219238281,False,True,True,0.0,0.0,0.0,0.0,KronosPredictor,a7d5f37e2e9fbd9891f7d7d4f72574512dd1f704fee14223e0a8cd0fbf54197c,0b30a443affb03e05a876a083857de9164f899feb7b4d261da02c485c9a3e3b6,20260725,1.0,0.9,1
run2,OHLCV+amount,OHLCV+amount_0091,1,100.0029296875,100.01409149169922,99.9391860961914,99.9973373413086,100.0029296875,100.01409149169922,99.9391860961914,99.9973373413086,False,True,True,0.0,0.0,0.0,0.0,KronosPredictor,a7d5f37e2e9fbd9891f7d7d4f72574512dd1f704fee14223e0a8cd0fbf54197c,0b30a443affb03e05a876a083857de9164f899feb7b4d261da02c485c9a3e3b6,20260725,1.0,0.9,1
run2,OHLCV+amount,OHLCV+amount_0091,2,100.00843048095703,100.0289535522461,99.94094848632812,99.99899291992188,100.00843048095703,100.0289535522461,99.94094848632812,99.99899291992188,False,True,True,0.0,0.0,0.0,0.0,KronosPredictor,a7d5f37e2e9fbd9891f7d7d4f72574512dd1f704fee14223e0a8cd0fbf54197c,0b30a443affb03e05a876a083857de9164f899feb7b4d261da02c485c9a3e3b6,20260725,1.0,0.9,1
run2,OHLCV+amount,OHLCV+amount_0091,3,100.04712677001953,100.03082275390625,99.94570922851562,99.99639129638672,100.04712677001953,100.04712677001953,99.94570922851562,99.99639129638672,False,True,True,0.01630401611328125,0.0,0.01630401611328125,0.0001630445024514279,KronosPredictor,a7d5f37e2e9fbd9891f7d7d4f72574512dd1f704fee14223e0a8cd0fbf54197c,0b30a443affb03e05a876a083857de9164f899feb7b4d261da02c485c9a3e3b6,20260725,1.0,0.9,1
run2,OHLCV+amount,OHLCV+amount_0091,4,99.92988586425781,100.02232360839844,99.9417724609375,100.00109100341797,99.92988586425781,100.02232360839844,99.92988586425781,100.00109100341797,False,True,True,0.0,0.0118865966796875,0.0118865966796875,0.0001188691318761463,KronosPredictor,a7d5f37e2e9fbd9891f7d7d4f72574512dd1f704fee14223e0a8cd0fbf54197c,0b30a443affb03e05a876a083857de9164f899feb7b4d261da02c485c9a3e3b6,20260725,1.0,0.9,1
run2,OHLCV+amount,OHLCV+amount_0091,5,99.94586181640625,100.02751922607422,99.92033386230469,100.00065612792969,99.94586181640625,100.02751922607422,99.92033386230469,100.00065612792969,False,True,True,0.0,0.0,0.0,0.0,KronosPredictor,a7d5f37e2e9fbd9891f7d7d4f72574512dd1f704fee14223e0a8cd0fbf54197c,0b30a443affb03e05a876a083857de9164f899feb7b4d261da02c485c9a3e3b6,20260725,1.0,0.9,1
run2,OHLCV+amount,OHLCV+amount_0092,1,100.08000946044922,100.09513092041016,99.91096496582031,99.99722290039062,100.08000946044922,100.09513092041016,99.91096496582031,99.99722290039062,True,True,False,0.0,0.0,0.0,0.0,KronosPredictor,a7d5f37e2e9fbd9891f7d7d4f72574512dd1f704fee14223e0a8cd0fbf54197c,0b30a443affb03e05a876a083857de9164f899feb7b4d261da02c485c9a3e3b6,20260725,1.0,0.9,1
run2,OHLCV+amount,OHLCV+amount_0092,2,99.98126220703125,100.02507019042969,99.96531677246094,100.0037612915039,99.98126220703125,100.02507019042969,99.96531677246094,100.0037612915039,True,True,False,0.0,0.0,0.0,0.0,KronosPredictor,a7d5f37e2e9fbd9891f7d7d4f72574512dd1f704fee14223e0a8cd0fbf54197c,0b30a443affb03e05a876a083857de9164f899feb7b4d261da02c485c9a3e3b6,20260725,1.0,0.9,1
run2,OHLCV+amount,OHLCV+amount_0092,3,100.03801727294922,100.05855560302734,99.93925476074219,100.00157928466797,100.03801727294922,100.05855560302734,99.93925476074219,100.00157928466797,True,True,False,0.0,0.0,0.0,0.0,KronosPredictor,a7d5f37e2e9fbd9891f7d7d4f72574512dd1f704fee14223e0a8cd0fbf54197c,0b30a443affb03e05a876a083857de9164f899feb7b4d261da02c485c9a3e3b6,20260725,1.0,0.9,1
run2,OHLCV+amount,OHLCV+amount_0092,4,99.98738098144531,100.02196502685547,99.96271514892578,100.00257873535156,99.98738098144531,100.02196502685547,99.96271514892578,100.00257873535156,True,True,False,0.0,0.0,0.0,0.0,KronosPredictor,a7d5f37e2e9fbd9891f7d7d4f72574512dd1f704fee14223e0a8cd0fbf54197c,0b30a443affb03e05a876a083857de9164f899feb7b4d261da02c485c9a3e3b6,20260725,1.0,0.9,1
run2,OHLCV+amount,OHLCV+amount_0092,5,100.00450134277344,100.05078125,99.97068786621094,100.00586700439453,100.00450134277344,100.05078125,99.97068786621094,100.00586700439453,True,True,False,0.0,0.0,0.0,0.0,KronosPredictor,a7d5f37e2e9fbd9891f7d7d4f72574512dd1f704fee14223e0a8cd0fbf54197c,0b30a443affb03e05a876a083857de9164f899feb7b4d261da02c485c9a3e3b6,20260725,1.0,0.9,1
run2,OHLCV+amount,OHLCV+amount_0093,1,99.99970245361328,100.02947998046875,99.97734069824219,99.9911117553711,99.99970245361328,100.02947998046875,99.97734069824219,99.9911117553711,False,True,True,0.0,0.0,0.0,0.0,KronosPredictor,a7d5f37e2e9fbd9891f7d7d4f72574512dd1f704fee14223e0a8cd0fbf54197c,0b30a443affb03e05a876a083857de9164f899feb7b4d261da02c485c9a3e3b6,20260725,1.0,0.9,1
run2,OHLCV+amount,OHLCV+amount_0093,2,99.93550872802734,99.98970794677734,99.91889953613281,99.98565673828125,99.93550872802734,99.98970794677734,99.91889953613281,99.98565673828125,False,True,True,0.0,0.0,0.0,0.0,KronosPredictor,a7d5f37e2e9fbd9891f7d7d4f72574512dd1f704fee14223e0a8cd0fbf54197c,0b30a443affb03e05a876a083857de9164f899feb7b4d261da02c485c9a3e3b6,20260725,1.0,0.9,1
run2,OHLCV+amount,OHLCV+amount_0093,3,100.132568359375,100.10920715332031,99.9595718383789,99.98655700683594,100.132568359375,100.132568359375,99.9595718383789,99.98655700683594,False,True,True,0.0233612060546875,0.0,0.0233612060546875,0.00023363282640401922,KronosPredictor,a7d5f37e2e9fbd9891f7d7d4f72574512dd1f704fee14223e0a8cd0fbf54197c,0b30a443affb03e05a876a083857de9164f899feb7b4d261da02c485c9a3e3b6,20260725,1.0,0.9,1
run2,OHLCV+amount,OHLCV+amount_0093,4,100.0577163696289,100.03596496582031,99.95868682861328,99.98737335205078,100.0577163696289,100.0577163696289,99.95868682861328,99.98737335205078,False,True,True,0.02175140380859375,0.0,0.02175140380859375,0.00021753337298427785,KronosPredictor,a7d5f37e2e9fbd9891f7d7d4f72574512dd1f704fee14223e0a8cd0fbf54197c,0b30a443affb03e05a876a083857de9164f899feb7b4d261da02c485c9a3e3b6,20260725,1.0,0.9,1
run2,OHLCV+amount,OHLCV+amount_0093,5,99.7861557006836,99.98658752441406,99.84708404541016,99.98635864257812,99.7861557006836,99.98658752441406,99.7861557006836,99.98635864257812,False,True,True,0.0,0.0609283447265625,0.0609283447265625,0.0006093376066827229,KronosPredictor,a7d5f37e2e9fbd9891f7d7d4f72574512dd1f704fee14223e0a8cd0fbf54197c,0b30a443affb03e05a876a083857de9164f899feb7b4d261da02c485c9a3e3b6,20260725,1.0,0.9,1
run2,OHLCV+amount,OHLCV+amount_0094,1,100.09832763671875,100.167724609375,99.9648666381836,100.01272583007812,100.09832763671875,100.167724609375,99.9648666381836,100.01272583007812,False,True,True,0.0,0.0,0.0,0.0,KronosPredictor,a7d5f37e2e9fbd9891f7d7d4f72574512dd1f704fee14223e0a8cd0fbf54197c,0b30a443affb03e05a876a083857de9164f899feb7b4d261da02c485c9a3e3b6,20260725,1.0,0.9,1
run2,OHLCV+amount,OHLCV+amount_0094,2,100.14314270019531,100.1356201171875,100.02527618408203,100.0091552734375,100.14314270019531,100.14314270019531,100.0091552734375,100.0091552734375,False,True,True,0.0075225830078125,0.01612091064453125,0.02364349365234375,0.00023640485204366998,KronosPredictor,a7d5f37e2e9fbd9891f7d7d4f72574512dd1f704fee14223e0a8cd0fbf54197c,0b30a443affb03e05a876a083857de9164f899feb7b4d261da02c485c9a3e3b6,20260725,1.0,0.9,1
run2,OHLCV+amount,OHLCV+amount_0094,3,100.05020904541016,100.0969467163086,100.0118179321289,100.0090103149414,100.05020904541016,100.0969467163086,100.0090103149414,100.0090103149414,False,True,True,0.0,0.0028076171875,0.0028076171875,2.807259940370137e-05,KronosPredictor,a7d5f37e2e9fbd9891f7d7d4f72574512dd1f704fee14223e0a8cd0fbf54197c,0b30a443affb03e05a876a083857de9164f899feb7b4d261da02c485c9a3e3b6,20260725,1.0,0.9,1
run2,OHLCV+amount,OHLCV+amount_0094,4,100.04444885253906,100.0833740234375,99.9607925415039,100.00796508789062,100.04444885253906,100.0833740234375,99.9607925415039,100.00796508789062,False,True,True,0.0,0.0,0.0,0.0,KronosPredictor,a7d5f37e2e9fbd9891f7d7d4f72574512dd1f704fee14223e0a8cd0fbf54197c,0b30a443affb03e05a876a083857de9164f899feb7b4d261da02c485c9a3e3b6,20260725,1.0,0.9,1
run2,OHLCV+amount,OHLCV+amount_0094,5,100.19303131103516,100.1878662109375,100.06764221191406,100.01982879638672,100.19303131103516,100.19303131103516,100.01982879638672,100.01982879638672,False,True,True,0.00516510009765625,0.04781341552734375,0.052978515625,0.0005297177452698433,KronosPredictor,a7d5f37e2e9fbd9891f7d7d4f72574512dd1f704fee14223e0a8cd0fbf54197c,0b30a443affb03e05a876a083857de9164f899feb7b4d261da02c485c9a3e3b6,20260725,1.0,0.9,1
run2,OHLCV+amount,OHLCV+amount_0095,1,99.96992492675781,100.04733276367188,99.89936065673828,100.00889587402344,99.96992492675781,100.04733276367188,99.89936065673828,100.00889587402344,False,True,True,0.0,0.0,0.0,0.0,KronosPredictor,a7d5f37e2e9fbd9891f7d7d4f72574512dd1f704fee14223e0a8cd0fbf54197c,0b30a443affb03e05a876a083857de9164f899feb7b4d261da02c485c9a3e3b6,20260725,1.0,0.9,1
run2,OHLCV+amount,OHLCV+amount_0095,2,100.00023651123047,100.0410385131836,99.9758071899414,100.00939178466797,100.00023651123047,100.0410385131836,99.9758071899414,100.00939178466797,False,True,True,0.0,0.0,0.0,0.0,KronosPredictor,a7d5f37e2e9fbd9891f7d7d4f72574512dd1f704fee14223e0a8cd0fbf54197c,0b30a443affb03e05a876a083857de9164f899feb7b4d261da02c485c9a3e3b6,20260725,1.0,0.9,1
run2,OHLCV+amount,OHLCV+amount_0095,3,100.00814056396484,100.03500366210938,99.97598266601562,100.00839233398438,100.00814056396484,100.03500366210938,99.97598266601562,100.00839233398438,False,True,True,0.0,0.0,0.0,0.0,KronosPredictor,a7d5f37e2e9fbd9891f7d7d4f72574512dd1f704fee14223e0a8cd0fbf54197c,0b30a443affb03e05a876a083857de9164f899feb7b4d261da02c485c9a3e3b6,20260725,1.0,0.9,1
run2,OHLCV+amount,OHLCV+amount_0095,4,99.98502349853516,100.07859802246094,99.94266510009766,100.00918579101562,99.98502349853516,100.07859802246094,99.94266510009766,100.00918579101562,False,True,True,0.0,0.0,0.0,0.0,KronosPredictor,a7d5f37e2e9fbd9891f7d7d4f72574512dd1f704fee14223e0a8cd0fbf54197c,0b30a443affb03e05a876a083857de9164f899feb7b4d261da02c485c9a3e3b6,20260725,1.0,0.9,1
run2,OHLCV+amount,OHLCV+amount_0095,5,99.90586853027344,100.02478790283203,99.93572235107422,100.00875091552734,99.90586853027344,100.02478790283203,99.90586853027344,100.00875091552734,False,True,True,0.0,0.02985382080078125,0.02985382080078125,0.0002985116527872353,KronosPredictor,a7d5f37e2e9fbd9891f7d7d4f72574512dd1f704fee14223e0a8cd0fbf54197c,0b30a443affb03e05a876a083857de9164f899feb7b4d261da02c485c9a3e3b6,20260725,1.0,0.9,1
run2,OHLCV+amount,OHLCV+amount_0096,1,99.94216918945312,100.02604675292969,99.895751953125,99.98137664794922,99.94216918945312,100.02604675292969,99.895751953125,99.98137664794922,False,True,True,0.0,0.0,0.0,0.0,KronosPredictor,a7d5f37e2e9fbd9891f7d7d4f72574512dd1f704fee14223e0a8cd0fbf54197c,0b30a443affb03e05a876a083857de9164f899feb7b4d261da02c485c9a3e3b6,20260725,1.0,0.9,1
run2,OHLCV+amount,OHLCV+amount_0096,2,99.8286361694336,100.03018188476562,99.86454772949219,99.99018859863281,99.8286361694336,100.03018188476562,99.8286361694336,99.99018859863281,False,True,True,0.0,0.03591156005859375,0.03591156005859375,0.00035918249240600306,KronosPredictor,a7d5f37e2e9fbd9891f7d7d4f72574512dd1f704fee14223e0a8cd0fbf54197c,0b30a443affb03e05a876a083857de9164f899feb7b4d261da02c485c9a3e3b6,20260725,1.0,0.9,1
run2,OHLCV+amount,OHLCV+amount_0096,3,100.02120208740234,100.02068328857422,99.88983917236328,99.97801208496094,100.02120208740234,100.02120208740234,99.88983917236328,99.97801208496094,False,True,True,0.000518798828125,0.0,0.000518798828125,5.188954638540091e-06,KronosPredictor,a7d5f37e2e9fbd9891f7d7d4f72574512dd1f704fee14223e0a8cd0fbf54197c,0b30a443affb03e05a876a083857de9164f899feb7b4d261da02c485c9a3e3b6,20260725,1.0,0.9,1
run2,OHLCV+amount,OHLCV+amount_0096,4,99.95204162597656,100.08129119873047,99.88799285888672,99.98969268798828,99.95204162597656,100.08129119873047,99.88799285888672,99.98969268798828,False,True,True,0.0,0.0,0.0,0.0,KronosPredictor,a7d5f37e2e9fbd9891f7d7d4f72574512dd1f704fee14223e0a8cd0fbf54197c,0b30a443affb03e05a876a083857de9164f899feb7b4d261da02c485c9a3e3b6,20260725,1.0,0.9,1
run2,OHLCV+amount,OHLCV+amount_0096,5,99.97742462158203,100.05713653564453,99.90541076660156,99.98579406738281,99.97742462158203,100.05713653564453,99.90541076660156,99.98579406738281,False,True,True,0.0,0.0,0.0,0.0,KronosPredictor,a7d5f37e2e9fbd9891f7d7d4f72574512dd1f704fee14223e0a8cd0fbf54197c,0b30a443affb03e05a876a083857de9164f899feb7b4d261da02c485c9a3e3b6,20260725,1.0,0.9,1
run2,OHLCV+amount,OHLCV+amount_0097,1,99.91609954833984,100.00650024414062,99.90801239013672,99.98831176757812,99.91609954833984,100.00650024414062,99.90801239013672,99.98831176757812,True,True,False,0.0,0.0,0.0,0.0,KronosPredictor,a7d5f37e2e9fbd9891f7d7d4f72574512dd1f704fee14223e0a8cd0fbf54197c,0b30a443affb03e05a876a083857de9164f899feb7b4d261da02c485c9a3e3b6,20260725,1.0,0.9,1
run2,OHLCV+amount,OHLCV+amount_0097,2,99.97321319580078,99.99690246582031,99.94139862060547,99.98585510253906,99.97321319580078,99.99690246582031,99.94139862060547,99.98585510253906,True,True,False,0.0,0.0,0.0,0.0,KronosPredictor,a7d5f37e2e9fbd9891f7d7d4f72574512dd1f704fee14223e0a8cd0fbf54197c,0b30a443affb03e05a876a083857de9164f899feb7b4d261da02c485c9a3e3b6,20260725,1.0,0.9,1
run2,OHLCV+amount,OHLCV+amount_0097,3,99.96807098388672,99.99784851074219,99.94340515136719,99.98695373535156,99.96807098388672,99.99784851074219,99.94340515136719,99.98695373535156,True,True,False,0.0,0.0,0.0,0.0,KronosPredictor,a7d5f37e2e9fbd9891f7d7d4f72574512dd1f704fee14223e0a8cd0fbf54197c,0b30a443affb03e05a876a083857de9164f899feb7b4d261da02c485c9a3e3b6,20260725,1.0,0.9,1
run2,OHLCV+amount,OHLCV+amount_0097,4,99.9876480102539,100.04786682128906,99.93850708007812,99.98804473876953,99.9876480102539,100.04786682128906,99.93850708007812,99.98804473876953,True,True,False,0.0,0.0,0.0,0.0,KronosPredictor,a7d5f37e2e9fbd9891f7d7d4f72574512dd1f704fee14223e0a8cd0fbf54197c,0b30a443affb03e05a876a083857de9164f899feb7b4d261da02c485c9a3e3b6,20260725,1.0,0.9,1
run2,OHLCV+amount,OHLCV+amount_0097,5,99.95580291748047,99.99494171142578,99.9393539428711,99.98594665527344,99.95580291748047,99.99494171142578,99.9393539428711,99.98594665527344,True,True,False,0.0,0.0,0.0,0.0,KronosPredictor,a7d5f37e2e9fbd9891f7d7d4f72574512dd1f704fee14223e0a8cd0fbf54197c,0b30a443affb03e05a876a083857de9164f899feb7b4d261da02c485c9a3e3b6,20260725,1.0,0.9,1
run2,OHLCV+amount,OHLCV+amount_0098,1,100.0758285522461,100.06391906738281,99.95831298828125,99.99605560302734,100.0758285522461,100.0758285522461,99.95831298828125,99.99605560302734,False,True,True,0.01190948486328125,0.0,0.01190948486328125,0.00011909954639171482,KronosPredictor,a7d5f37e2e9fbd9891f7d7d4f72574512dd1f704fee14223e0a8cd0fbf54197c,0b30a443affb03e05a876a083857de9164f899feb7b4d261da02c485c9a3e3b6,20260725,1.0,0.9,1
run2,OHLCV+amount,OHLCV+amount_0098,2,99.97100067138672,100.03748321533203,99.92759704589844,99.99707794189453,99.97100067138672,100.03748321533203,99.92759704589844,99.99707794189453,False,True,True,0.0,0.0,0.0,0.0,KronosPredictor,a7d5f37e2e9fbd9891f7d7d4f72574512dd1f704fee14223e0a8cd0fbf54197c,0b30a443affb03e05a876a083857de9164f899feb7b4d261da02c485c9a3e3b6,20260725,1.0,0.9,1
run2,OHLCV+amount,OHLCV+amount_0098,3,100.03801727294922,100.04522705078125,99.93242645263672,99.99295806884766,100.03801727294922,100.04522705078125,99.93242645263672,99.99295806884766,False,True,True,0.0,0.0,0.0,0.0,KronosPredictor,a7d5f37e2e9fbd9891f7d7d4f72574512dd1f704fee14223e0a8cd0fbf54197c,0b30a443affb03e05a876a083857de9164f899feb7b4d261da02c485c9a3e3b6,20260725,1.0,0.9,1
run2,OHLCV+amount,OHLCV+amount_0098,4,99.92491149902344,100.05389404296875,99.90807342529297,99.99868774414062,99.92491149902344,100.05389404296875,99.90807342529297,99.99868774414062,False,True,True,0.0,0.0,0.0,0.0,KronosPredictor,a7d5f37e2e9fbd9891f7d7d4f72574512dd1f704fee14223e0a8cd0fbf54197c,0b30a443affb03e05a876a083857de9164f899feb7b4d261da02c485c9a3e3b6,20260725,1.0,0.9,1
run2,OHLCV+amount,OHLCV+amount_0098,5,99.93006134033203,100.00308990478516,99.92691040039062,99.99396514892578,99.93006134033203,100.00308990478516,99.92691040039062,99.99396514892578,False,True,True,0.0,0.0,0.0,0.0,KronosPredictor,a7d5f37e2e9fbd9891f7d7d4f72574512dd1f704fee14223e0a8cd0fbf54197c,0b30a443affb03e05a876a083857de9164f899feb7b4d261da02c485c9a3e3b6,20260725,1.0,0.9,1
run2,OHLCV+amount,OHLCV+amount_0099,1,100.05238342285156,100.0723648071289,99.97539520263672,100.00631713867188,100.05238342285156,100.0723648071289,99.97539520263672,100.00631713867188,False,True,True,0.0,0.0,0.0,0.0,KronosPredictor,a7d5f37e2e9fbd9891f7d7d4f72574512dd1f704fee14223e0a8cd0fbf54197c,0b30a443affb03e05a876a083857de9164f899feb7b4d261da02c485c9a3e3b6,20260725,1.0,0.9,1
run2,OHLCV+amount,OHLCV+amount_0099,2,100.11509704589844,100.13009643554688,100.02074432373047,100.02079772949219,100.11509704589844,100.13009643554688,100.02074432373047,100.02079772949219,False,True,True,0.0,0.0,0.0,0.0,KronosPredictor,a7d5f37e2e9fbd9891f7d7d4f72574512dd1f704fee14223e0a8cd0fbf54197c,0b30a443affb03e05a876a083857de9164f899feb7b4d261da02c485c9a3e3b6,20260725,1.0,0.9,1
run2,OHLCV+amount,OHLCV+amount_0099,3,100.09952545166016,100.1280746459961,99.93181610107422,100.02147674560547,100.09952545166016,100.1280746459961,99.93181610107422,100.02147674560547,False,True,True,0.0,0.0,0.0,0.0,KronosPredictor,a7d5f37e2e9fbd9891f7d7d4f72574512dd1f704fee14223e0a8cd0fbf54197c,0b30a443affb03e05a876a083857de9164f899feb7b4d261da02c485c9a3e3b6,20260725,1.0,0.9,1
run2,OHLCV+amount,OHLCV+amount_0099,4,100.26313018798828,100.1643295288086,100.0290756225586,100.01708221435547,100.26313018798828,100.26313018798828,100.01708221435547,100.01708221435547,False,True,True,0.0988006591796875,0.011993408203125,0.1107940673828125,0.0011078706881004527,KronosPredictor,a7d5f37e2e9fbd9891f7d7d4f72574512dd1f704fee14223e0a8cd0fbf54197c,0b30a443affb03e05a876a083857de9164f899feb7b4d261da02c485c9a3e3b6,20260725,1.0,0.9,1
run2,OHLCV+amount,OHLCV+amount_0099,5,100.26032257080078,100.18334197998047,99.99070739746094,100.01013946533203,100.26032257080078,100.26032257080078,99.99070739746094,100.01013946533203,False,True,True,0.0769805908203125,0.0,0.0769805908203125,0.0007697572815682115,KronosPredictor,a7d5f37e2e9fbd9891f7d7d4f72574512dd1f704fee14223e0a8cd0fbf54197c,0b30a443affb03e05a876a083857de9164f899feb7b4d261da02c485c9a3e3b6,20260725,1.0,0.9,1
