run_id,schema,context_id,horizon,raw_open,raw_high,raw_low,raw_close,projected_open,projected_high,projected_low,projected_close,raw_valid,projected_valid,projection_applied,high_adjustment,low_adjustment,total_absolute_adjustment,relative_adjustment,predictor_class,model_sha256,tokenizer_sha256,seed,temperature,top_p,sample_count
run1,OHLC,OHLC_0000,1,100.00804901123047,100.01477813720703,99.93777465820312,99.99153137207031,100.00804901123047,100.01477813720703,99.93777465820312,99.99153137207031,False,True,True,0.0,0.0,0.0,0.0,KronosPredictor,a7d5f37e2e9fbd9891f7d7d4f72574512dd1f704fee14223e0a8cd0fbf54197c,0b30a443affb03e05a876a083857de9164f899feb7b4d261da02c485c9a3e3b6,20260725,1.0,0.9,1
run1,OHLC,OHLC_0000,2,99.92493438720703,100.0969009399414,99.90758514404297,99.99200439453125,99.92493438720703,100.0969009399414,99.90758514404297,99.99200439453125,False,True,True,0.0,0.0,0.0,0.0,KronosPredictor,a7d5f37e2e9fbd9891f7d7d4f72574512dd1f704fee14223e0a8cd0fbf54197c,0b30a443affb03e05a876a083857de9164f899feb7b4d261da02c485c9a3e3b6,20260725,1.0,0.9,1
run1,OHLC,OHLC_0000,3,99.94383239746094,100.0985336303711,99.93206787109375,99.99342346191406,99.94383239746094,100.0985336303711,99.93206787109375,99.99342346191406,False,True,True,0.0,0.0,0.0,0.0,KronosPredictor,a7d5f37e2e9fbd9891f7d7d4f72574512dd1f704fee14223e0a8cd0fbf54197c,0b30a443affb03e05a876a083857de9164f899feb7b4d261da02c485c9a3e3b6,20260725,1.0,0.9,1
run1,OHLC,OHLC_0000,4,99.9719467163086,100.06108093261719,99.92938995361328,99.99104309082031,99.9719467163086,100.06108093261719,99.92938995361328,99.99104309082031,False,True,True,0.0,0.0,0.0,0.0,KronosPredictor,a7d5f37e2e9fbd9891f7d7d4f72574512dd1f704fee14223e0a8cd0fbf54197c,0b30a443affb03e05a876a083857de9164f899feb7b4d261da02c485c9a3e3b6,20260725,1.0,0.9,1
run1,OHLC,OHLC_0000,5,99.83926391601562,100.04401397705078,99.87535095214844,100.000732421875,99.83926391601562,100.04401397705078,99.83926391601562,100.000732421875,False,True,True,0.0,0.0360870361328125,0.0360870361328125,0.0003609009246846313,KronosPredictor,a7d5f37e2e9fbd9891f7d7d4f72574512dd1f704fee14223e0a8cd0fbf54197c,0b30a443affb03e05a876a083857de9164f899feb7b4d261da02c485c9a3e3b6,20260725,1.0,0.9,1
run1,OHLC,OHLC_0001,1,99.99415588378906,100.01414489746094,99.92554473876953,99.98795318603516,99.99415588378906,100.01414489746094,99.92554473876953,99.98795318603516,False,True,True,0.0,0.0,0.0,0.0,KronosPredictor,a7d5f37e2e9fbd9891f7d7d4f72574512dd1f704fee14223e0a8cd0fbf54197c,0b30a443affb03e05a876a083857de9164f899feb7b4d261da02c485c9a3e3b6,20260725,1.0,0.9,1
run1,OHLC,OHLC_0001,2,99.89137268066406,100.01563262939453,99.90026092529297,99.99436950683594,99.89137268066406,100.01563262939453,99.89137268066406,99.99436950683594,False,True,True,0.0,0.00888824462890625,0.00888824462890625,8.889315508208272e-05,KronosPredictor,a7d5f37e2e9fbd9891f7d7d4f72574512dd1f704fee14223e0a8cd0fbf54197c,0b30a443affb03e05a876a083857de9164f899feb7b4d261da02c485c9a3e3b6,20260725,1.0,0.9,1
run1,OHLC,OHLC_0001,3,99.95970916748047,99.9993896484375,99.93087005615234,99.99002075195312,99.95970916748047,99.9993896484375,99.93087005615234,99.99002075195312,False,True,True,0.0,0.0,0.0,0.0,KronosPredictor,a7d5f37e2e9fbd9891f7d7d4f72574512dd1f704fee14223e0a8cd0fbf54197c,0b30a443affb03e05a876a083857de9164f899feb7b4d261da02c485c9a3e3b6,20260725,1.0,0.9,1
run1,OHLC,OHLC_0001,4,99.97423553466797,99.97372436523438,99.9510498046875,99.98855590820312,99.97423553466797,99.98855590820312,99.9510498046875,99.98855590820312,False,True,True,0.01483154296875,0.0,0.01483154296875,0.0001483332991240934,KronosPredictor,a7d5f37e2e9fbd9891f7d7d4f72574512dd1f704fee14223e0a8cd0fbf54197c,0b30a443affb03e05a876a083857de9164f899feb7b4d261da02c485c9a3e3b6,20260725,1.0,0.9,1
run1,OHLC,OHLC_0001,5,99.82615661621094,100.0011978149414,99.88128662109375,99.99435424804688,99.82615661621094,100.0011978149414,99.82615661621094,99.99435424804688,False,True,True,0.0,0.0551300048828125,0.0551300048828125,0.0005513664709211413,KronosPredictor,a7d5f37e2e9fbd9891f7d7d4f72574512dd1f704fee14223e0a8cd0fbf54197c,0b30a443affb03e05a876a083857de9164f899feb7b4d261da02c485c9a3e3b6,20260725,1.0,0.9,1
run1,OHLC,OHLC_0002,1,100.07852935791016,100.08908081054688,100.01439666748047,100.00717163085938,100.07852935791016,100.08908081054688,100.00717163085938,100.00717163085938,False,True,True,0.0,0.00722503662109375,0.00722503662109375,7.224518505295183e-05,KronosPredictor,a7d5f37e2e9fbd9891f7d7d4f72574512dd1f704fee14223e0a8cd0fbf54197c,0b30a443affb03e05a876a083857de9164f899feb7b4d261da02c485c9a3e3b6,20260725,1.0,0.9,1
run1,OHLC,OHLC_0002,2,99.96204376220703,100.07939910888672,99.94920349121094,100.00691223144531,99.96204376220703,100.07939910888672,99.94920349121094,100.00691223144531,False,True,True,0.0,0.0,0.0,0.0,KronosPredictor,a7d5f37e2e9fbd9891f7d7d4f72574512dd1f704fee14223e0a8cd0fbf54197c,0b30a443affb03e05a876a083857de9164f899feb7b4d261da02c485c9a3e3b6,20260725,1.0,0.9,1
run1,OHLC,OHLC_0002,3,100.12171936035156,100.1360855102539,99.99755859375,100.00885772705078,100.12171936035156,100.1360855102539,99.99755859375,100.00885772705078,False,True,True,0.0,0.0,0.0,0.0,KronosPredictor,a7d5f37e2e9fbd9891f7d7d4f72574512dd1f704fee14223e0a8cd0fbf54197c,0b30a443affb03e05a876a083857de9164f899feb7b4d261da02c485c9a3e3b6,20260725,1.0,0.9,1
run1,OHLC,OHLC_0002,4,100.14659881591797,100.07980346679688,100.027587890625,100.0022964477539,100.14659881591797,100.14659881591797,100.0022964477539,100.0022964477539,False,True,True,0.06679534912109375,0.02529144287109375,0.0920867919921875,0.0009208018834098507,KronosPredictor,a7d5f37e2e9fbd9891f7d7d4f72574512dd1f704fee14223e0a8cd0fbf54197c,0b30a443affb03e05a876a083857de9164f899feb7b4d261da02c485c9a3e3b6,20260725,1.0,0.9,1
run1,OHLC,OHLC_0002,5,100.11695098876953,100.14043426513672,100.00755310058594,100.00200653076172,100.11695098876953,100.14043426513672,100.00200653076172,100.00200653076172,False,True,True,0.0,0.00554656982421875,0.00554656982421875,5.5461720732308324e-05,KronosPredictor,a7d5f37e2e9fbd9891f7d7d4f72574512dd1f704fee14223e0a8cd0fbf54197c,0b30a443affb03e05a876a083857de9164f899feb7b4d261da02c485c9a3e3b6,20260725,1.0,0.9,1
run1,OHLC,OHLC_0003,1,99.99156188964844,100.08283233642578,99.9506607055664,99.99835968017578,99.99156188964844,100.08283233642578,99.9506607055664,99.99835968017578,False,True,True,0.0,0.0,0.0,0.0,KronosPredictor,a7d5f37e2e9fbd9891f7d7d4f72574512dd1f704fee14223e0a8cd0fbf54197c,0b30a443affb03e05a876a083857de9164f899feb7b4d261da02c485c9a3e3b6,20260725,1.0,0.9,1
run1,OHLC,OHLC_0003,2,100.02559661865234,100.05218505859375,99.95289611816406,99.99767303466797,100.02559661865234,100.05218505859375,99.95289611816406,99.99767303466797,False,True,True,0.0,0.0,0.0,0.0,KronosPredictor,a7d5f37e2e9fbd9891f7d7d4f72574512dd1f704fee14223e0a8cd0fbf54197c,0b30a443affb03e05a876a083857de9164f899feb7b4d261da02c485c9a3e3b6,20260725,1.0,0.9,1
run1,OHLC,OHLC_0003,3,100.03907012939453,100.04572296142578,100.0007095336914,99.99752807617188,100.03907012939453,100.04572296142578,99.99752807617188,99.99752807617188,False,True,True,0.0,0.00318145751953125,0.00318145751953125,3.181509706465675e-05,KronosPredictor,a7d5f37e2e9fbd9891f7d7d4f72574512dd1f704fee14223e0a8cd0fbf54197c,0b30a443affb03e05a876a083857de9164f899feb7b4d261da02c485c9a3e3b6,20260725,1.0,0.9,1
run1,OHLC,OHLC_0003,4,100.09957122802734,100.04085540771484,100.04512023925781,99.99746704101562,100.09957122802734,100.09957122802734,99.99746704101562,99.99746704101562,False,True,True,0.0587158203125,0.0476531982421875,0.1063690185546875,0.0010637076337540632,KronosPredictor,a7d5f37e2e9fbd9891f7d7d4f72574512dd1f704fee14223e0a8cd0fbf54197c,0b30a443affb03e05a876a083857de9164f899feb7b4d261da02c485c9a3e3b6,20260725,1.0,0.9,1
run1,OHLC,OHLC_0003,5,100.02579498291016,100.01810455322266,100.00979614257812,99.99707794189453,100.02579498291016,100.02579498291016,99.99707794189453,99.99707794189453,False,True,True,0.0076904296875,0.01271820068359375,0.02040863037109375,0.00020408965143394915,KronosPredictor,a7d5f37e2e9fbd9891f7d7d4f72574512dd1f704fee14223e0a8cd0fbf54197c,0b30a443affb03e05a876a083857de9164f899feb7b4d261da02c485c9a3e3b6,20260725,1.0,0.9,1
run1,OHLC,OHLC_0004,1,100.05085754394531,100.04584503173828,100.01044464111328,100.01039123535156,100.05085754394531,100.05085754394531,100.01039123535156,100.01039123535156,False,True,True,0.00501251220703125,5.340576171875e-05,0.00506591796875,5.06539161198612e-05,KronosPredictor,a7d5f37e2e9fbd9891f7d7d4f72574512dd1f704fee14223e0a8cd0fbf54197c,0b30a443affb03e05a876a083857de9164f899feb7b4d261da02c485c9a3e3b6,20260725,1.0,0.9,1
run1,OHLC,OHLC_0004,2,100.03556060791016,100.08932495117188,99.9593505859375,100.00951385498047,100.03556060791016,100.08932495117188,99.9593505859375,100.00951385498047,False,True,True,0.0,0.0,0.0,0.0,KronosPredictor,a7d5f37e2e9fbd9891f7d7d4f72574512dd1f704fee14223e0a8cd0fbf54197c,0b30a443affb03e05a876a083857de9164f899feb7b4d261da02c485c9a3e3b6,20260725,1.0,0.9,1
run1,OHLC,OHLC_0004,3,100.02350616455078,100.08900451660156,99.9510726928711,100.0095443725586,100.02350616455078,100.08900451660156,99.9510726928711,100.0095443725586,False,True,True,0.0,0.0,0.0,0.0,KronosPredictor,a7d5f37e2e9fbd9891f7d7d4f72574512dd1f704fee14223e0a8cd0fbf54197c,0b30a443affb03e05a876a083857de9164f899feb7b4d261da02c485c9a3e3b6,20260725,1.0,0.9,1
run1,OHLC,OHLC_0004,4,100.16410827636719,100.08978271484375,100.0345687866211,100.0105972290039,100.16410827636719,100.16410827636719,100.0105972290039,100.0105972290039,False,True,True,0.0743255615234375,0.0239715576171875,0.098297119140625,0.000982869059169114,KronosPredictor,a7d5f37e2e9fbd9891f7d7d4f72574512dd1f704fee14223e0a8cd0fbf54197c,0b30a443affb03e05a876a083857de9164f899feb7b4d261da02c485c9a3e3b6,20260725,1.0,0.9,1
run1,OHLC,OHLC_0004,5,100.01896667480469,100.09085083007812,99.98703002929688,100.0147705078125,100.01896667480469,100.09085083007812,99.98703002929688,100.0147705078125,False,True,True,0.0,0.0,0.0,0.0,KronosPredictor,a7d5f37e2e9fbd9891f7d7d4f72574512dd1f704fee14223e0a8cd0fbf54197c,0b30a443affb03e05a876a083857de9164f899feb7b4d261da02c485c9a3e3b6,20260725,1.0,0.9,1
run1,OHLC,OHLC_0005,1,100.12552642822266,100.06196594238281,100.05934143066406,100.01214599609375,100.12552642822266,100.12552642822266,100.01214599609375,100.01214599609375,False,True,True,0.06356048583984375,0.0471954345703125,0.11075592041015625,0.0011074246963412037,KronosPredictor,a7d5f37e2e9fbd9891f7d7d4f72574512dd1f704fee14223e0a8cd0fbf54197c,0b30a443affb03e05a876a083857de9164f899feb7b4d261da02c485c9a3e3b6,20260725,1.0,0.9,1
run1,OHLC,OHLC_0005,2,100.0421371459961,100.06852722167969,100.02457427978516,100.01248931884766,100.0421371459961,100.06852722167969,100.01248931884766,100.01248931884766,False,True,True,0.0,0.0120849609375,0.0120849609375,0.00012083493276878601,KronosPredictor,a7d5f37e2e9fbd9891f7d7d4f72574512dd1f704fee14223e0a8cd0fbf54197c,0b30a443affb03e05a876a083857de9164f899feb7b4d261da02c485c9a3e3b6,20260725,1.0,0.9,1
run1,OHLC,OHLC_0005,3,100.07323455810547,100.0879135131836,100.00003814697266,100.01187133789062,100.07323455810547,100.0879135131836,100.00003814697266,100.01187133789062,False,True,True,0.0,0.0,0.0,0.0,KronosPredictor,a7d5f37e2e9fbd9891f7d7d4f72574512dd1f704fee14223e0a8cd0fbf54197c,0b30a443affb03e05a876a083857de9164f899feb7b4d261da02c485c9a3e3b6,20260725,1.0,0.9,1
run1,OHLC,OHLC_0005,4,100.01838684082031,100.08554077148438,100.01686096191406,100.01644897460938,100.01838684082031,100.08554077148438,100.01644897460938,100.01644897460938,False,True,True,0.0,0.0004119873046875,0.0004119873046875,4.119372708026796e-06,KronosPredictor,a7d5f37e2e9fbd9891f7d7d4f72574512dd1f704fee14223e0a8cd0fbf54197c,0b30a443affb03e05a876a083857de9164f899feb7b4d261da02c485c9a3e3b6,20260725,1.0,0.9,1
run1,OHLC,OHLC_0005,5,100.07382202148438,100.04572296142578,99.98110961914062,100.00945281982422,100.07382202148438,100.07382202148438,99.98110961914062,100.00945281982422,False,True,True,0.02809906005859375,0.0,0.02809906005859375,0.00028095647562338314,KronosPredictor,a7d5f37e2e9fbd9891f7d7d4f72574512dd1f704fee14223e0a8cd0fbf54197c,0b30a443affb03e05a876a083857de9164f899feb7b4d261da02c485c9a3e3b6,20260725,1.0,0.9,1
run1,OHLC,OHLC_0006,1,100.04611206054688,100.06478118896484,99.95984649658203,100.00211334228516,100.04611206054688,100.06478118896484,99.95984649658203,100.00211334228516,False,True,True,0.0,0.0,0.0,0.0,KronosPredictor,a7d5f37e2e9fbd9891f7d7d4f72574512dd1f704fee14223e0a8cd0fbf54197c,0b30a443affb03e05a876a083857de9164f899feb7b4d261da02c485c9a3e3b6,20260725,1.0,0.9,1
run1,OHLC,OHLC_0006,2,99.97624969482422,100.00209045410156,99.97753143310547,100.00640106201172,99.97624969482422,100.00640106201172,99.97624969482422,100.00640106201172,False,True,True,0.00431060791015625,0.00128173828125,0.00559234619140625,5.5922280084870645e-05,KronosPredictor,a7d5f37e2e9fbd9891f7d7d4f72574512dd1f704fee14223e0a8cd0fbf54197c,0b30a443affb03e05a876a083857de9164f899feb7b4d261da02c485c9a3e3b6,20260725,1.0,0.9,1
run1,OHLC,OHLC_0006,3,99.88311767578125,100.06187438964844,99.90929412841797,100.00630187988281,99.88311767578125,100.06187438964844,99.88311767578125,100.00630187988281,False,True,True,0.0,0.02617645263671875,0.02617645263671875,0.00026175899450367143,KronosPredictor,a7d5f37e2e9fbd9891f7d7d4f72574512dd1f704fee14223e0a8cd0fbf54197c,0b30a443affb03e05a876a083857de9164f899feb7b4d261da02c485c9a3e3b6,20260725,1.0,0.9,1
run1,OHLC,OHLC_0006,4,100.01213073730469,100.02804565429688,99.93324279785156,99.99969482421875,100.01213073730469,100.02804565429688,99.93324279785156,99.99969482421875,False,True,True,0.0,0.0,0.0,0.0,KronosPredictor,a7d5f37e2e9fbd9891f7d7d4f72574512dd1f704fee14223e0a8cd0fbf54197c,0b30a443affb03e05a876a083857de9164f899feb7b4d261da02c485c9a3e3b6,20260725,1.0,0.9,1
run1,OHLC,OHLC_0006,5,99.81815338134766,100.0234603881836,99.88630676269531,100.00440979003906,99.81815338134766,100.0234603881836,99.81815338134766,100.00440979003906,False,True,True,0.0,0.06815338134765625,0.06815338134765625,0.000681519410638676,KronosPredictor,a7d5f37e2e9fbd9891f7d7d4f72574512dd1f704fee14223e0a8cd0fbf54197c,0b30a443affb03e05a876a083857de9164f899feb7b4d261da02c485c9a3e3b6,20260725,1.0,0.9,1
run1,OHLC,OHLC_0007,1,99.9639892578125,100.03350067138672,99.95580291748047,100.0101318359375,99.9639892578125,100.03350067138672,99.95580291748047,100.0101318359375,False,True,True,0.0,0.0,0.0,0.0,KronosPredictor,a7d5f37e2e9fbd9891f7d7d4f72574512dd1f704fee14223e0a8cd0fbf54197c,0b30a443affb03e05a876a083857de9164f899feb7b4d261da02c485c9a3e3b6,20260725,1.0,0.9,1
run1,OHLC,OHLC_0007,2,100.04032135009766,100.01981353759766,100.00602722167969,100.00987243652344,100.04032135009766,100.04032135009766,100.00602722167969,100.00987243652344,False,True,True,0.0205078125,0.0,0.0205078125,0.00020505734892582904,KronosPredictor,a7d5f37e2e9fbd9891f7d7d4f72574512dd1f704fee14223e0a8cd0fbf54197c,0b30a443affb03e05a876a083857de9164f899feb7b4d261da02c485c9a3e3b6,20260725,1.0,0.9,1
run1,OHLC,OHLC_0007,3,100.077880859375,100.10377502441406,99.98614501953125,100.00872039794922,100.077880859375,100.10377502441406,99.98614501953125,100.00872039794922,False,True,True,0.0,0.0,0.0,0.0,KronosPredictor,a7d5f37e2e9fbd9891f7d7d4f72574512dd1f704fee14223e0a8cd0fbf54197c,0b30a443affb03e05a876a083857de9164f899feb7b4d261da02c485c9a3e3b6,20260725,1.0,0.9,1
run1,OHLC,OHLC_0007,4,100.0252914428711,100.10041046142578,99.96844482421875,100.00948333740234,100.0252914428711,100.10041046142578,99.96844482421875,100.00948333740234,False,True,True,0.0,0.0,0.0,0.0,KronosPredictor,a7d5f37e2e9fbd9891f7d7d4f72574512dd1f704fee14223e0a8cd0fbf54197c,0b30a443affb03e05a876a083857de9164f899feb7b4d261da02c485c9a3e3b6,20260725,1.0,0.9,1
run1,OHLC,OHLC_0007,5,100.07423400878906,100.05662536621094,100.00723266601562,100.00923156738281,100.07423400878906,100.07423400878906,100.00723266601562,100.00923156738281,False,True,True,0.017608642578125,0.0,0.017608642578125,0.00017606858680089787,KronosPredictor,a7d5f37e2e9fbd9891f7d7d4f72574512dd1f704fee14223e0a8cd0fbf54197c,0b30a443affb03e05a876a083857de9164f899feb7b4d261da02c485c9a3e3b6,20260725,1.0,0.9,1
run1,OHLC,OHLC_0008,1,99.92875671386719,100.05519104003906,99.9293441772461,100.00082397460938,99.92875671386719,100.05519104003906,99.92875671386719,100.00082397460938,False,True,True,0.0,0.00058746337890625,0.00058746337890625,5.87458538397053e-06,KronosPredictor,a7d5f37e2e9fbd9891f7d7d4f72574512dd1f704fee14223e0a8cd0fbf54197c,0b30a443affb03e05a876a083857de9164f899feb7b4d261da02c485c9a3e3b6,20260725,1.0,0.9,1
run1,OHLC,OHLC_0008,2,99.98705291748047,100.0381851196289,99.9561538696289,99.9973373413086,99.98705291748047,100.0381851196289,99.9561538696289,99.9973373413086,False,True,True,0.0,0.0,0.0,0.0,KronosPredictor,a7d5f37e2e9fbd9891f7d7d4f72574512dd1f704fee14223e0a8cd0fbf54197c,0b30a443affb03e05a876a083857de9164f899feb7b4d261da02c485c9a3e3b6,20260725,1.0,0.9,1
run1,OHLC,OHLC_0008,3,100.0445556640625,100.07244110107422,99.95569610595703,99.996337890625,100.0445556640625,100.07244110107422,99.95569610595703,99.996337890625,False,True,True,0.0,0.0,0.0,0.0,KronosPredictor,a7d5f37e2e9fbd9891f7d7d4f72574512dd1f704fee14223e0a8cd0fbf54197c,0b30a443affb03e05a876a083857de9164f899feb7b4d261da02c485c9a3e3b6,20260725,1.0,0.9,1
run1,OHLC,OHLC_0008,4,99.94153594970703,100.01605987548828,99.93352508544922,99.99213409423828,99.94153594970703,100.01605987548828,99.93352508544922,99.99213409423828,False,True,True,0.0,0.0,0.0,0.0,KronosPredictor,a7d5f37e2e9fbd9891f7d7d4f72574512dd1f704fee14223e0a8cd0fbf54197c,0b30a443affb03e05a876a083857de9164f899feb7b4d261da02c485c9a3e3b6,20260725,1.0,0.9,1
run1,OHLC,OHLC_0008,5,99.98029327392578,100.00292205810547,99.94017028808594,99.98930358886719,99.98029327392578,100.00292205810547,99.94017028808594,99.98930358886719,False,True,True,0.0,0.0,0.0,0.0,KronosPredictor,a7d5f37e2e9fbd9891f7d7d4f72574512dd1f704fee14223e0a8cd0fbf54197c,0b30a443affb03e05a876a083857de9164f899feb7b4d261da02c485c9a3e3b6,20260725,1.0,0.9,1
run1,OHLC,OHLC_0009,1,99.96955871582031,100.0058822631836,99.9278335571289,99.9998779296875,99.96955871582031,100.0058822631836,99.9278335571289,99.9998779296875,False,True,True,0.0,0.0,0.0,0.0,KronosPredictor,a7d5f37e2e9fbd9891f7d7d4f72574512dd1f704fee14223e0a8cd0fbf54197c,0b30a443affb03e05a876a083857de9164f899feb7b4d261da02c485c9a3e3b6,20260725,1.0,0.9,1
run1,OHLC,OHLC_0009,2,99.97097778320312,100.09613800048828,99.93232727050781,99.99943542480469,99.97097778320312,100.09613800048828,99.93232727050781,99.99943542480469,False,True,True,0.0,0.0,0.0,0.0,KronosPredictor,a7d5f37e2e9fbd9891f7d7d4f72574512dd1f704fee14223e0a8cd0fbf54197c,0b30a443affb03e05a876a083857de9164f899feb7b4d261da02c485c9a3e3b6,20260725,1.0,0.9,1
run1,OHLC,OHLC_0009,3,100.01319885253906,100.0565185546875,99.98815155029297,100.00188446044922,100.01319885253906,100.0565185546875,99.98815155029297,100.00188446044922,False,True,True,0.0,0.0,0.0,0.0,KronosPredictor,a7d5f37e2e9fbd9891f7d7d4f72574512dd1f704fee14223e0a8cd0fbf54197c,0b30a443affb03e05a876a083857de9164f899feb7b4d261da02c485c9a3e3b6,20260725,1.0,0.9,1
run1,OHLC,OHLC_0009,4,99.93502044677734,99.9930648803711,99.92945098876953,99.99988555908203,99.93502044677734,99.99988555908203,99.92945098876953,99.99988555908203,False,True,True,0.0068206787109375,0.0,0.0068206787109375,6.820687036971481e-05,KronosPredictor,a7d5f37e2e9fbd9891f7d7d4f72574512dd1f704fee14223e0a8cd0fbf54197c,0b30a443affb03e05a876a083857de9164f899feb7b4d261da02c485c9a3e3b6,20260725,1.0,0.9,1
run1,OHLC,OHLC_0009,5,99.92832946777344,99.98426818847656,99.91732788085938,99.999267578125,99.92832946777344,99.999267578125,99.91732788085938,99.999267578125,False,True,True,0.0149993896484375,0.0,0.0149993896484375,0.00014999407958261667,KronosPredictor,a7d5f37e2e9fbd9891f7d7d4f72574512dd1f704fee14223e0a8cd0fbf54197c,0b30a443affb03e05a876a083857de9164f899feb7b4d261da02c485c9a3e3b6,20260725,1.0,0.9,1
run1,OHLC,OHLC_0010,1,99.93807220458984,99.97174072265625,99.93212890625,99.98448181152344,99.93807220458984,99.98448181152344,99.93212890625,99.98448181152344,False,True,True,0.0127410888671875,0.0,0.0127410888671875,0.00012743066360242975,KronosPredictor,a7d5f37e2e9fbd9891f7d7d4f72574512dd1f704fee14223e0a8cd0fbf54197c,0b30a443affb03e05a876a083857de9164f899feb7b4d261da02c485c9a3e3b6,20260725,1.0,0.9,1
run1,OHLC,OHLC_0010,2,99.90628051757812,99.95779418945312,99.95056915283203,99.99012756347656,99.90628051757812,99.99012756347656,99.90628051757812,99.99012756347656,False,True,True,0.0323333740234375,0.04428863525390625,0.07662200927734375,0.000766339014706109,KronosPredictor,a7d5f37e2e9fbd9891f7d7d4f72574512dd1f704fee14223e0a8cd0fbf54197c,0b30a443affb03e05a876a083857de9164f899feb7b4d261da02c485c9a3e3b6,20260725,1.0,0.9,1
run1,OHLC,OHLC_0010,3,100.015380859375,100.00167083740234,99.96099853515625,99.9869613647461,100.015380859375,100.015380859375,99.96099853515625,99.9869613647461,False,True,True,0.01371002197265625,0.0,0.01371002197265625,0.0001371214984991415,KronosPredictor,a7d5f37e2e9fbd9891f7d7d4f72574512dd1f704fee14223e0a8cd0fbf54197c,0b30a443affb03e05a876a083857de9164f899feb7b4d261da02c485c9a3e3b6,20260725,1.0,0.9,1
run1,OHLC,OHLC_0010,4,100.00413513183594,100.0311279296875,99.9283218383789,99.98340606689453,100.00413513183594,100.0311279296875,99.9283218383789,99.98340606689453,False,True,True,0.0,0.0,0.0,0.0,KronosPredictor,a7d5f37e2e9fbd9891f7d7d4f72574512dd1f704fee14223e0a8cd0fbf54197c,0b30a443affb03e05a876a083857de9164f899feb7b4d261da02c485c9a3e3b6,20260725,1.0,0.9,1
run1,OHLC,OHLC_0010,5,100.00992584228516,100.02754211425781,99.93115997314453,99.98607635498047,100.00992584228516,100.02754211425781,99.93115997314453,99.98607635498047,False,True,True,0.0,0.0,0.0,0.0,KronosPredictor,a7d5f37e2e9fbd9891f7d7d4f72574512dd1f704fee14223e0a8cd0fbf54197c,0b30a443affb03e05a876a083857de9164f899feb7b4d261da02c485c9a3e3b6,20260725,1.0,0.9,1
run1,OHLC,OHLC_0011,1,99.99242401123047,100.00048065185547,99.99658966064453,100.0102310180664,99.99242401123047,100.0102310180664,99.99242401123047,100.0102310180664,False,True,True,0.0097503662109375,0.0041656494140625,0.013916015625,0.00013914592020576507,KronosPredictor,a7d5f37e2e9fbd9891f7d7d4f72574512dd1f704fee14223e0a8cd0fbf54197c,0b30a443affb03e05a876a083857de9164f899feb7b4d261da02c485c9a3e3b6,20260725,1.0,0.9,1
run1,OHLC,OHLC_0011,2,99.9951400756836,100.0271224975586,99.98381042480469,100.0095443725586,99.9951400756836,100.0271224975586,99.98381042480469,100.0095443725586,False,True,True,0.0,0.0,0.0,0.0,KronosPredictor,a7d5f37e2e9fbd9891f7d7d4f72574512dd1f704fee14223e0a8cd0fbf54197c,0b30a443affb03e05a876a083857de9164f899feb7b4d261da02c485c9a3e3b6,20260725,1.0,0.9,1
run1,OHLC,OHLC_0011,3,100.05976104736328,100.2027587890625,99.95132446289062,100.00582122802734,100.05976104736328,100.2027587890625,99.95132446289062,100.00582122802734,False,True,True,0.0,0.0,0.0,0.0,KronosPredictor,a7d5f37e2e9fbd9891f7d7d4f72574512dd1f704fee14223e0a8cd0fbf54197c,0b30a443affb03e05a876a083857de9164f899feb7b4d261da02c485c9a3e3b6,20260725,1.0,0.9,1
run1,OHLC,OHLC_0011,4,100.08787536621094,100.0550537109375,99.94066619873047,100.00446319580078,100.08787536621094,100.08787536621094,99.94066619873047,100.00446319580078,False,True,True,0.0328216552734375,0.0,0.0328216552734375,0.00032818297627478144,KronosPredictor,a7d5f37e2e9fbd9891f7d7d4f72574512dd1f704fee14223e0a8cd0fbf54197c,0b30a443affb03e05a876a083857de9164f899feb7b4d261da02c485c9a3e3b6,20260725,1.0,0.9,1
run1,OHLC,OHLC_0011,5,100.04934692382812,100.03755187988281,99.99125671386719,100.00877380371094,100.04934692382812,100.04934692382812,99.99125671386719,100.00877380371094,False,True,True,0.0117950439453125,0.0,0.0117950439453125,0.0001179383731568601,KronosPredictor,a7d5f37e2e9fbd9891f7d7d4f72574512dd1f704fee14223e0a8cd0fbf54197c,0b30a443affb03e05a876a083857de9164f899feb7b4d261da02c485c9a3e3b6,20260725,1.0,0.9,1
run1,OHLC,OHLC_0012,1,99.90838623046875,100.08522033691406,99.89804077148438,100.00318145751953,99.90838623046875,100.08522033691406,99.89804077148438,100.00318145751953,False,True,True,0.0,0.0,0.0,0.0,KronosPredictor,a7d5f37e2e9fbd9891f7d7d4f72574512dd1f704fee14223e0a8cd0fbf54197c,0b30a443affb03e05a876a083857de9164f899feb7b4d261da02c485c9a3e3b6,20260725,1.0,0.9,1
run1,OHLC,OHLC_0012,2,99.87654113769531,100.0656967163086,99.91890716552734,100.00191497802734,99.87654113769531,100.0656967163086,99.87654113769531,100.00191497802734,False,True,True,0.0,0.04236602783203125,0.04236602783203125,0.000423646800177332,KronosPredictor,a7d5f37e2e9fbd9891f7d7d4f72574512dd1f704fee14223e0a8cd0fbf54197c,0b30a443affb03e05a876a083857de9164f899feb7b4d261da02c485c9a3e3b6,20260725,1.0,0.9,1
run1,OHLC,OHLC_0012,3,100.0968246459961,100.13871765136719,99.90864562988281,99.99905395507812,100.0968246459961,100.13871765136719,99.90864562988281,99.99905395507812,False,True,True,0.0,0.0,0.0,0.0,KronosPredictor,a7d5f37e2e9fbd9891f7d7d4f72574512dd1f704fee14223e0a8cd0fbf54197c,0b30a443affb03e05a876a083857de9164f899feb7b4d261da02c485c9a3e3b6,20260725,1.0,0.9,1
run1,OHLC,OHLC_0012,4,99.84619903564453,100.09468841552734,99.85392761230469,100.00170135498047,99.84619903564453,100.09468841552734,99.84619903564453,100.00170135498047,False,True,True,0.0,0.00772857666015625,0.00772857666015625,7.728330786595305e-05,KronosPredictor,a7d5f37e2e9fbd9891f7d7d4f72574512dd1f704fee14223e0a8cd0fbf54197c,0b30a443affb03e05a876a083857de9164f899feb7b4d261da02c485c9a3e3b6,20260725,1.0,0.9,1
run1,OHLC,OHLC_0012,5,100.19325256347656,100.12493133544922,99.87406921386719,99.99485778808594,100.19325256347656,100.19325256347656,99.87406921386719,99.99485778808594,False,True,True,0.06832122802734375,0.0,0.06832122802734375,0.0006831905448564754,KronosPredictor,a7d5f37e2e9fbd9891f7d7d4f72574512dd1f704fee14223e0a8cd0fbf54197c,0b30a443affb03e05a876a083857de9164f899feb7b4d261da02c485c9a3e3b6,20260725,1.0,0.9,1
run1,OHLC,OHLC_0013,1,99.97785949707031,100.0006332397461,99.96430969238281,99.99298858642578,99.97785949707031,100.0006332397461,99.96430969238281,99.99298858642578,True,True,False,0.0,0.0,0.0,0.0,KronosPredictor,a7d5f37e2e9fbd9891f7d7d4f72574512dd1f704fee14223e0a8cd0fbf54197c,0b30a443affb03e05a876a083857de9164f899feb7b4d261da02c485c9a3e3b6,20260725,1.0,0.9,1
run1,OHLC,OHLC_0013,2,99.98796081542969,100.00956726074219,99.9266128540039,99.98372650146484,99.98796081542969,100.00956726074219,99.9266128540039,99.98372650146484,True,True,False,0.0,0.0,0.0,0.0,KronosPredictor,a7d5f37e2e9fbd9891f7d7d4f72574512dd1f704fee14223e0a8cd0fbf54197c,0b30a443affb03e05a876a083857de9164f899feb7b4d261da02c485c9a3e3b6,20260725,1.0,0.9,1
run1,OHLC,OHLC_0013,3,99.94440460205078,100.03646087646484,99.87677764892578,99.9873275756836,99.94440460205078,100.03646087646484,99.87677764892578,99.9873275756836,True,True,False,0.0,0.0,0.0,0.0,KronosPredictor,a7d5f37e2e9fbd9891f7d7d4f72574512dd1f704fee14223e0a8cd0fbf54197c,0b30a443affb03e05a876a083857de9164f899feb7b4d261da02c485c9a3e3b6,20260725,1.0,0.9,1
run1,OHLC,OHLC_0013,4,99.95641326904297,100.0298843383789,99.91888427734375,99.9828109741211,99.95641326904297,100.0298843383789,99.91888427734375,99.9828109741211,True,True,False,0.0,0.0,0.0,0.0,KronosPredictor,a7d5f37e2e9fbd9891f7d7d4f72574512dd1f704fee14223e0a8cd0fbf54197c,0b30a443affb03e05a876a083857de9164f899feb7b4d261da02c485c9a3e3b6,20260725,1.0,0.9,1
run1,OHLC,OHLC_0013,5,99.96142578125,99.99573516845703,99.93472290039062,99.98538970947266,99.96142578125,99.99573516845703,99.93472290039062,99.98538970947266,True,True,False,0.0,0.0,0.0,0.0,KronosPredictor,a7d5f37e2e9fbd9891f7d7d4f72574512dd1f704fee14223e0a8cd0fbf54197c,0b30a443affb03e05a876a083857de9164f899feb7b4d261da02c485c9a3e3b6,20260725,1.0,0.9,1
run1,OHLC,OHLC_0014,1,100.06779479980469,100.07466125488281,99.99828338623047,99.99539184570312,100.06779479980469,100.07466125488281,99.99539184570312,99.99539184570312,False,True,True,0.0,0.00289154052734375,0.00289154052734375,2.8916737801333007e-05,KronosPredictor,a7d5f37e2e9fbd9891f7d7d4f72574512dd1f704fee14223e0a8cd0fbf54197c,0b30a443affb03e05a876a083857de9164f899feb7b4d261da02c485c9a3e3b6,20260725,1.0,0.9,1
run1,OHLC,OHLC_0014,2,100.02711486816406,100.06758117675781,100.00253295898438,99.99800872802734,100.02711486816406,100.06758117675781,99.99800872802734,99.99800872802734,False,True,True,0.0,0.00452423095703125,0.00452423095703125,4.524439450182183e-05,KronosPredictor,a7d5f37e2e9fbd9891f7d7d4f72574512dd1f704fee14223e0a8cd0fbf54197c,0b30a443affb03e05a876a083857de9164f899feb7b4d261da02c485c9a3e3b6,20260725,1.0,0.9,1
run1,OHLC,OHLC_0014,3,100.02206420898438,100.02265167236328,100.01354217529297,99.99396514892578,100.02206420898438,100.02265167236328,99.99396514892578,99.99396514892578,False,True,True,0.0,0.0195770263671875,0.0195770263671875,0.0001957792854834314,KronosPredictor,a7d5f37e2e9fbd9891f7d7d4f72574512dd1f704fee14223e0a8cd0fbf54197c,0b30a443affb03e05a876a083857de9164f899feb7b4d261da02c485c9a3e3b6,20260725,1.0,0.9,1
run1,OHLC,OHLC_0014,4,99.80927276611328,100.04388427734375,99.86298370361328,99.99467468261719,99.80927276611328,100.04388427734375,99.80927276611328,99.99467468261719,False,True,True,0.0,0.0537109375,0.0537109375,0.0005371341269693519,KronosPredictor,a7d5f37e2e9fbd9891f7d7d4f72574512dd1f704fee14223e0a8cd0fbf54197c,0b30a443affb03e05a876a083857de9164f899feb7b4d261da02c485c9a3e3b6,20260725,1.0,0.9,1
run1,OHLC,OHLC_0014,5,100.14696502685547,100.10897064208984,100.01433563232422,99.99378967285156,100.14696502685547,100.14696502685547,99.99378967285156,99.99378967285156,False,True,True,0.037994384765625,0.02054595947265625,0.05854034423828125,0.0005854304199198633,KronosPredictor,a7d5f37e2e9fbd9891f7d7d4f72574512dd1f704fee14223e0a8cd0fbf54197c,0b30a443affb03e05a876a083857de9164f899feb7b4d261da02c485c9a3e3b6,20260725,1.0,0.9,1
run1,OHLC,OHLC_0015,1,100.12946319580078,100.09158325195312,100.01671600341797,100.0119400024414,100.12946319580078,100.12946319580078,100.0119400024414,100.0119400024414,False,True,True,0.03787994384765625,0.0047760009765625,0.04265594482421875,0.0004265085231141149,KronosPredictor,a7d5f37e2e9fbd9891f7d7d4f72574512dd1f704fee14223e0a8cd0fbf54197c,0b30a443affb03e05a876a083857de9164f899feb7b4d261da02c485c9a3e3b6,20260725,1.0,0.9,1
run1,OHLC,OHLC_0015,2,100.06858825683594,100.13742065429688,99.93753051757812,100.01622009277344,100.06858825683594,100.13742065429688,99.93753051757812,100.01622009277344,False,True,True,0.0,0.0,0.0,0.0,KronosPredictor,a7d5f37e2e9fbd9891f7d7d4f72574512dd1f704fee14223e0a8cd0fbf54197c,0b30a443affb03e05a876a083857de9164f899feb7b4d261da02c485c9a3e3b6,20260725,1.0,0.9,1
run1,OHLC,OHLC_0015,3,99.99130249023438,100.12786865234375,99.9480209350586,100.02113342285156,99.99130249023438,100.12786865234375,99.9480209350586,100.02113342285156,False,True,True,0.0,0.0,0.0,0.0,KronosPredictor,a7d5f37e2e9fbd9891f7d7d4f72574512dd1f704fee14223e0a8cd0fbf54197c,0b30a443affb03e05a876a083857de9164f899feb7b4d261da02c485c9a3e3b6,20260725,1.0,0.9,1
run1,OHLC,OHLC_0015,4,100.1256332397461,100.09745025634766,100.01388549804688,100.0188980102539,100.1256332397461,100.1256332397461,100.01388549804688,100.0188980102539,False,True,True,0.0281829833984375,0.0,0.0281829833984375,0.0002817961875127062,KronosPredictor,a7d5f37e2e9fbd9891f7d7d4f72574512dd1f704fee14223e0a8cd0fbf54197c,0b30a443affb03e05a876a083857de9164f899feb7b4d261da02c485c9a3e3b6,20260725,1.0,0.9,1
run1,OHLC,OHLC_0015,5,100.0855941772461,100.06560516357422,100.06890106201172,100.02566528320312,100.0855941772461,100.0855941772461,100.02566528320312,100.02566528320312,False,True,True,0.019989013671875,0.04323577880859375,0.06322479248046875,0.0006321724433995117,KronosPredictor,a7d5f37e2e9fbd9891f7d7d4f72574512dd1f704fee14223e0a8cd0fbf54197c,0b30a443affb03e05a876a083857de9164f899feb7b4d261da02c485c9a3e3b6,20260725,1.0,0.9,1
run1,OHLC,OHLC_0016,1,99.9311294555664,99.97379302978516,99.9212646484375,99.98506164550781,99.9311294555664,99.98506164550781,99.9212646484375,99.98506164550781,False,True,True,0.01126861572265625,0.0,0.01126861572265625,0.00011270299319920991,KronosPredictor,a7d5f37e2e9fbd9891f7d7d4f72574512dd1f704fee14223e0a8cd0fbf54197c,0b30a443affb03e05a876a083857de9164f899feb7b4d261da02c485c9a3e3b6,20260725,1.0,0.9,1
run1,OHLC,OHLC_0016,2,99.85274505615234,99.9686508178711,99.89250946044922,99.98626708984375,99.85274505615234,99.98626708984375,99.85274505615234,99.98626708984375,False,True,True,0.01761627197265625,0.039764404296875,0.05738067626953125,0.0005738924927902896,KronosPredictor,a7d5f37e2e9fbd9891f7d7d4f72574512dd1f704fee14223e0a8cd0fbf54197c,0b30a443affb03e05a876a083857de9164f899feb7b4d261da02c485c9a3e3b6,20260725,1.0,0.9,1
run1,OHLC,OHLC_0016,3,99.95779418945312,99.98056030273438,99.89861297607422,99.98228454589844,99.95779418945312,99.98228454589844,99.89861297607422,99.98228454589844,False,True,True,0.0017242431640625,0.0,0.0017242431640625,1.7245007761016546e-05,KronosPredictor,a7d5f37e2e9fbd9891f7d7d4f72574512dd1f704fee14223e0a8cd0fbf54197c,0b30a443affb03e05a876a083857de9164f899feb7b4d261da02c485c9a3e3b6,20260725,1.0,0.9,1
run1,OHLC,OHLC_0016,4,99.95047760009766,99.9818115234375,99.92350769042969,99.9847640991211,99.95047760009766,99.9847640991211,99.92350769042969,99.9847640991211,False,True,True,0.00295257568359375,0.0,0.00295257568359375,2.9530168157138953e-05,KronosPredictor,a7d5f37e2e9fbd9891f7d7d4f72574512dd1f704fee14223e0a8cd0fbf54197c,0b30a443affb03e05a876a083857de9164f899feb7b4d261da02c485c9a3e3b6,20260725,1.0,0.9,1
run1,OHLC,OHLC_0016,5,99.97036743164062,100.00166320800781,99.93132019042969,99.98751831054688,99.97036743164062,100.00166320800781,99.93132019042969,99.98751831054688,False,True,True,0.0,0.0,0.0,0.0,KronosPredictor,a7d5f37e2e9fbd9891f7d7d4f72574512dd1f704fee14223e0a8cd0fbf54197c,0b30a443affb03e05a876a083857de9164f899feb7b4d261da02c485c9a3e3b6,20260725,1.0,0.9,1
run1,OHLC,OHLC_0017,1,99.80644226074219,99.99066162109375,99.84651947021484,99.97872924804688,99.80644226074219,99.99066162109375,99.80644226074219,99.97872924804688,False,True,True,0.0,0.04007720947265625,0.04007720947265625,0.0004008573601013155,KronosPredictor,a7d5f37e2e9fbd9891f7d7d4f72574512dd1f704fee14223e0a8cd0fbf54197c,0b30a443affb03e05a876a083857de9164f899feb7b4d261da02c485c9a3e3b6,20260725,1.0,0.9,1
run1,OHLC,OHLC_0017,2,99.94806671142578,99.95758056640625,99.9027328491211,99.97599029541016,99.94806671142578,99.97599029541016,99.9027328491211,99.97599029541016,False,True,True,0.01840972900390625,0.0,0.01840972900390625,0.000184136457248139,KronosPredictor,a7d5f37e2e9fbd9891f7d7d4f72574512dd1f704fee14223e0a8cd0fbf54197c,0b30a443affb03e05a876a083857de9164f899feb7b4d261da02c485c9a3e3b6,20260725,1.0,0.9,1
run1,OHLC,OHLC_0017,3,99.88998413085938,99.95465087890625,99.90406036376953,99.979248046875,99.88998413085938,99.979248046875,99.88998413085938,99.979248046875,False,True,True,0.02459716796875,0.01407623291015625,0.03867340087890625,0.0003868162875220956,KronosPredictor,a7d5f37e2e9fbd9891f7d7d4f72574512dd1f704fee14223e0a8cd0fbf54197c,0b30a443affb03e05a876a083857de9164f899feb7b4d261da02c485c9a3e3b6,20260725,1.0,0.9,1
run1,OHLC,OHLC_0017,4,99.93571472167969,100.02361297607422,99.86945343017578,99.97769165039062,99.93571472167969,100.02361297607422,99.86945343017578,99.97769165039062,False,True,True,0.0,0.0,0.0,0.0,KronosPredictor,a7d5f37e2e9fbd9891f7d7d4f72574512dd1f704fee14223e0a8cd0fbf54197c,0b30a443affb03e05a876a083857de9164f899feb7b4d261da02c485c9a3e3b6,20260725,1.0,0.9,1
run1,OHLC,OHLC_0017,5,100.00993347167969,99.99337005615234,99.8952407836914,99.97605895996094,100.00993347167969,100.00993347167969,99.8952407836914,99.97605895996094,False,True,True,0.01656341552734375,0.0,0.01656341552734375,0.00016566939439938245,KronosPredictor,a7d5f37e2e9fbd9891f7d7d4f72574512dd1f704fee14223e0a8cd0fbf54197c,0b30a443affb03e05a876a083857de9164f899feb7b4d261da02c485c9a3e3b6,20260725,1.0,0.9,1
run1,OHLC,OHLC_0018,1,99.96456146240234,99.96678924560547,99.94278717041016,99.99153137207031,99.96456146240234,99.99153137207031,99.94278717041016,99.99153137207031,False,True,True,0.02474212646484375,0.0,0.02474212646484375,0.0002474422196093572,KronosPredictor,a7d5f37e2e9fbd9891f7d7d4f72574512dd1f704fee14223e0a8cd0fbf54197c,0b30a443affb03e05a876a083857de9164f899feb7b4d261da02c485c9a3e3b6,20260725,1.0,0.9,1
run1,OHLC,OHLC_0018,2,99.96075439453125,99.95726013183594,99.93804168701172,99.99059295654297,99.96075439453125,99.99059295654297,99.93804168701172,99.99059295654297,False,True,True,0.03333282470703125,0.0,0.03333282470703125,0.00033335647779009605,KronosPredictor,a7d5f37e2e9fbd9891f7d7d4f72574512dd1f704fee14223e0a8cd0fbf54197c,0b30a443affb03e05a876a083857de9164f899feb7b4d261da02c485c9a3e3b6,20260725,1.0,0.9,1
run1,OHLC,OHLC_0018,3,99.95199584960938,99.96368408203125,99.9028091430664,99.98853302001953,99.95199584960938,99.98853302001953,99.9028091430664,99.98853302001953,False,True,True,0.02484893798828125,0.0,0.02484893798828125,0.00024851042530609814,KronosPredictor,a7d5f37e2e9fbd9891f7d7d4f72574512dd1f704fee14223e0a8cd0fbf54197c,0b30a443affb03e05a876a083857de9164f899feb7b4d261da02c485c9a3e3b6,20260725,1.0,0.9,1
run1,OHLC,OHLC_0018,4,99.93375396728516,99.95319366455078,99.8910140991211,99.98758697509766,99.93375396728516,99.98758697509766,99.8910140991211,99.98758697509766,False,True,True,0.034393310546875,0.0,0.034393310546875,0.0003439622343505958,KronosPredictor,a7d5f37e2e9fbd9891f7d7d4f72574512dd1f704fee14223e0a8cd0fbf54197c,0b30a443affb03e05a876a083857de9164f899feb7b4d261da02c485c9a3e3b6,20260725,1.0,0.9,1
run1,OHLC,OHLC_0018,5,99.92546081542969,99.94895935058594,99.88734436035156,99.98723602294922,99.92546081542969,99.98723602294922,99.88734436035156,99.98723602294922,False,True,True,0.03827667236328125,0.0,0.03827667236328125,0.00038279914146782147,KronosPredictor,a7d5f37e2e9fbd9891f7d7d4f72574512dd1f704fee14223e0a8cd0fbf54197c,0b30a443affb03e05a876a083857de9164f899feb7b4d261da02c485c9a3e3b6,20260725,1.0,0.9,1
run1,OHLC,OHLC_0019,1,99.82144927978516,100.0489273071289,99.84037780761719,100.00040435791016,99.82144927978516,100.0489273071289,99.82144927978516,100.00040435791016,False,True,True,0.0,0.01892852783203125,0.01892852783203125,0.00018928451293341174,KronosPredictor,a7d5f37e2e9fbd9891f7d7d4f72574512dd1f704fee14223e0a8cd0fbf54197c,0b30a443affb03e05a876a083857de9164f899feb7b4d261da02c485c9a3e3b6,20260725,1.0,0.9,1
run1,OHLC,OHLC_0019,2,100.08314514160156,100.04855346679688,99.99200439453125,99.99967193603516,100.08314514160156,100.08314514160156,99.99200439453125,99.99967193603516,False,True,True,0.0345916748046875,0.0,0.0345916748046875,0.0003459153493107976,KronosPredictor,a7d5f37e2e9fbd9891f7d7d4f72574512dd1f704fee14223e0a8cd0fbf54197c,0b30a443affb03e05a876a083857de9164f899feb7b4d261da02c485c9a3e3b6,20260725,1.0,0.9,1
run1,OHLC,OHLC_0019,3,100.00138092041016,100.0293960571289,99.90567016601562,99.99752807617188,100.00138092041016,100.0293960571289,99.90567016601562,99.99752807617188,False,True,True,0.0,0.0,0.0,0.0,KronosPredictor,a7d5f37e2e9fbd9891f7d7d4f72574512dd1f704fee14223e0a8cd0fbf54197c,0b30a443affb03e05a876a083857de9164f899feb7b4d261da02c485c9a3e3b6,20260725,1.0,0.9,1
run1,OHLC,OHLC_0019,4,99.89818572998047,100.04875946044922,99.87644958496094,99.9989013671875,99.89818572998047,100.04875946044922,99.87644958496094,99.9989013671875,False,True,True,0.0,0.0,0.0,0.0,KronosPredictor,a7d5f37e2e9fbd9891f7d7d4f72574512dd1f704fee14223e0a8cd0fbf54197c,0b30a443affb03e05a876a083857de9164f899feb7b4d261da02c485c9a3e3b6,20260725,1.0,0.9,1
run1,OHLC,OHLC_0019,5,100.10301971435547,100.04778289794922,100.0475082397461,100.00020599365234,100.10301971435547,100.10301971435547,100.00020599365234,100.00020599365234,False,True,True,0.05523681640625,0.04730224609375,0.1025390625,0.0010253864787686635,KronosPredictor,a7d5f37e2e9fbd9891f7d7d4f72574512dd1f704fee14223e0a8cd0fbf54197c,0b30a443affb03e05a876a083857de9164f899feb7b4d261da02c485c9a3e3b6,20260725,1.0,0.9,1
run1,OHLC,OHLC_0020,1,100.05924987792969,100.14199829101562,99.99024963378906,100.03050994873047,100.05924987792969,100.14199829101562,99.99024963378906,100.03050994873047,False,True,True,0.0,0.0,0.0,0.0,KronosPredictor,a7d5f37e2e9fbd9891f7d7d4f72574512dd1f704fee14223e0a8cd0fbf54197c,0b30a443affb03e05a876a083857de9164f899feb7b4d261da02c485c9a3e3b6,20260725,1.0,0.9,1
run1,OHLC,OHLC_0020,2,100.14934539794922,100.1089859008789,100.07637786865234,100.03926086425781,100.14934539794922,100.14934539794922,100.03926086425781,100.03926086425781,False,True,True,0.0403594970703125,0.03711700439453125,0.07747650146484375,0.0007745287063372312,KronosPredictor,a7d5f37e2e9fbd9891f7d7d4f72574512dd1f704fee14223e0a8cd0fbf54197c,0b30a443affb03e05a876a083857de9164f899feb7b4d261da02c485c9a3e3b6,20260725,1.0,0.9,1
run1,OHLC,OHLC_0020,3,100.07632446289062,100.14306640625,100.00776672363281,100.03923797607422,100.07632446289062,100.14306640625,100.00776672363281,100.03923797607422,False,True,True,0.0,0.0,0.0,0.0,KronosPredictor,a7d5f37e2e9fbd9891f7d7d4f72574512dd1f704fee14223e0a8cd0fbf54197c,0b30a443affb03e05a876a083857de9164f899feb7b4d261da02c485c9a3e3b6,20260725,1.0,0.9,1
run1,OHLC,OHLC_0020,4,100.10895538330078,100.1022720336914,100.03905487060547,100.03253936767578,100.10895538330078,100.10895538330078,100.03253936767578,100.03253936767578,False,True,True,0.006683349609375,0.0065155029296875,0.0131988525390625,0.00013194826804169475,KronosPredictor,a7d5f37e2e9fbd9891f7d7d4f72574512dd1f704fee14223e0a8cd0fbf54197c,0b30a443affb03e05a876a083857de9164f899feb7b4d261da02c485c9a3e3b6,20260725,1.0,0.9,1
run1,OHLC,OHLC_0020,5,100.1791000366211,100.12278747558594,100.08539581298828,100.03714752197266,100.1791000366211,100.1791000366211,100.03714752197266,100.03714752197266,False,True,True,0.05631256103515625,0.048248291015625,0.10456085205078125,0.0010452896031857956,KronosPredictor,a7d5f37e2e9fbd9891f7d7d4f72574512dd1f704fee14223e0a8cd0fbf54197c,0b30a443affb03e05a876a083857de9164f899feb7b4d261da02c485c9a3e3b6,20260725,1.0,0.9,1
run1,OHLC,OHLC_0021,1,99.99348449707031,100.00802612304688,100.02352905273438,100.01514434814453,99.99348449707031,100.01514434814453,99.99348449707031,100.01514434814453,False,True,True,0.00711822509765625,0.0300445556640625,0.03716278076171875,0.0003715715355302408,KronosPredictor,a7d5f37e2e9fbd9891f7d7d4f72574512dd1f704fee14223e0a8cd0fbf54197c,0b30a443affb03e05a876a083857de9164f899feb7b4d261da02c485c9a3e3b6,20260725,1.0,0.9,1
run1,OHLC,OHLC_0021,2,100.04236602783203,100.0616683959961,100.00764465332031,100.01624298095703,100.04236602783203,100.0616683959961,100.00764465332031,100.01624298095703,False,True,True,0.0,0.0,0.0,0.0,KronosPredictor,a7d5f37e2e9fbd9891f7d7d4f72574512dd1f704fee14223e0a8cd0fbf54197c,0b30a443affb03e05a876a083857de9164f899feb7b4d261da02c485c9a3e3b6,20260725,1.0,0.9,1
run1,OHLC,OHLC_0021,3,100.04497528076172,100.07971954345703,99.98018646240234,100.01553344726562,100.04497528076172,100.07971954345703,99.98018646240234,100.01553344726562,False,True,True,0.0,0.0,0.0,0.0,KronosPredictor,a7d5f37e2e9fbd9891f7d7d4f72574512dd1f704fee14223e0a8cd0fbf54197c,0b30a443affb03e05a876a083857de9164f899feb7b4d261da02c485c9a3e3b6,20260725,1.0,0.9,1
run1,OHLC,OHLC_0021,4,100.0669174194336,100.04283905029297,99.9803466796875,100.00868225097656,100.0669174194336,100.0669174194336,99.9803466796875,100.00868225097656,False,True,True,0.024078369140625,0.0,0.024078369140625,0.00024074723180731678,KronosPredictor,a7d5f37e2e9fbd9891f7d7d4f72574512dd1f704fee14223e0a8cd0fbf54197c,0b30a443affb03e05a876a083857de9164f899feb7b4d261da02c485c9a3e3b6,20260725,1.0,0.9,1
run1,OHLC,OHLC_0021,5,99.95921325683594,99.99256134033203,99.97151947021484,100.00861358642578,99.95921325683594,100.00861358642578,99.95921325683594,100.00861358642578,False,True,True,0.01605224609375,0.01230621337890625,0.02835845947265625,0.000283541654191317,KronosPredictor,a7d5f37e2e9fbd9891f7d7d4f72574512dd1f704fee14223e0a8cd0fbf54197c,0b30a443affb03e05a876a083857de9164f899feb7b4d261da02c485c9a3e3b6,20260725,1.0,0.9,1
run1,OHLC,OHLC_0022,1,99.91315460205078,100.04998016357422,99.93607330322266,100.00349426269531,99.91315460205078,100.04998016357422,99.91315460205078,100.00349426269531,False,True,True,0.0,0.022918701171875,0.022918701171875,0.00022917900360232163,KronosPredictor,a7d5f37e2e9fbd9891f7d7d4f72574512dd1f704fee14223e0a8cd0fbf54197c,0b30a443affb03e05a876a083857de9164f899feb7b4d261da02c485c9a3e3b6,20260725,1.0,0.9,1
run1,OHLC,OHLC_0022,2,100.0156021118164,100.07930755615234,99.91930389404297,100.003662109375,100.0156021118164,100.07930755615234,99.91930389404297,100.003662109375,False,True,True,0.0,0.0,0.0,0.0,KronosPredictor,a7d5f37e2e9fbd9891f7d7d4f72574512dd1f704fee14223e0a8cd0fbf54197c,0b30a443affb03e05a876a083857de9164f899feb7b4d261da02c485c9a3e3b6,20260725,1.0,0.9,1
run1,OHLC,OHLC_0022,3,100.08595275878906,100.13323211669922,99.93456268310547,99.99933624267578,100.08595275878906,100.13323211669922,99.93456268310547,99.99933624267578,False,True,True,0.0,0.0,0.0,0.0,KronosPredictor,a7d5f37e2e9fbd9891f7d7d4f72574512dd1f704fee14223e0a8cd0fbf54197c,0b30a443affb03e05a876a083857de9164f899feb7b4d261da02c485c9a3e3b6,20260725,1.0,0.9,1
run1,OHLC,OHLC_0022,4,99.98998260498047,100.0560531616211,99.96658325195312,100.00526428222656,99.98998260498047,100.0560531616211,99.96658325195312,100.00526428222656,False,True,True,0.0,0.0,0.0,0.0,KronosPredictor,a7d5f37e2e9fbd9891f7d7d4f72574512dd1f704fee14223e0a8cd0fbf54197c,0b30a443affb03e05a876a083857de9164f899feb7b4d261da02c485c9a3e3b6,20260725,1.0,0.9,1
run1,OHLC,OHLC_0022,5,100.14727783203125,100.09664154052734,99.960205078125,100.00013732910156,100.14727783203125,100.14727783203125,99.960205078125,100.00013732910156,False,True,True,0.05063629150390625,0.0,0.05063629150390625,0.0005063452220068604,KronosPredictor,a7d5f37e2e9fbd9891f7d7d4f72574512dd1f704fee14223e0a8cd0fbf54197c,0b30a443affb03e05a876a083857de9164f899feb7b4d261da02c485c9a3e3b6,20260725,1.0,0.9,1
run1,OHLC,OHLC_0023,1,100.1392593383789,100.04241943359375,100.05101013183594,100.00902557373047,100.1392593383789,100.1392593383789,100.00902557373047,100.00902557373047,False,True,True,0.09683990478515625,0.04198455810546875,0.138824462890625,0.0013881193431714651,KronosPredictor,a7d5f37e2e9fbd9891f7d7d4f72574512dd1f704fee14223e0a8cd0fbf54197c,0b30a443affb03e05a876a083857de9164f899feb7b4d261da02c485c9a3e3b6,20260725,1.0,0.9,1
run1,OHLC,OHLC_0023,2,100.08053588867188,100.0614242553711,100.02397155761719,100.01004791259766,100.08053588867188,100.08053588867188,100.01004791259766,100.01004791259766,False,True,True,0.01911163330078125,0.01392364501953125,0.0330352783203125,0.0003303229696599497,KronosPredictor,a7d5f37e2e9fbd9891f7d7d4f72574512dd1f704fee14223e0a8cd0fbf54197c,0b30a443affb03e05a876a083857de9164f899feb7b4d261da02c485c9a3e3b6,20260725,1.0,0.9,1
run1,OHLC,OHLC_0023,3,100.11772155761719,100.05782318115234,100.06477355957031,100.01058959960938,100.11772155761719,100.11772155761719,100.01058959960938,100.01058959960938,False,True,True,0.05989837646484375,0.0541839599609375,0.11408233642578125,0.0011407204076963574,KronosPredictor,a7d5f37e2e9fbd9891f7d7d4f72574512dd1f704fee14223e0a8cd0fbf54197c,0b30a443affb03e05a876a083857de9164f899feb7b4d261da02c485c9a3e3b6,20260725,1.0,0.9,1
run1,OHLC,OHLC_0023,4,100.02446746826172,100.0595703125,100.00003051757812,100.0115737915039,100.02446746826172,100.0595703125,100.00003051757812,100.0115737915039,False,True,True,0.0,0.0,0.0,0.0,KronosPredictor,a7d5f37e2e9fbd9891f7d7d4f72574512dd1f704fee14223e0a8cd0fbf54197c,0b30a443affb03e05a876a083857de9164f899feb7b4d261da02c485c9a3e3b6,20260725,1.0,0.9,1
run1,OHLC,OHLC_0023,5,100.05178833007812,100.04338073730469,100.01969146728516,100.01181030273438,100.05178833007812,100.05178833007812,100.01181030273438,100.01181030273438,False,True,True,0.0084075927734375,0.00788116455078125,0.01628875732421875,0.00016287287303094517,KronosPredictor,a7d5f37e2e9fbd9891f7d7d4f72574512dd1f704fee14223e0a8cd0fbf54197c,0b30a443affb03e05a876a083857de9164f899feb7b4d261da02c485c9a3e3b6,20260725,1.0,0.9,1
run1,OHLC,OHLC_0024,1,100.1738510131836,100.09611511230469,100.0863265991211,100.00550079345703,100.1738510131836,100.1738510131836,100.00550079345703,100.00550079345703,False,True,True,0.07773590087890625,0.0808258056640625,0.15856170654296875,0.0015855298487075105,KronosPredictor,a7d5f37e2e9fbd9891f7d7d4f72574512dd1f704fee14223e0a8cd0fbf54197c,0b30a443affb03e05a876a083857de9164f899feb7b4d261da02c485c9a3e3b6,20260725,1.0,0.9,1
run1,OHLC,OHLC_0024,2,100.12874603271484,100.1061019897461,100.02983856201172,100.00481414794922,100.12874603271484,100.12874603271484,100.00481414794922,100.00481414794922,False,True,True,0.02264404296875,0.0250244140625,0.04766845703125,0.00047665835032115314,KronosPredictor,a7d5f37e2e9fbd9891f7d7d4f72574512dd1f704fee14223e0a8cd0fbf54197c,0b30a443affb03e05a876a083857de9164f899feb7b4d261da02c485c9a3e3b6,20260725,1.0,0.9,1
run1,OHLC,OHLC_0024,3,100.15991973876953,100.0877914428711,100.04888153076172,100.00272369384766,100.15991973876953,100.15991973876953,100.00272369384766,100.00272369384766,False,True,True,0.0721282958984375,0.0461578369140625,0.1182861328125,0.0011827962649454478,KronosPredictor,a7d5f37e2e9fbd9891f7d7d4f72574512dd1f704fee14223e0a8cd0fbf54197c,0b30a443affb03e05a876a083857de9164f899feb7b4d261da02c485c9a3e3b6,20260725,1.0,0.9,1
run1,OHLC,OHLC_0024,4,100.07269287109375,100.06966400146484,100.05467987060547,100.00546264648438,100.07269287109375,100.07269287109375,100.00546264648438,100.00546264648438,False,True,True,0.00302886962890625,0.04921722412109375,0.05224609375,0.0005224321995837478,KronosPredictor,a7d5f37e2e9fbd9891f7d7d4f72574512dd1f704fee14223e0a8cd0fbf54197c,0b30a443affb03e05a876a083857de9164f899feb7b4d261da02c485c9a3e3b6,20260725,1.0,0.9,1
run1,OHLC,OHLC_0024,5,100.16050720214844,100.07505798339844,100.04547119140625,100.00286865234375,100.16050720214844,100.16050720214844,100.00286865234375,100.00286865234375,False,True,True,0.08544921875,0.0426025390625,0.1280517578125,0.0012804471433723167,KronosPredictor,a7d5f37e2e9fbd9891f7d7d4f72574512dd1f704fee14223e0a8cd0fbf54197c,0b30a443affb03e05a876a083857de9164f899feb7b4d261da02c485c9a3e3b6,20260725,1.0,0.9,1
run1,OHLC,OHLC_0025,1,100.07369995117188,100.04743194580078,100.01596069335938,99.99810791015625,100.07369995117188,100.07369995117188,99.99810791015625,99.99810791015625,False,True,True,0.02626800537109375,0.017852783203125,0.04412078857421875,0.00044121623394973906,KronosPredictor,a7d5f37e2e9fbd9891f7d7d4f72574512dd1f704fee14223e0a8cd0fbf54197c,0b30a443affb03e05a876a083857de9164f899feb7b4d261da02c485c9a3e3b6,20260725,1.0,0.9,1
run1,OHLC,OHLC_0025,2,100.02677917480469,100.01509857177734,100.01363372802734,99.99957275390625,100.02677917480469,100.02677917480469,99.99957275390625,99.99957275390625,False,True,True,0.01168060302734375,0.01406097412109375,0.0257415771484375,0.00025742064211420015,KronosPredictor,a7d5f37e2e9fbd9891f7d7d4f72574512dd1f704fee14223e0a8cd0fbf54197c,0b30a443affb03e05a876a083857de9164f899feb7b4d261da02c485c9a3e3b6,20260725,1.0,0.9,1
run1,OHLC,OHLC_0025,3,100.0586929321289,100.04380798339844,100.02114868164062,99.99891662597656,100.0586929321289,100.0586929321289,99.99891662597656,99.99891662597656,False,True,True,0.01488494873046875,0.0222320556640625,0.03711700439453125,0.00037117706694889856,KronosPredictor,a7d5f37e2e9fbd9891f7d7d4f72574512dd1f704fee14223e0a8cd0fbf54197c,0b30a443affb03e05a876a083857de9164f899feb7b4d261da02c485c9a3e3b6,20260725,1.0,0.9,1
run1,OHLC,OHLC_0025,4,99.97199249267578,100.0589828491211,99.96656036376953,100.0003662109375,99.97199249267578,100.0589828491211,99.96656036376953,100.0003662109375,False,True,True,0.0,0.0,0.0,0.0,KronosPredictor,a7d5f37e2e9fbd9891f7d7d4f72574512dd1f704fee14223e0a8cd0fbf54197c,0b30a443affb03e05a876a083857de9164f899feb7b4d261da02c485c9a3e3b6,20260725,1.0,0.9,1
run1,OHLC,OHLC_0025,5,100.01592254638672,100.04723358154297,100.01042175292969,100.0028076171875,100.01592254638672,100.04723358154297,100.0028076171875,100.0028076171875,False,True,True,0.0,0.0076141357421875,0.0076141357421875,7.614279811202482e-05,KronosPredictor,a7d5f37e2e9fbd9891f7d7d4f72574512dd1f704fee14223e0a8cd0fbf54197c,0b30a443affb03e05a876a083857de9164f899feb7b4d261da02c485c9a3e3b6,20260725,1.0,0.9,1
run1,OHLC,OHLC_0026,1,99.88306427001953,100.1353530883789,99.8634262084961,99.98845672607422,99.88306427001953,100.1353530883789,99.8634262084961,99.98845672607422,False,True,True,0.0,0.0,0.0,0.0,KronosPredictor,a7d5f37e2e9fbd9891f7d7d4f72574512dd1f704fee14223e0a8cd0fbf54197c,0b30a443affb03e05a876a083857de9164f899feb7b4d261da02c485c9a3e3b6,20260725,1.0,0.9,1
run1,OHLC,OHLC_0026,2,99.96521759033203,100.00730895996094,99.92139434814453,99.98323822021484,99.96521759033203,100.00730895996094,99.92139434814453,99.98323822021484,False,True,True,0.0,0.0,0.0,0.0,KronosPredictor,a7d5f37e2e9fbd9891f7d7d4f72574512dd1f704fee14223e0a8cd0fbf54197c,0b30a443affb03e05a876a083857de9164f899feb7b4d261da02c485c9a3e3b6,20260725,1.0,0.9,1
run1,OHLC,OHLC_0026,3,99.90018463134766,99.98703002929688,99.89867401123047,99.98512268066406,99.90018463134766,99.98703002929688,99.89867401123047,99.98512268066406,False,True,True,0.0,0.0,0.0,0.0,KronosPredictor,a7d5f37e2e9fbd9891f7d7d4f72574512dd1f704fee14223e0a8cd0fbf54197c,0b30a443affb03e05a876a083857de9164f899feb7b4d261da02c485c9a3e3b6,20260725,1.0,0.9,1
run1,OHLC,OHLC_0026,4,99.92781829833984,99.97173309326172,99.92125701904297,99.98400115966797,99.92781829833984,99.98400115966797,99.92125701904297,99.98400115966797,False,True,True,0.01226806640625,0.0,0.01226806640625,0.00012269482706248058,KronosPredictor,a7d5f37e2e9fbd9891f7d7d4f72574512dd1f704fee14223e0a8cd0fbf54197c,0b30a443affb03e05a876a083857de9164f899feb7b4d261da02c485c9a3e3b6,20260725,1.0,0.9,1
run1,OHLC,OHLC_0026,5,99.781494140625,100.0474853515625,99.82223510742188,99.99151611328125,99.781494140625,100.0474853515625,99.781494140625,99.99151611328125,False,True,True,0.0,0.040740966796875,0.040740966796875,0.0004074567018119691,KronosPredictor,a7d5f37e2e9fbd9891f7d7d4f72574512dd1f704fee14223e0a8cd0fbf54197c,0b30a443affb03e05a876a083857de9164f899feb7b4d261da02c485c9a3e3b6,20260725,1.0,0.9,1
run1,OHLC,OHLC_0027,1,100.09712219238281,100.09102630615234,99.99810028076172,100.02037048339844,100.09712219238281,100.09712219238281,99.99810028076172,100.02037048339844,False,True,True,0.00609588623046875,0.0,0.00609588623046875,6.094644721877486e-05,KronosPredictor,a7d5f37e2e9fbd9891f7d7d4f72574512dd1f704fee14223e0a8cd0fbf54197c,0b30a443affb03e05a876a083857de9164f899feb7b4d261da02c485c9a3e3b6,20260725,1.0,0.9,1
run1,OHLC,OHLC_0027,2,100.07770538330078,100.09622955322266,100.05134582519531,100.02792358398438,100.07770538330078,100.09622955322266,100.02792358398438,100.02792358398438,False,True,True,0.0,0.0234222412109375,0.0234222412109375,0.00023417470958903483,KronosPredictor,a7d5f37e2e9fbd9891f7d7d4f72574512dd1f704fee14223e0a8cd0fbf54197c,0b30a443affb03e05a876a083857de9164f899feb7b4d261da02c485c9a3e3b6,20260725,1.0,0.9,1
run1,OHLC,OHLC_0027,3,100.16427612304688,100.12287902832031,100.07288360595703,100.03070068359375,100.16427612304688,100.16427612304688,100.03070068359375,100.03070068359375,False,True,True,0.0413970947265625,0.04218292236328125,0.08358001708984375,0.0008356299490383962,KronosPredictor,a7d5f37e2e9fbd9891f7d7d4f72574512dd1f704fee14223e0a8cd0fbf54197c,0b30a443affb03e05a876a083857de9164f899feb7b4d261da02c485c9a3e3b6,20260725,1.0,0.9,1
run1,OHLC,OHLC_0027,4,100.10499572753906,100.12156677246094,100.04579162597656,100.03540802001953,100.10499572753906,100.12156677246094,100.03540802001953,100.03540802001953,False,True,True,0.0,0.01038360595703125,0.01038360595703125,0.00010381491197090436,KronosPredictor,a7d5f37e2e9fbd9891f7d7d4f72574512dd1f704fee14223e0a8cd0fbf54197c,0b30a443affb03e05a876a083857de9164f899feb7b4d261da02c485c9a3e3b6,20260725,1.0,0.9,1
run1,OHLC,OHLC_0027,5,100.18181610107422,100.1013412475586,100.04827880859375,100.0246353149414,100.18181610107422,100.18181610107422,100.0246353149414,100.0246353149414,False,True,True,0.080474853515625,0.02364349365234375,0.10411834716796875,0.0010409714207692373,KronosPredictor,a7d5f37e2e9fbd9891f7d7d4f72574512dd1f704fee14223e0a8cd0fbf54197c,0b30a443affb03e05a876a083857de9164f899feb7b4d261da02c485c9a3e3b6,20260725,1.0,0.9,1
run1,OHLC,OHLC_0028,1,99.86381530761719,99.95791625976562,99.84857177734375,99.98849487304688,99.86381530761719,99.98849487304688,99.84857177734375,99.98849487304688,False,True,True,0.03057861328125,0.0,0.03057861328125,0.0003058213179433791,KronosPredictor,a7d5f37e2e9fbd9891f7d7d4f72574512dd1f704fee14223e0a8cd0fbf54197c,0b30a443affb03e05a876a083857de9164f899feb7b4d261da02c485c9a3e3b6,20260725,1.0,0.9,1
run1,OHLC,OHLC_0028,2,99.88495635986328,99.94712829589844,99.83966064453125,99.9867935180664,99.88495635986328,99.9867935180664,99.83966064453125,99.9867935180664,False,True,True,0.03966522216796875,0.0,0.03966522216796875,0.0003966978622723623,KronosPredictor,a7d5f37e2e9fbd9891f7d7d4f72574512dd1f704fee14223e0a8cd0fbf54197c,0b30a443affb03e05a876a083857de9164f899feb7b4d261da02c485c9a3e3b6,20260725,1.0,0.9,1
run1,OHLC,OHLC_0028,3,99.88317108154297,99.9530258178711,99.84917449951172,99.98749542236328,99.88317108154297,99.98749542236328,99.84917449951172,99.98749542236328,False,True,True,0.0344696044921875,0.0,0.0344696044921875,0.00034473570720264143,KronosPredictor,a7d5f37e2e9fbd9891f7d7d4f72574512dd1f704fee14223e0a8cd0fbf54197c,0b30a443affb03e05a876a083857de9164f899feb7b4d261da02c485c9a3e3b6,20260725,1.0,0.9,1
run1,OHLC,OHLC_0028,4,99.89852142333984,99.95850372314453,99.88235473632812,99.99054718017578,99.89852142333984,99.99054718017578,99.88235473632812,99.99054718017578,False,True,True,0.03204345703125,0.0,0.03204345703125,0.0003204714409586308,KronosPredictor,a7d5f37e2e9fbd9891f7d7d4f72574512dd1f704fee14223e0a8cd0fbf54197c,0b30a443affb03e05a876a083857de9164f899feb7b4d261da02c485c9a3e3b6,20260725,1.0,0.9,1
run1,OHLC,OHLC_0028,5,99.9052505493164,99.96271514892578,99.91665649414062,99.99175262451172,99.9052505493164,99.99175262451172,99.9052505493164,99.99175262451172,False,True,True,0.0290374755859375,0.01140594482421875,0.04044342041015625,0.0004044807401242147,KronosPredictor,a7d5f37e2e9fbd9891f7d7d4f72574512dd1f704fee14223e0a8cd0fbf54197c,0b30a443affb03e05a876a083857de9164f899feb7b4d261da02c485c9a3e3b6,20260725,1.0,0.9,1
run1,OHLC,OHLC_0029,1,99.90154266357422,100.10842895507812,99.88225555419922,99.99156188964844,99.90154266357422,100.10842895507812,99.88225555419922,99.99156188964844,False,True,True,0.0,0.0,0.0,0.0,KronosPredictor,a7d5f37e2e9fbd9891f7d7d4f72574512dd1f704fee14223e0a8cd0fbf54197c,0b30a443affb03e05a876a083857de9164f899feb7b4d261da02c485c9a3e3b6,20260725,1.0,0.9,1
run1,OHLC,OHLC_0029,2,100.06076049804688,100.03160095214844,99.92596435546875,99.99176025390625,100.06076049804688,100.06076049804688,99.92596435546875,99.99176025390625,False,True,True,0.0291595458984375,0.0,0.0291595458984375,0.0002916200662073689,KronosPredictor,a7d5f37e2e9fbd9891f7d7d4f72574512dd1f704fee14223e0a8cd0fbf54197c,0b30a443affb03e05a876a083857de9164f899feb7b4d261da02c485c9a3e3b6,20260725,1.0,0.9,1
run1,OHLC,OHLC_0029,3,99.93924713134766,100.02252197265625,99.91924285888672,99.99384307861328,99.93924713134766,100.02252197265625,99.91924285888672,99.99384307861328,False,True,True,0.0,0.0,0.0,0.0,KronosPredictor,a7d5f37e2e9fbd9891f7d7d4f72574512dd1f704fee14223e0a8cd0fbf54197c,0b30a443affb03e05a876a083857de9164f899feb7b4d261da02c485c9a3e3b6,20260725,1.0,0.9,1
run1,OHLC,OHLC_0029,4,99.95845031738281,100.03755950927734,99.9447250366211,99.99712371826172,99.95845031738281,100.03755950927734,99.9447250366211,99.99712371826172,False,True,True,0.0,0.0,0.0,0.0,KronosPredictor,a7d5f37e2e9fbd9891f7d7d4f72574512dd1f704fee14223e0a8cd0fbf54197c,0b30a443affb03e05a876a083857de9164f899feb7b4d261da02c485c9a3e3b6,20260725,1.0,0.9,1
run1,OHLC,OHLC_0029,5,99.99160766601562,100.01363372802734,99.91626739501953,99.9910888671875,99.99160766601562,100.01363372802734,99.91626739501953,99.9910888671875,False,True,True,0.0,0.0,0.0,0.0,KronosPredictor,a7d5f37e2e9fbd9891f7d7d4f72574512dd1f704fee14223e0a8cd0fbf54197c,0b30a443affb03e05a876a083857de9164f899feb7b4d261da02c485c9a3e3b6,20260725,1.0,0.9,1
run1,OHLC,OHLC_0030,1,100.08038330078125,100.10706329345703,99.95537567138672,99.99900817871094,100.08038330078125,100.10706329345703,99.95537567138672,99.99900817871094,False,True,True,0.0,0.0,0.0,0.0,KronosPredictor,a7d5f37e2e9fbd9891f7d7d4f72574512dd1f704fee14223e0a8cd0fbf54197c,0b30a443affb03e05a876a083857de9164f899feb7b4d261da02c485c9a3e3b6,20260725,1.0,0.9,1
run1,OHLC,OHLC_0030,2,100.0035629272461,100.03524017333984,99.95455932617188,99.9957275390625,100.0035629272461,100.03524017333984,99.95455932617188,99.9957275390625,False,True,True,0.0,0.0,0.0,0.0,KronosPredictor,a7d5f37e2e9fbd9891f7d7d4f72574512dd1f704fee14223e0a8cd0fbf54197c,0b30a443affb03e05a876a083857de9164f899feb7b4d261da02c485c9a3e3b6,20260725,1.0,0.9,1
run1,OHLC,OHLC_0030,3,99.91246032714844,100.04686737060547,99.94110107421875,99.99905395507812,99.91246032714844,100.04686737060547,99.91246032714844,99.99905395507812,False,True,True,0.0,0.0286407470703125,0.0286407470703125,0.00028641031138156736,KronosPredictor,a7d5f37e2e9fbd9891f7d7d4f72574512dd1f704fee14223e0a8cd0fbf54197c,0b30a443affb03e05a876a083857de9164f899feb7b4d261da02c485c9a3e3b6,20260725,1.0,0.9,1
run1,OHLC,OHLC_0030,4,100.01956939697266,100.05358123779297,99.9293212890625,99.99795532226562,100.01956939697266,100.05358123779297,99.9293212890625,99.99795532226562,False,True,True,0.0,0.0,0.0,0.0,KronosPredictor,a7d5f37e2e9fbd9891f7d7d4f72574512dd1f704fee14223e0a8cd0fbf54197c,0b30a443affb03e05a876a083857de9164f899feb7b4d261da02c485c9a3e3b6,20260725,1.0,0.9,1
run1,OHLC,OHLC_0030,5,99.99607849121094,100.09940338134766,99.95885467529297,99.9981689453125,99.99607849121094,100.09940338134766,99.95885467529297,99.9981689453125,False,True,True,0.0,0.0,0.0,0.0,KronosPredictor,a7d5f37e2e9fbd9891f7d7d4f72574512dd1f704fee14223e0a8cd0fbf54197c,0b30a443affb03e05a876a083857de9164f899feb7b4d261da02c485c9a3e3b6,20260725,1.0,0.9,1
run1,OHLC,OHLC_0031,1,100.06024169921875,100.13352966308594,99.90778350830078,100.00328826904297,100.06024169921875,100.13352966308594,99.90778350830078,100.00328826904297,False,True,True,0.0,0.0,0.0,0.0,KronosPredictor,a7d5f37e2e9fbd9891f7d7d4f72574512dd1f704fee14223e0a8cd0fbf54197c,0b30a443affb03e05a876a083857de9164f899feb7b4d261da02c485c9a3e3b6,20260725,1.0,0.9,1
run1,OHLC,OHLC_0031,2,100.10330963134766,100.07701110839844,99.9312744140625,99.99877166748047,100.10330963134766,100.10330963134766,99.9312744140625,99.99877166748047,False,True,True,0.02629852294921875,0.0,0.02629852294921875,0.00026297658211464755,KronosPredictor,a7d5f37e2e9fbd9891f7d7d4f72574512dd1f704fee14223e0a8cd0fbf54197c,0b30a443affb03e05a876a083857de9164f899feb7b4d261da02c485c9a3e3b6,20260725,1.0,0.9,1
run1,OHLC,OHLC_0031,3,99.98873138427734,100.03893280029297,99.93946075439453,99.99900817871094,99.98873138427734,100.03893280029297,99.93946075439453,99.99900817871094,False,True,True,0.0,0.0,0.0,0.0,KronosPredictor,a7d5f37e2e9fbd9891f7d7d4f72574512dd1f704fee14223e0a8cd0fbf54197c,0b30a443affb03e05a876a083857de9164f899feb7b4d261da02c485c9a3e3b6,20260725,1.0,0.9,1
run1,OHLC,OHLC_0031,4,100.02999877929688,100.10909271240234,99.96456146240234,100.0039291381836,100.02999877929688,100.10909271240234,99.96456146240234,100.0039291381836,False,True,True,0.0,0.0,0.0,0.0,KronosPredictor,a7d5f37e2e9fbd9891f7d7d4f72574512dd1f704fee14223e0a8cd0fbf54197c,0b30a443affb03e05a876a083857de9164f899feb7b4d261da02c485c9a3e3b6,20260725,1.0,0.9,1
run1,OHLC,OHLC_0031,5,100.02796173095703,100.1050033569336,99.9489517211914,100.00370788574219,100.02796173095703,100.1050033569336,99.9489517211914,100.00370788574219,False,True,True,0.0,0.0,0.0,0.0,KronosPredictor,a7d5f37e2e9fbd9891f7d7d4f72574512dd1f704fee14223e0a8cd0fbf54197c,0b30a443affb03e05a876a083857de9164f899feb7b4d261da02c485c9a3e3b6,20260725,1.0,0.9,1
run1,OHLC,OHLC_0032,1,99.99976348876953,100.05414581298828,99.92293548583984,100.00476837158203,99.99976348876953,100.05414581298828,99.92293548583984,100.00476837158203,False,True,True,0.0,0.0,0.0,0.0,KronosPredictor,a7d5f37e2e9fbd9891f7d7d4f72574512dd1f704fee14223e0a8cd0fbf54197c,0b30a443affb03e05a876a083857de9164f899feb7b4d261da02c485c9a3e3b6,20260725,1.0,0.9,1
run1,OHLC,OHLC_0032,2,99.95285034179688,100.08101654052734,99.8729476928711,100.0042953491211,99.95285034179688,100.08101654052734,99.8729476928711,100.0042953491211,False,True,True,0.0,0.0,0.0,0.0,KronosPredictor,a7d5f37e2e9fbd9891f7d7d4f72574512dd1f704fee14223e0a8cd0fbf54197c,0b30a443affb03e05a876a083857de9164f899feb7b4d261da02c485c9a3e3b6,20260725,1.0,0.9,1
run1,OHLC,OHLC_0032,3,99.82374572753906,100.05453491210938,99.86679077148438,100.01099395751953,99.82374572753906,100.05453491210938,99.82374572753906,100.01099395751953,False,True,True,0.0,0.0430450439453125,0.0430450439453125,0.0004304299149553797,KronosPredictor,a7d5f37e2e9fbd9891f7d7d4f72574512dd1f704fee14223e0a8cd0fbf54197c,0b30a443affb03e05a876a083857de9164f899feb7b4d261da02c485c9a3e3b6,20260725,1.0,0.9,1
run1,OHLC,OHLC_0032,4,100.06442260742188,100.04389953613281,99.97383880615234,100.00798034667969,100.06442260742188,100.06442260742188,99.97383880615234,100.00798034667969,False,True,True,0.0205230712890625,0.0,0.0205230712890625,0.0002052209271942523,KronosPredictor,a7d5f37e2e9fbd9891f7d7d4f72574512dd1f704fee14223e0a8cd0fbf54197c,0b30a443affb03e05a876a083857de9164f899feb7b4d261da02c485c9a3e3b6,20260725,1.0,0.9,1
run1,OHLC,OHLC_0032,5,99.9436264038086,100.08096313476562,99.91764831542969,100.00736236572266,99.9436264038086,100.08096313476562,99.91764831542969,100.00736236572266,False,True,True,0.0,0.0,0.0,0.0,KronosPredictor,a7d5f37e2e9fbd9891f7d7d4f72574512dd1f704fee14223e0a8cd0fbf54197c,0b30a443affb03e05a876a083857de9164f899feb7b4d261da02c485c9a3e3b6,20260725,1.0,0.9,1
run1,OHLC,OHLC_0033,1,100.0530014038086,100.07764434814453,99.9068832397461,100.01487731933594,100.0530014038086,100.07764434814453,99.9068832397461,100.01487731933594,False,True,True,0.0,0.0,0.0,0.0,KronosPredictor,a7d5f37e2e9fbd9891f7d7d4f72574512dd1f704fee14223e0a8cd0fbf54197c,0b30a443affb03e05a876a083857de9164f899feb7b4d261da02c485c9a3e3b6,20260725,1.0,0.9,1
run1,OHLC,OHLC_0033,2,100.02107238769531,99.98626708984375,99.97268676757812,100.01077270507812,100.02107238769531,100.02107238769531,99.97268676757812,100.01077270507812,False,True,True,0.0348052978515625,0.0,0.0348052978515625,0.00034800120526502483,KronosPredictor,a7d5f37e2e9fbd9891f7d7d4f72574512dd1f704fee14223e0a8cd0fbf54197c,0b30a443affb03e05a876a083857de9164f899feb7b4d261da02c485c9a3e3b6,20260725,1.0,0.9,1
run1,OHLC,OHLC_0033,3,100.06250762939453,100.05968475341797,99.95682525634766,100.01183319091797,100.06250762939453,100.06250762939453,99.95682525634766,100.01183319091797,False,True,True,0.0028228759765625,0.0,0.0028228759765625,2.8224560707597366e-05,KronosPredictor,a7d5f37e2e9fbd9891f7d7d4f72574512dd1f704fee14223e0a8cd0fbf54197c,0b30a443affb03e05a876a083857de9164f899feb7b4d261da02c485c9a3e3b6,20260725,1.0,0.9,1
run1,OHLC,OHLC_0033,4,100.05696105957031,100.09820556640625,99.97990417480469,100.01029968261719,100.05696105957031,100.09820556640625,99.97990417480469,100.01029968261719,False,True,True,0.0,0.0,0.0,0.0,KronosPredictor,a7d5f37e2e9fbd9891f7d7d4f72574512dd1f704fee14223e0a8cd0fbf54197c,0b30a443affb03e05a876a083857de9164f899feb7b4d261da02c485c9a3e3b6,20260725,1.0,0.9,1
run1,OHLC,OHLC_0033,5,100.12216186523438,100.0956802368164,99.9610595703125,100.01051330566406,100.12216186523438,100.12216186523438,99.9610595703125,100.01051330566406,False,True,True,0.02648162841796875,0.0,0.02648162841796875,0.0002647768924758661,KronosPredictor,a7d5f37e2e9fbd9891f7d7d4f72574512dd1f704fee14223e0a8cd0fbf54197c,0b30a443affb03e05a876a083857de9164f899feb7b4d261da02c485c9a3e3b6,20260725,1.0,0.9,1
run1,OHLC,OHLC_0034,1,100.01377868652344,100.0564956665039,99.98421478271484,100.00624084472656,100.01377868652344,100.0564956665039,99.98421478271484,100.00624084472656,False,True,True,0.0,0.0,0.0,0.0,KronosPredictor,a7d5f37e2e9fbd9891f7d7d4f72574512dd1f704fee14223e0a8cd0fbf54197c,0b30a443affb03e05a876a083857de9164f899feb7b4d261da02c485c9a3e3b6,20260725,1.0,0.9,1
run1,OHLC,OHLC_0034,2,100.07994079589844,100.07495880126953,100.00601196289062,100.00542449951172,100.07994079589844,100.07994079589844,100.00542449951172,100.00542449951172,False,True,True,0.00498199462890625,0.00058746337890625,0.0055694580078125,5.569110448276772e-05,KronosPredictor,a7d5f37e2e9fbd9891f7d7d4f72574512dd1f704fee14223e0a8cd0fbf54197c,0b30a443affb03e05a876a083857de9164f899feb7b4d261da02c485c9a3e3b6,20260725,1.0,0.9,1
run1,OHLC,OHLC_0034,3,100.02567291259766,100.07368469238281,99.97430419921875,100.00689697265625,100.02567291259766,100.07368469238281,99.97430419921875,100.00689697265625,False,True,True,0.0,0.0,0.0,0.0,KronosPredictor,a7d5f37e2e9fbd9891f7d7d4f72574512dd1f704fee14223e0a8cd0fbf54197c,0b30a443affb03e05a876a083857de9164f899feb7b4d261da02c485c9a3e3b6,20260725,1.0,0.9,1
run1,OHLC,OHLC_0034,4,100.06456756591797,100.13004302978516,99.9710922241211,100.00999450683594,100.06456756591797,100.13004302978516,99.9710922241211,100.00999450683594,False,True,True,0.0,0.0,0.0,0.0,KronosPredictor,a7d5f37e2e9fbd9891f7d7d4f72574512dd1f704fee14223e0a8cd0fbf54197c,0b30a443affb03e05a876a083857de9164f899feb7b4d261da02c485c9a3e3b6,20260725,1.0,0.9,1
run1,OHLC,OHLC_0034,5,100.04833221435547,100.08348083496094,99.99665832519531,100.00789642333984,100.04833221435547,100.08348083496094,99.99665832519531,100.00789642333984,False,True,True,0.0,0.0,0.0,0.0,KronosPredictor,a7d5f37e2e9fbd9891f7d7d4f72574512dd1f704fee14223e0a8cd0fbf54197c,0b30a443affb03e05a876a083857de9164f899feb7b4d261da02c485c9a3e3b6,20260725,1.0,0.9,1
run1,OHLC,OHLC_0035,1,100.09703063964844,100.09407043457031,100.01985931396484,100.00164794921875,100.09703063964844,100.09703063964844,100.00164794921875,100.00164794921875,False,True,True,0.002960205078125,0.01821136474609375,0.02117156982421875,0.0002117122093324878,KronosPredictor,a7d5f37e2e9fbd9891f7d7d4f72574512dd1f704fee14223e0a8cd0fbf54197c,0b30a443affb03e05a876a083857de9164f899feb7b4d261da02c485c9a3e3b6,20260725,1.0,0.9,1
run1,OHLC,OHLC_0035,2,100.22198486328125,100.11895751953125,100.0521240234375,100.000244140625,100.22198486328125,100.22198486328125,100.000244140625,100.000244140625,False,True,True,0.10302734375,0.0518798828125,0.1549072265625,0.001549046738121381,KronosPredictor,a7d5f37e2e9fbd9891f7d7d4f72574512dd1f704fee14223e0a8cd0fbf54197c,0b30a443affb03e05a876a083857de9164f899feb7b4d261da02c485c9a3e3b6,20260725,1.0,0.9,1
run1,OHLC,OHLC_0035,3,100.03494262695312,100.03984832763672,100.005859375,100.00556945800781,100.03494262695312,100.03984832763672,100.00556945800781,100.00556945800781,False,True,True,0.0,0.0002899169921875,0.0002899169921875,2.8991221458142474e-06,KronosPredictor,a7d5f37e2e9fbd9891f7d7d4f72574512dd1f704fee14223e0a8cd0fbf54197c,0b30a443affb03e05a876a083857de9164f899feb7b4d261da02c485c9a3e3b6,20260725,1.0,0.9,1
run1,OHLC,OHLC_0035,4,100.04733276367188,100.08201599121094,99.96190643310547,100.00205993652344,100.04733276367188,100.08201599121094,99.96190643310547,100.00205993652344,False,True,True,0.0,0.0,0.0,0.0,KronosPredictor,a7d5f37e2e9fbd9891f7d7d4f72574512dd1f704fee14223e0a8cd0fbf54197c,0b30a443affb03e05a876a083857de9164f899feb7b4d261da02c485c9a3e3b6,20260725,1.0,0.9,1
run1,OHLC,OHLC_0035,5,100.07215118408203,100.09048461914062,99.94281005859375,99.9999771118164,100.07215118408203,100.09048461914062,99.94281005859375,99.9999771118164,False,True,True,0.0,0.0,0.0,0.0,KronosPredictor,a7d5f37e2e9fbd9891f7d7d4f72574512dd1f704fee14223e0a8cd0fbf54197c,0b30a443affb03e05a876a083857de9164f899feb7b4d261da02c485c9a3e3b6,20260725,1.0,0.9,1
run1,OHLC,OHLC_0036,1,99.86726379394531,100.06275177001953,99.84710693359375,100.00249481201172,99.86726379394531,100.06275177001953,99.84710693359375,100.00249481201172,False,True,True,0.0,0.0,0.0,0.0,KronosPredictor,a7d5f37e2e9fbd9891f7d7d4f72574512dd1f704fee14223e0a8cd0fbf54197c,0b30a443affb03e05a876a083857de9164f899feb7b4d261da02c485c9a3e3b6,20260725,1.0,0.9,1
run1,OHLC,OHLC_0036,2,99.97069549560547,100.02680206298828,99.91752624511719,99.99819946289062,99.97069549560547,100.02680206298828,99.91752624511719,99.99819946289062,False,True,True,0.0,0.0,0.0,0.0,KronosPredictor,a7d5f37e2e9fbd9891f7d7d4f72574512dd1f704fee14223e0a8cd0fbf54197c,0b30a443affb03e05a876a083857de9164f899feb7b4d261da02c485c9a3e3b6,20260725,1.0,0.9,1
run1,OHLC,OHLC_0036,3,99.93096160888672,99.99034118652344,99.93185424804688,99.99742889404297,99.93096160888672,99.99742889404297,99.93096160888672,99.99742889404297,False,True,True,0.00708770751953125,0.00089263916015625,0.0079803466796875,7.980147590006872e-05,KronosPredictor,a7d5f37e2e9fbd9891f7d7d4f72574512dd1f704fee14223e0a8cd0fbf54197c,0b30a443affb03e05a876a083857de9164f899feb7b4d261da02c485c9a3e3b6,20260725,1.0,0.9,1
run1,OHLC,OHLC_0036,4,99.96125030517578,99.9842529296875,99.92389678955078,99.99527740478516,99.96125030517578,99.99527740478516,99.92389678955078,99.99527740478516,False,True,True,0.01102447509765625,0.0,0.01102447509765625,0.00011024200064588843,KronosPredictor,a7d5f37e2e9fbd9891f7d7d4f72574512dd1f704fee14223e0a8cd0fbf54197c,0b30a443affb03e05a876a083857de9164f899feb7b4d261da02c485c9a3e3b6,20260725,1.0,0.9,1
run1,OHLC,OHLC_0036,5,99.95165252685547,99.9734115600586,99.9281005859375,99.99516296386719,99.95165252685547,99.99516296386719,99.9281005859375,99.99516296386719,False,True,True,0.02175140380859375,0.0,0.02175140380859375,0.00021750861165496742,KronosPredictor,a7d5f37e2e9fbd9891f7d7d4f72574512dd1f704fee14223e0a8cd0fbf54197c,0b30a443affb03e05a876a083857de9164f899feb7b4d261da02c485c9a3e3b6,20260725,1.0,0.9,1
run1,OHLC,OHLC_0037,1,100.0353775024414,100.07575988769531,100.00389862060547,100.01853942871094,100.0353775024414,100.07575988769531,100.00389862060547,100.01853942871094,False,True,True,0.0,0.0,0.0,0.0,KronosPredictor,a7d5f37e2e9fbd9891f7d7d4f72574512dd1f704fee14223e0a8cd0fbf54197c,0b30a443affb03e05a876a083857de9164f899feb7b4d261da02c485c9a3e3b6,20260725,1.0,0.9,1
run1,OHLC,OHLC_0037,2,100.08562469482422,100.08772277832031,99.98048400878906,100.0149154663086,100.08562469482422,100.08772277832031,99.98048400878906,100.0149154663086,False,True,True,0.0,0.0,0.0,0.0,KronosPredictor,a7d5f37e2e9fbd9891f7d7d4f72574512dd1f704fee14223e0a8cd0fbf54197c,0b30a443affb03e05a876a083857de9164f899feb7b4d261da02c485c9a3e3b6,20260725,1.0,0.9,1
run1,OHLC,OHLC_0037,3,99.94071960449219,100.06437683105469,99.9638442993164,100.0163803100586,99.94071960449219,100.06437683105469,99.94071960449219,100.0163803100586,False,True,True,0.0,0.02312469482421875,0.02312469482421875,0.00023120408432579715,KronosPredictor,a7d5f37e2e9fbd9891f7d7d4f72574512dd1f704fee14223e0a8cd0fbf54197c,0b30a443affb03e05a876a083857de9164f899feb7b4d261da02c485c9a3e3b6,20260725,1.0,0.9,1
run1,OHLC,OHLC_0037,4,100.01309967041016,100.05074310302734,99.9585952758789,100.01697540283203,100.01309967041016,100.05074310302734,99.9585952758789,100.01697540283203,False,True,True,0.0,0.0,0.0,0.0,KronosPredictor,a7d5f37e2e9fbd9891f7d7d4f72574512dd1f704fee14223e0a8cd0fbf54197c,0b30a443affb03e05a876a083857de9164f899feb7b4d261da02c485c9a3e3b6,20260725,1.0,0.9,1
run1,OHLC,OHLC_0037,5,100.16529846191406,100.13397216796875,99.98905181884766,100.01232147216797,100.16529846191406,100.16529846191406,99.98905181884766,100.01232147216797,False,True,True,0.0313262939453125,0.0,0.0313262939453125,0.00031320487305896505,KronosPredictor,a7d5f37e2e9fbd9891f7d7d4f72574512dd1f704fee14223e0a8cd0fbf54197c,0b30a443affb03e05a876a083857de9164f899feb7b4d261da02c485c9a3e3b6,20260725,1.0,0.9,1
run1,OHLC,OHLC_0038,1,100.01399230957031,100.0484619140625,100.0111312866211,100.0002212524414,100.01399230957031,100.0484619140625,100.0002212524414,100.0002212524414,False,True,True,0.0,0.0109100341796875,0.0109100341796875,0.00010910010041023927,KronosPredictor,a7d5f37e2e9fbd9891f7d7d4f72574512dd1f704fee14223e0a8cd0fbf54197c,0b30a443affb03e05a876a083857de9164f899feb7b4d261da02c485c9a3e3b6,20260725,1.0,0.9,1
run1,OHLC,OHLC_0038,2,100.06437683105469,100.02989959716797,99.99332427978516,100.00051879882812,100.06437683105469,100.06437683105469,99.99332427978516,100.00051879882812,False,True,True,0.03447723388671875,0.0,0.03447723388671875,0.0003447715760516582,KronosPredictor,a7d5f37e2e9fbd9891f7d7d4f72574512dd1f704fee14223e0a8cd0fbf54197c,0b30a443affb03e05a876a083857de9164f899feb7b4d261da02c485c9a3e3b6,20260725,1.0,0.9,1
run1,OHLC,OHLC_0038,3,100.1373519897461,100.04193878173828,100.0482406616211,99.9990463256836,100.1373519897461,100.1373519897461,99.9990463256836,99.9990463256836,False,True,True,0.0954132080078125,0.0491943359375,0.1446075439453125,0.0014460722399829895,KronosPredictor,a7d5f37e2e9fbd9891f7d7d4f72574512dd1f704fee14223e0a8cd0fbf54197c,0b30a443affb03e05a876a083857de9164f899feb7b4d261da02c485c9a3e3b6,20260725,1.0,0.9,1
run1,OHLC,OHLC_0038,4,100.04068756103516,100.06938171386719,100.01492309570312,100.00374603271484,100.04068756103516,100.06938171386719,100.00374603271484,100.00374603271484,False,True,True,0.0,0.01117706298828125,0.01117706298828125,0.00011177038258811226,KronosPredictor,a7d5f37e2e9fbd9891f7d7d4f72574512dd1f704fee14223e0a8cd0fbf54197c,0b30a443affb03e05a876a083857de9164f899feb7b4d261da02c485c9a3e3b6,20260725,1.0,0.9,1
run1,OHLC,OHLC_0038,5,100.0984115600586,100.08501434326172,99.97815704345703,99.99887084960938,100.0984115600586,100.0984115600586,99.97815704345703,99.99887084960938,False,True,True,0.013397216796875,0.0,0.013397216796875,0.0001339718715527134,KronosPredictor,a7d5f37e2e9fbd9891f7d7d4f72574512dd1f704fee14223e0a8cd0fbf54197c,0b30a443affb03e05a876a083857de9164f899feb7b4d261da02c485c9a3e3b6,20260725,1.0,0.9,1
run1,OHLC,OHLC_0039,1,99.78787231445312,99.982666015625,99.84133911132812,99.98858642578125,99.78787231445312,99.98858642578125,99.78787231445312,99.98858642578125,False,True,True,0.00592041015625,0.053466796875,0.05938720703125,0.0005939398600792448,KronosPredictor,a7d5f37e2e9fbd9891f7d7d4f72574512dd1f704fee14223e0a8cd0fbf54197c,0b30a443affb03e05a876a083857de9164f899feb7b4d261da02c485c9a3e3b6,20260725,1.0,0.9,1
run1,OHLC,OHLC_0039,2,99.95894622802734,99.98700714111328,99.87832641601562,99.98212432861328,99.95894622802734,99.98700714111328,99.87832641601562,99.98212432861328,False,True,True,0.0,0.0,0.0,0.0,KronosPredictor,a7d5f37e2e9fbd9891f7d7d4f72574512dd1f704fee14223e0a8cd0fbf54197c,0b30a443affb03e05a876a083857de9164f899feb7b4d261da02c485c9a3e3b6,20260725,1.0,0.9,1
run1,OHLC,OHLC_0039,3,99.84722137451172,99.97794342041016,99.87100219726562,99.9864273071289,99.84722137451172,99.9864273071289,99.84722137451172,99.9864273071289,False,True,True,0.00848388671875,0.02378082275390625,0.03226470947265625,0.0003226839244957768,KronosPredictor,a7d5f37e2e9fbd9891f7d7d4f72574512dd1f704fee14223e0a8cd0fbf54197c,0b30a443affb03e05a876a083857de9164f899feb7b4d261da02c485c9a3e3b6,20260725,1.0,0.9,1
run1,OHLC,OHLC_0039,4,99.96961212158203,100.00045776367188,99.89250183105469,99.98361206054688,99.96961212158203,100.00045776367188,99.89250183105469,99.98361206054688,False,True,True,0.0,0.0,0.0,0.0,KronosPredictor,a7d5f37e2e9fbd9891f7d7d4f72574512dd1f704fee14223e0a8cd0fbf54197c,0b30a443affb03e05a876a083857de9164f899feb7b4d261da02c485c9a3e3b6,20260725,1.0,0.9,1
run1,OHLC,OHLC_0039,5,99.937255859375,99.96125030517578,99.905517578125,99.9845962524414,99.937255859375,99.9845962524414,99.905517578125,99.9845962524414,False,True,True,0.023345947265625,0.0,0.023345947265625,0.00023348612176804848,KronosPredictor,a7d5f37e2e9fbd9891f7d7d4f72574512dd1f704fee14223e0a8cd0fbf54197c,0b30a443affb03e05a876a083857de9164f899feb7b4d261da02c485c9a3e3b6,20260725,1.0,0.9,1
run1,OHLC,OHLC_0040,1,99.988525390625,100.02818298339844,99.91949462890625,99.99268341064453,99.988525390625,100.02818298339844,99.91949462890625,99.99268341064453,True,True,False,0.0,0.0,0.0,0.0,KronosPredictor,a7d5f37e2e9fbd9891f7d7d4f72574512dd1f704fee14223e0a8cd0fbf54197c,0b30a443affb03e05a876a083857de9164f899feb7b4d261da02c485c9a3e3b6,20260725,1.0,0.9,1
run1,OHLC,OHLC_0040,2,99.99821472167969,100.07380676269531,99.95126342773438,99.99089813232422,99.99821472167969,100.07380676269531,99.95126342773438,99.99089813232422,True,True,False,0.0,0.0,0.0,0.0,KronosPredictor,a7d5f37e2e9fbd9891f7d7d4f72574512dd1f704fee14223e0a8cd0fbf54197c,0b30a443affb03e05a876a083857de9164f899feb7b4d261da02c485c9a3e3b6,20260725,1.0,0.9,1
run1,OHLC,OHLC_0040,3,100.0157241821289,100.0396957397461,99.9771957397461,99.99653625488281,100.0157241821289,100.0396957397461,99.9771957397461,99.99653625488281,True,True,False,0.0,0.0,0.0,0.0,KronosPredictor,a7d5f37e2e9fbd9891f7d7d4f72574512dd1f704fee14223e0a8cd0fbf54197c,0b30a443affb03e05a876a083857de9164f899feb7b4d261da02c485c9a3e3b6,20260725,1.0,0.9,1
run1,OHLC,OHLC_0040,4,100.01634979248047,100.13195037841797,99.97811126708984,99.99544525146484,100.01634979248047,100.13195037841797,99.97811126708984,99.99544525146484,True,True,False,0.0,0.0,0.0,0.0,KronosPredictor,a7d5f37e2e9fbd9891f7d7d4f72574512dd1f704fee14223e0a8cd0fbf54197c,0b30a443affb03e05a876a083857de9164f899feb7b4d261da02c485c9a3e3b6,20260725,1.0,0.9,1
run1,OHLC,OHLC_0040,5,99.99849700927734,100.04734802246094,99.98478698730469,100.0014877319336,99.99849700927734,100.04734802246094,99.98478698730469,100.0014877319336,True,True,False,0.0,0.0,0.0,0.0,KronosPredictor,a7d5f37e2e9fbd9891f7d7d4f72574512dd1f704fee14223e0a8cd0fbf54197c,0b30a443affb03e05a876a083857de9164f899feb7b4d261da02c485c9a3e3b6,20260725,1.0,0.9,1
run1,OHLC,OHLC_0041,1,100.0380859375,100.04122161865234,99.94865417480469,99.990234375,100.0380859375,100.04122161865234,99.94865417480469,99.990234375,False,True,True,0.0,0.0,0.0,0.0,KronosPredictor,a7d5f37e2e9fbd9891f7d7d4f72574512dd1f704fee14223e0a8cd0fbf54197c,0b30a443affb03e05a876a083857de9164f899feb7b4d261da02c485c9a3e3b6,20260725,1.0,0.9,1
run1,OHLC,OHLC_0041,2,99.88481140136719,100.00751495361328,99.91415405273438,99.99610900878906,99.88481140136719,100.00751495361328,99.88481140136719,99.99610900878906,False,True,True,0.0,0.0293426513671875,0.0293426513671875,0.0002934551714034574,KronosPredictor,a7d5f37e2e9fbd9891f7d7d4f72574512dd1f704fee14223e0a8cd0fbf54197c,0b30a443affb03e05a876a083857de9164f899feb7b4d261da02c485c9a3e3b6,20260725,1.0,0.9,1
run1,OHLC,OHLC_0041,3,100.12422180175781,100.04316711425781,99.96692657470703,99.99067687988281,100.12422180175781,100.12422180175781,99.96692657470703,99.99067687988281,False,True,True,0.0810546875,0.0,0.0810546875,0.000810626037698994,KronosPredictor,a7d5f37e2e9fbd9891f7d7d4f72574512dd1f704fee14223e0a8cd0fbf54197c,0b30a443affb03e05a876a083857de9164f899feb7b4d261da02c485c9a3e3b6,20260725,1.0,0.9,1
run1,OHLC,OHLC_0041,4,99.95369720458984,99.98236846923828,99.92649841308594,99.9886703491211,99.95369720458984,99.9886703491211,99.92649841308594,99.9886703491211,False,True,True,0.0063018798828125,0.0,0.0063018798828125,6.302495360875085e-05,KronosPredictor,a7d5f37e2e9fbd9891f7d7d4f72574512dd1f704fee14223e0a8cd0fbf54197c,0b30a443affb03e05a876a083857de9164f899feb7b4d261da02c485c9a3e3b6,20260725,1.0,0.9,1
run1,OHLC,OHLC_0041,5,100.00748443603516,100.0278549194336,99.92362976074219,99.9898681640625,100.00748443603516,100.0278549194336,99.92362976074219,99.9898681640625,False,True,True,0.0,0.0,0.0,0.0,KronosPredictor,a7d5f37e2e9fbd9891f7d7d4f72574512dd1f704fee14223e0a8cd0fbf54197c,0b30a443affb03e05a876a083857de9164f899feb7b4d261da02c485c9a3e3b6,20260725,1.0,0.9,1
run1,OHLC,OHLC_0042,1,99.9161605834961,99.96372985839844,99.93242645263672,99.97407531738281,99.9161605834961,99.97407531738281,99.9161605834961,99.97407531738281,False,True,True,0.010345458984375,0.016265869140625,0.026611328125,0.00026618228816338953,KronosPredictor,a7d5f37e2e9fbd9891f7d7d4f72574512dd1f704fee14223e0a8cd0fbf54197c,0b30a443affb03e05a876a083857de9164f899feb7b4d261da02c485c9a3e3b6,20260725,1.0,0.9,1
run1,OHLC,OHLC_0042,2,99.94988250732422,99.97676849365234,99.8877944946289,99.96196746826172,99.94988250732422,99.97676849365234,99.8877944946289,99.96196746826172,False,True,True,0.0,0.0,0.0,0.0,KronosPredictor,a7d5f37e2e9fbd9891f7d7d4f72574512dd1f704fee14223e0a8cd0fbf54197c,0b30a443affb03e05a876a083857de9164f899feb7b4d261da02c485c9a3e3b6,20260725,1.0,0.9,1
run1,OHLC,OHLC_0042,3,99.88352966308594,99.96646118164062,99.8876953125,99.96660614013672,99.88352966308594,99.96660614013672,99.88352966308594,99.96660614013672,False,True,True,0.00014495849609375,0.0041656494140625,0.00431060791015625,4.311725711362245e-05,KronosPredictor,a7d5f37e2e9fbd9891f7d7d4f72574512dd1f704fee14223e0a8cd0fbf54197c,0b30a443affb03e05a876a083857de9164f899feb7b4d261da02c485c9a3e3b6,20260725,1.0,0.9,1
run1,OHLC,OHLC_0042,4,99.94825744628906,99.94854736328125,99.91463470458984,99.96542358398438,99.94825744628906,99.96542358398438,99.91463470458984,99.96542358398438,False,True,True,0.016876220703125,0.0,0.016876220703125,0.00016880596944306698,KronosPredictor,a7d5f37e2e9fbd9891f7d7d4f72574512dd1f704fee14223e0a8cd0fbf54197c,0b30a443affb03e05a876a083857de9164f899feb7b4d261da02c485c9a3e3b6,20260725,1.0,0.9,1
run1,OHLC,OHLC_0042,5,99.89848327636719,99.94850158691406,99.88665771484375,99.96163940429688,99.89848327636719,99.96163940429688,99.88665771484375,99.96163940429688,False,True,True,0.0131378173828125,0.0,0.0131378173828125,0.00013141224203479265,KronosPredictor,a7d5f37e2e9fbd9891f7d7d4f72574512dd1f704fee14223e0a8cd0fbf54197c,0b30a443affb03e05a876a083857de9164f899feb7b4d261da02c485c9a3e3b6,20260725,1.0,0.9,1
run1,OHLC,OHLC_0043,1,99.85269927978516,99.9917984008789,99.85419464111328,99.9993667602539,99.85269927978516,99.9993667602539,99.85269927978516,99.9993667602539,False,True,True,0.007568359375,0.001495361328125,0.009063720703125,9.063778098570417e-05,KronosPredictor,a7d5f37e2e9fbd9891f7d7d4f72574512dd1f704fee14223e0a8cd0fbf54197c,0b30a443affb03e05a876a083857de9164f899feb7b4d261da02c485c9a3e3b6,20260725,1.0,0.9,1
run1,OHLC,OHLC_0043,2,99.8556900024414,100.04955291748047,99.84512329101562,100.0018081665039,99.8556900024414,100.04955291748047,99.84512329101562,100.0018081665039,False,True,True,0.0,0.0,0.0,0.0,KronosPredictor,a7d5f37e2e9fbd9891f7d7d4f72574512dd1f704fee14223e0a8cd0fbf54197c,0b30a443affb03e05a876a083857de9164f899feb7b4d261da02c485c9a3e3b6,20260725,1.0,0.9,1
run1,OHLC,OHLC_0043,3,100.02818298339844,100.06139373779297,99.8530502319336,99.99826049804688,100.02818298339844,100.06139373779297,99.8530502319336,99.99826049804688,False,True,True,0.0,0.0,0.0,0.0,KronosPredictor,a7d5f37e2e9fbd9891f7d7d4f72574512dd1f704fee14223e0a8cd0fbf54197c,0b30a443affb03e05a876a083857de9164f899feb7b4d261da02c485c9a3e3b6,20260725,1.0,0.9,1
run1,OHLC,OHLC_0043,4,99.77217102050781,100.04891967773438,99.80488586425781,100.0022964477539,99.77217102050781,100.04891967773438,99.77217102050781,100.0022964477539,False,True,True,0.0,0.03271484375,0.03271484375,0.00032715050914705347,KronosPredictor,a7d5f37e2e9fbd9891f7d7d4f72574512dd1f704fee14223e0a8cd0fbf54197c,0b30a443affb03e05a876a083857de9164f899feb7b4d261da02c485c9a3e3b6,20260725,1.0,0.9,1
run1,OHLC,OHLC_0043,5,100.08108520507812,100.05268859863281,99.89177703857422,99.99901580810547,100.08108520507812,100.08108520507812,99.89177703857422,99.99901580810547,False,True,True,0.0283966064453125,0.0,0.0283966064453125,0.00028396786265049746,KronosPredictor,a7d5f37e2e9fbd9891f7d7d4f72574512dd1f704fee14223e0a8cd0fbf54197c,0b30a443affb03e05a876a083857de9164f899feb7b4d261da02c485c9a3e3b6,20260725,1.0,0.9,1
run1,OHLC,OHLC_0044,1,99.83428192138672,99.9998779296875,99.88933563232422,100.00285339355469,99.83428192138672,100.00285339355469,99.83428192138672,100.00285339355469,False,True,True,0.0029754638671875,0.0550537109375,0.0580291748046875,0.0005802751905119894,KronosPredictor,a7d5f37e2e9fbd9891f7d7d4f72574512dd1f704fee14223e0a8cd0fbf54197c,0b30a443affb03e05a876a083857de9164f899feb7b4d261da02c485c9a3e3b6,20260725,1.0,0.9,1
run1,OHLC,OHLC_0044,2,99.9097671508789,100.0035400390625,99.90931701660156,100.00125885009766,99.9097671508789,100.0035400390625,99.90931701660156,100.00125885009766,False,True,True,0.0,0.0,0.0,0.0,KronosPredictor,a7d5f37e2e9fbd9891f7d7d4f72574512dd1f704fee14223e0a8cd0fbf54197c,0b30a443affb03e05a876a083857de9164f899feb7b4d261da02c485c9a3e3b6,20260725,1.0,0.9,1
run1,OHLC,OHLC_0044,3,99.97105407714844,99.98365020751953,99.9237289428711,99.99793243408203,99.97105407714844,99.99793243408203,99.9237289428711,99.99793243408203,False,True,True,0.0142822265625,0.0,0.0142822265625,0.0001428181904599585,KronosPredictor,a7d5f37e2e9fbd9891f7d7d4f72574512dd1f704fee14223e0a8cd0fbf54197c,0b30a443affb03e05a876a083857de9164f899feb7b4d261da02c485c9a3e3b6,20260725,1.0,0.9,1
run1,OHLC,OHLC_0044,4,99.93895721435547,99.96772766113281,99.93824005126953,99.99858093261719,99.93895721435547,99.99858093261719,99.93824005126953,99.99858093261719,False,True,True,0.030853271484375,0.0,0.030853271484375,0.00030852391144234624,KronosPredictor,a7d5f37e2e9fbd9891f7d7d4f72574512dd1f704fee14223e0a8cd0fbf54197c,0b30a443affb03e05a876a083857de9164f899feb7b4d261da02c485c9a3e3b6,20260725,1.0,0.9,1
run1,OHLC,OHLC_0044,5,99.95755767822266,99.995361328125,99.88349151611328,99.99591827392578,99.95755767822266,99.99591827392578,99.88349151611328,99.99591827392578,False,True,True,0.00055694580078125,0.0,0.00055694580078125,5.569299093791116e-06,KronosPredictor,a7d5f37e2e9fbd9891f7d7d4f72574512dd1f704fee14223e0a8cd0fbf54197c,0b30a443affb03e05a876a083857de9164f899feb7b4d261da02c485c9a3e3b6,20260725,1.0,0.9,1
run1,OHLC,OHLC_0045,1,100.06871795654297,100.09857177734375,99.96814727783203,100.0127182006836,100.06871795654297,100.09857177734375,99.96814727783203,100.0127182006836,False,True,True,0.0,0.0,0.0,0.0,KronosPredictor,a7d5f37e2e9fbd9891f7d7d4f72574512dd1f704fee14223e0a8cd0fbf54197c,0b30a443affb03e05a876a083857de9164f899feb7b4d261da02c485c9a3e3b6,20260725,1.0,0.9,1
run1,OHLC,OHLC_0045,2,100.13253021240234,100.10148620605469,99.99249267578125,100.00598907470703,100.13253021240234,100.13253021240234,99.99249267578125,100.00598907470703,False,True,True,0.03104400634765625,0.0,0.03104400634765625,0.00031040058610709836,KronosPredictor,a7d5f37e2e9fbd9891f7d7d4f72574512dd1f704fee14223e0a8cd0fbf54197c,0b30a443affb03e05a876a083857de9164f899feb7b4d261da02c485c9a3e3b6,20260725,1.0,0.9,1
run1,OHLC,OHLC_0045,3,100.07783508300781,100.13006591796875,99.97517395019531,100.00316619873047,100.07783508300781,100.13006591796875,99.97517395019531,100.00316619873047,False,True,True,0.0,0.0,0.0,0.0,KronosPredictor,a7d5f37e2e9fbd9891f7d7d4f72574512dd1f704fee14223e0a8cd0fbf54197c,0b30a443affb03e05a876a083857de9164f899feb7b4d261da02c485c9a3e3b6,20260725,1.0,0.9,1
run1,OHLC,OHLC_0045,4,99.7818603515625,100.06708526611328,99.91351318359375,100.01052856445312,99.7818603515625,100.06708526611328,99.7818603515625,100.01052856445312,False,True,True,0.0,0.13165283203125,0.13165283203125,0.00131636090289115,KronosPredictor,a7d5f37e2e9fbd9891f7d7d4f72574512dd1f704fee14223e0a8cd0fbf54197c,0b30a443affb03e05a876a083857de9164f899feb7b4d261da02c485c9a3e3b6,20260725,1.0,0.9,1
run1,OHLC,OHLC_0045,5,99.93080139160156,100.05530548095703,99.95411682128906,100.00774383544922,99.93080139160156,100.05530548095703,99.93080139160156,100.00774383544922,False,True,True,0.0,0.0233154296875,0.0233154296875,0.00023312464761447347,KronosPredictor,a7d5f37e2e9fbd9891f7d7d4f72574512dd1f704fee14223e0a8cd0fbf54197c,0b30a443affb03e05a876a083857de9164f899feb7b4d261da02c485c9a3e3b6,20260725,1.0,0.9,1
run1,OHLC,OHLC_0046,1,100.02857971191406,100.09358215332031,99.98489379882812,100.00751495361328,100.02857971191406,100.09358215332031,99.98489379882812,100.00751495361328,False,True,True,0.0,0.0,0.0,0.0,KronosPredictor,a7d5f37e2e9fbd9891f7d7d4f72574512dd1f704fee14223e0a8cd0fbf54197c,0b30a443affb03e05a876a083857de9164f899feb7b4d261da02c485c9a3e3b6,20260725,1.0,0.9,1
run1,OHLC,OHLC_0046,2,99.95457458496094,100.04598236083984,99.92988586425781,100.01129913330078,99.95457458496094,100.04598236083984,99.92988586425781,100.01129913330078,False,True,True,0.0,0.0,0.0,0.0,KronosPredictor,a7d5f37e2e9fbd9891f7d7d4f72574512dd1f704fee14223e0a8cd0fbf54197c,0b30a443affb03e05a876a083857de9164f899feb7b4d261da02c485c9a3e3b6,20260725,1.0,0.9,1
run1,OHLC,OHLC_0046,3,99.96260833740234,100.01956939697266,99.97431945800781,100.01016235351562,99.96260833740234,100.01956939697266,99.96260833740234,100.01016235351562,False,True,True,0.0,0.01171112060546875,0.01171112060546875,0.00011710240586320684,KronosPredictor,a7d5f37e2e9fbd9891f7d7d4f72574512dd1f704fee14223e0a8cd0fbf54197c,0b30a443affb03e05a876a083857de9164f899feb7b4d261da02c485c9a3e3b6,20260725,1.0,0.9,1
run1,OHLC,OHLC_0046,4,99.90557861328125,100.0039291381836,99.96532440185547,100.01327514648438,99.90557861328125,100.01327514648438,99.90557861328125,100.01327514648438,False,True,True,0.00934600830078125,0.05974578857421875,0.069091796875,0.000690866050486776,KronosPredictor,a7d5f37e2e9fbd9891f7d7d4f72574512dd1f704fee14223e0a8cd0fbf54197c,0b30a443affb03e05a876a083857de9164f899feb7b4d261da02c485c9a3e3b6,20260725,1.0,0.9,1
run1,OHLC,OHLC_0046,5,100.05563354492188,99.99066925048828,100.05841827392578,100.01040649414062,100.05563354492188,100.05563354492188,100.01040649414062,100.01040649414062,False,True,True,0.06496429443359375,0.04801177978515625,0.11297607421875,0.0011296758475715745,KronosPredictor,a7d5f37e2e9fbd9891f7d7d4f72574512dd1f704fee14223e0a8cd0fbf54197c,0b30a443affb03e05a876a083857de9164f899feb7b4d261da02c485c9a3e3b6,20260725,1.0,0.9,1
run1,OHLC,OHLC_0047,1,100.06825256347656,100.06497955322266,99.99738311767578,100.00072479248047,100.06825256347656,100.06825256347656,99.99738311767578,100.00072479248047,False,True,True,0.00327301025390625,0.0,0.00327301025390625,3.272986531545983e-05,KronosPredictor,a7d5f37e2e9fbd9891f7d7d4f72574512dd1f704fee14223e0a8cd0fbf54197c,0b30a443affb03e05a876a083857de9164f899feb7b4d261da02c485c9a3e3b6,20260725,1.0,0.9,1
run1,OHLC,OHLC_0047,2,100.04562377929688,100.04967498779297,99.96814727783203,99.99751281738281,100.04562377929688,100.04967498779297,99.96814727783203,99.99751281738281,False,True,True,0.0,0.0,0.0,0.0,KronosPredictor,a7d5f37e2e9fbd9891f7d7d4f72574512dd1f704fee14223e0a8cd0fbf54197c,0b30a443affb03e05a876a083857de9164f899feb7b4d261da02c485c9a3e3b6,20260725,1.0,0.9,1
run1,OHLC,OHLC_0047,3,100.07698822021484,100.03886413574219,99.96139526367188,99.99401092529297,100.07698822021484,100.07698822021484,99.96139526367188,99.99401092529297,False,True,True,0.03812408447265625,0.0,0.03812408447265625,0.0003812380815416148,KronosPredictor,a7d5f37e2e9fbd9891f7d7d4f72574512dd1f704fee14223e0a8cd0fbf54197c,0b30a443affb03e05a876a083857de9164f899feb7b4d261da02c485c9a3e3b6,20260725,1.0,0.9,1
run1,OHLC,OHLC_0047,4,100.02938842773438,100.03678894042969,99.97779846191406,99.99811553955078,100.02938842773438,100.03678894042969,99.97779846191406,99.99811553955078,False,True,True,0.0,0.0,0.0,0.0,KronosPredictor,a7d5f37e2e9fbd9891f7d7d4f72574512dd1f704fee14223e0a8cd0fbf54197c,0b30a443affb03e05a876a083857de9164f899feb7b4d261da02c485c9a3e3b6,20260725,1.0,0.9,1
run1,OHLC,OHLC_0047,5,100.0634536743164,100.06395721435547,99.97195434570312,99.99713134765625,100.0634536743164,100.06395721435547,99.97195434570312,99.99713134765625,False,True,True,0.0,0.0,0.0,0.0,KronosPredictor,a7d5f37e2e9fbd9891f7d7d4f72574512dd1f704fee14223e0a8cd0fbf54197c,0b30a443affb03e05a876a083857de9164f899feb7b4d261da02c485c9a3e3b6,20260725,1.0,0.9,1
run1,OHLC,OHLC_0048,1,100.01295471191406,100.04588317871094,99.932861328125,99.99803161621094,100.01295471191406,100.04588317871094,99.932861328125,99.99803161621094,False,True,True,0.0,0.0,0.0,0.0,KronosPredictor,a7d5f37e2e9fbd9891f7d7d4f72574512dd1f704fee14223e0a8cd0fbf54197c,0b30a443affb03e05a876a083857de9164f899feb7b4d261da02c485c9a3e3b6,20260725,1.0,0.9,1
run1,OHLC,OHLC_0048,2,100.11614990234375,100.07239532470703,100.02205657958984,100.00051879882812,100.11614990234375,100.11614990234375,100.00051879882812,100.00051879882812,False,True,True,0.04375457763671875,0.02153778076171875,0.0652923583984375,0.0006529364362793396,KronosPredictor,a7d5f37e2e9fbd9891f7d7d4f72574512dd1f704fee14223e0a8cd0fbf54197c,0b30a443affb03e05a876a083857de9164f899feb7b4d261da02c485c9a3e3b6,20260725,1.0,0.9,1
run1,OHLC,OHLC_0048,3,100.17577362060547,100.0879898071289,99.97074890136719,99.99421691894531,100.17577362060547,100.17577362060547,99.97074890136719,99.99421691894531,False,True,True,0.0877838134765625,0.0,0.0877838134765625,0.0008778554143292921,KronosPredictor,a7d5f37e2e9fbd9891f7d7d4f72574512dd1f704fee14223e0a8cd0fbf54197c,0b30a443affb03e05a876a083857de9164f899feb7b4d261da02c485c9a3e3b6,20260725,1.0,0.9,1
run1,OHLC,OHLC_0048,4,99.96126556396484,100.01049041748047,99.96648406982422,99.99710845947266,99.96126556396484,100.01049041748047,99.96126556396484,99.99710845947266,False,True,True,0.0,0.005218505859375,0.005218505859375,5.218608581620335e-05,KronosPredictor,a7d5f37e2e9fbd9891f7d7d4f72574512dd1f704fee14223e0a8cd0fbf54197c,0b30a443affb03e05a876a083857de9164f899feb7b4d261da02c485c9a3e3b6,20260725,1.0,0.9,1
run1,OHLC,OHLC_0048,5,100.01602935791016,100.00209045410156,99.93229675292969,99.99127197265625,100.01602935791016,100.01602935791016,99.93229675292969,99.99127197265625,False,True,True,0.01393890380859375,0.0,0.01393890380859375,0.00013939178185117475,KronosPredictor,a7d5f37e2e9fbd9891f7d7d4f72574512dd1f704fee14223e0a8cd0fbf54197c,0b30a443affb03e05a876a083857de9164f899feb7b4d261da02c485c9a3e3b6,20260725,1.0,0.9,1
run1,OHLC,OHLC_0049,1,100.04092407226562,100.07623291015625,99.948486328125,100.0054931640625,100.04092407226562,100.07623291015625,99.948486328125,100.0054931640625,True,True,False,0.0,0.0,0.0,0.0,KronosPredictor,a7d5f37e2e9fbd9891f7d7d4f72574512dd1f704fee14223e0a8cd0fbf54197c,0b30a443affb03e05a876a083857de9164f899feb7b4d261da02c485c9a3e3b6,20260725,1.0,0.9,1
run1,OHLC,OHLC_0049,2,100.00855255126953,100.08316040039062,99.97855377197266,100.01985931396484,100.00855255126953,100.08316040039062,99.97855377197266,100.01985931396484,True,True,False,0.0,0.0,0.0,0.0,KronosPredictor,a7d5f37e2e9fbd9891f7d7d4f72574512dd1f704fee14223e0a8cd0fbf54197c,0b30a443affb03e05a876a083857de9164f899feb7b4d261da02c485c9a3e3b6,20260725,1.0,0.9,1
run1,OHLC,OHLC_0049,3,100.04287719726562,100.0874252319336,99.94551086425781,100.01726531982422,100.04287719726562,100.0874252319336,99.94551086425781,100.01726531982422,True,True,False,0.0,0.0,0.0,0.0,KronosPredictor,a7d5f37e2e9fbd9891f7d7d4f72574512dd1f704fee14223e0a8cd0fbf54197c,0b30a443affb03e05a876a083857de9164f899feb7b4d261da02c485c9a3e3b6,20260725,1.0,0.9,1
run1,OHLC,OHLC_0049,4,100.03207397460938,100.08836364746094,99.95674896240234,100.01670837402344,100.03207397460938,100.08836364746094,99.95674896240234,100.01670837402344,True,True,False,0.0,0.0,0.0,0.0,KronosPredictor,a7d5f37e2e9fbd9891f7d7d4f72574512dd1f704fee14223e0a8cd0fbf54197c,0b30a443affb03e05a876a083857de9164f899feb7b4d261da02c485c9a3e3b6,20260725,1.0,0.9,1
run1,OHLC,OHLC_0049,5,100.02452850341797,100.0998764038086,99.94242095947266,100.00950622558594,100.02452850341797,100.0998764038086,99.94242095947266,100.00950622558594,True,True,False,0.0,0.0,0.0,0.0,KronosPredictor,a7d5f37e2e9fbd9891f7d7d4f72574512dd1f704fee14223e0a8cd0fbf54197c,0b30a443affb03e05a876a083857de9164f899feb7b4d261da02c485c9a3e3b6,20260725,1.0,0.9,1
run1,OHLC,OHLC_0050,1,100.00249481201172,100.03060913085938,99.91826629638672,99.98990631103516,100.00249481201172,100.03060913085938,99.91826629638672,99.98990631103516,False,True,True,0.0,0.0,0.0,0.0,KronosPredictor,a7d5f37e2e9fbd9891f7d7d4f72574512dd1f704fee14223e0a8cd0fbf54197c,0b30a443affb03e05a876a083857de9164f899feb7b4d261da02c485c9a3e3b6,20260725,1.0,0.9,1
run1,OHLC,OHLC_0050,2,100.00823974609375,100.04562377929688,99.9150390625,99.98741912841797,100.00823974609375,100.04562377929688,99.9150390625,99.98741912841797,False,True,True,0.0,0.0,0.0,0.0,KronosPredictor,a7d5f37e2e9fbd9891f7d7d4f72574512dd1f704fee14223e0a8cd0fbf54197c,0b30a443affb03e05a876a083857de9164f899feb7b4d261da02c485c9a3e3b6,20260725,1.0,0.9,1
run1,OHLC,OHLC_0050,3,99.90802001953125,100.0597152709961,99.88411712646484,99.98892974853516,99.90802001953125,100.0597152709961,99.88411712646484,99.98892974853516,False,True,True,0.0,0.0,0.0,0.0,KronosPredictor,a7d5f37e2e9fbd9891f7d7d4f72574512dd1f704fee14223e0a8cd0fbf54197c,0b30a443affb03e05a876a083857de9164f899feb7b4d261da02c485c9a3e3b6,20260725,1.0,0.9,1
run1,OHLC,OHLC_0050,4,99.9761962890625,99.97431945800781,99.93706512451172,99.98765563964844,99.9761962890625,99.98765563964844,99.93706512451172,99.98765563964844,False,True,True,0.013336181640625,0.0,0.013336181640625,0.00013337527889205735,KronosPredictor,a7d5f37e2e9fbd9891f7d7d4f72574512dd1f704fee14223e0a8cd0fbf54197c,0b30a443affb03e05a876a083857de9164f899feb7b4d261da02c485c9a3e3b6,20260725,1.0,0.9,1
run1,OHLC,OHLC_0050,5,99.90845489501953,99.9864273071289,99.90393829345703,99.9876708984375,99.90845489501953,99.9876708984375,99.90393829345703,99.9876708984375,False,True,True,0.00124359130859375,0.0,0.00124359130859375,1.2437168455037384e-05,KronosPredictor,a7d5f37e2e9fbd9891f7d7d4f72574512dd1f704fee14223e0a8cd0fbf54197c,0b30a443affb03e05a876a083857de9164f899feb7b4d261da02c485c9a3e3b6,20260725,1.0,0.9,1
run1,OHLC,OHLC_0051,1,99.99629974365234,100.06770324707031,99.9057846069336,99.98711395263672,99.99629974365234,100.06770324707031,99.9057846069336,99.98711395263672,False,True,True,0.0,0.0,0.0,0.0,KronosPredictor,a7d5f37e2e9fbd9891f7d7d4f72574512dd1f704fee14223e0a8cd0fbf54197c,0b30a443affb03e05a876a083857de9164f899feb7b4d261da02c485c9a3e3b6,20260725,1.0,0.9,1
run1,OHLC,OHLC_0051,2,99.96976470947266,99.95530700683594,99.94219970703125,99.9860610961914,99.96976470947266,99.9860610961914,99.94219970703125,99.9860610961914,False,True,True,0.03075408935546875,0.0,0.03075408935546875,0.00030758052852727376,KronosPredictor,a7d5f37e2e9fbd9891f7d7d4f72574512dd1f704fee14223e0a8cd0fbf54197c,0b30a443affb03e05a876a083857de9164f899feb7b4d261da02c485c9a3e3b6,20260725,1.0,0.9,1
run1,OHLC,OHLC_0051,3,99.92151641845703,99.95408630371094,99.93392944335938,99.98715209960938,99.92151641845703,99.98715209960938,99.92151641845703,99.98715209960938,False,True,True,0.0330657958984375,0.01241302490234375,0.04547882080078125,0.0004548468197844403,KronosPredictor,a7d5f37e2e9fbd9891f7d7d4f72574512dd1f704fee14223e0a8cd0fbf54197c,0b30a443affb03e05a876a083857de9164f899feb7b4d261da02c485c9a3e3b6,20260725,1.0,0.9,1
run1,OHLC,OHLC_0051,4,99.98636627197266,100.01025390625,99.94147491455078,99.9869613647461,99.98636627197266,100.01025390625,99.94147491455078,99.9869613647461,False,True,True,0.0,0.0,0.0,0.0,KronosPredictor,a7d5f37e2e9fbd9891f7d7d4f72574512dd1f704fee14223e0a8cd0fbf54197c,0b30a443affb03e05a876a083857de9164f899feb7b4d261da02c485c9a3e3b6,20260725,1.0,0.9,1
run1,OHLC,OHLC_0051,5,99.9354019165039,99.9926528930664,99.9272689819336,99.98841094970703,99.9354019165039,99.9926528930664,99.9272689819336,99.98841094970703,False,True,True,0.0,0.0,0.0,0.0,KronosPredictor,a7d5f37e2e9fbd9891f7d7d4f72574512dd1f704fee14223e0a8cd0fbf54197c,0b30a443affb03e05a876a083857de9164f899feb7b4d261da02c485c9a3e3b6,20260725,1.0,0.9,1
run1,OHLC,OHLC_0052,1,100.21812438964844,100.10929870605469,99.97979736328125,100.0103530883789,100.21812438964844,100.21812438964844,99.97979736328125,100.0103530883789,False,True,True,0.10882568359375,0.0,0.10882568359375,0.0010881441794089158,KronosPredictor,a7d5f37e2e9fbd9891f7d7d4f72574512dd1f704fee14223e0a8cd0fbf54197c,0b30a443affb03e05a876a083857de9164f899feb7b4d261da02c485c9a3e3b6,20260725,1.0,0.9,1
run1,OHLC,OHLC_0052,2,99.97494506835938,100.08867645263672,99.97409057617188,100.021484375,99.97494506835938,100.08867645263672,99.97409057617188,100.021484375,False,True,True,0.0,0.0,0.0,0.0,KronosPredictor,a7d5f37e2e9fbd9891f7d7d4f72574512dd1f704fee14223e0a8cd0fbf54197c,0b30a443affb03e05a876a083857de9164f899feb7b4d261da02c485c9a3e3b6,20260725,1.0,0.9,1
run1,OHLC,OHLC_0052,3,100.2477798461914,100.15385437011719,99.9372787475586,100.00895690917969,100.2477798461914,100.2477798461914,99.9372787475586,100.00895690917969,False,True,True,0.09392547607421875,0.0,0.09392547607421875,0.0009391575289331999,KronosPredictor,a7d5f37e2e9fbd9891f7d7d4f72574512dd1f704fee14223e0a8cd0fbf54197c,0b30a443affb03e05a876a083857de9164f899feb7b4d261da02c485c9a3e3b6,20260725,1.0,0.9,1
run1,OHLC,OHLC_0052,4,99.94165802001953,100.0857162475586,99.93675231933594,100.01593780517578,99.94165802001953,100.0857162475586,99.93675231933594,100.01593780517578,False,True,True,0.0,0.0,0.0,0.0,KronosPredictor,a7d5f37e2e9fbd9891f7d7d4f72574512dd1f704fee14223e0a8cd0fbf54197c,0b30a443affb03e05a876a083857de9164f899feb7b4d261da02c485c9a3e3b6,20260725,1.0,0.9,1
run1,OHLC,OHLC_0052,5,100.01641082763672,100.087890625,99.94172668457031,100.01455688476562,100.01641082763672,100.087890625,99.94172668457031,100.01455688476562,False,True,True,0.0,0.0,0.0,0.0,KronosPredictor,a7d5f37e2e9fbd9891f7d7d4f72574512dd1f704fee14223e0a8cd0fbf54197c,0b30a443affb03e05a876a083857de9164f899feb7b4d261da02c485c9a3e3b6,20260725,1.0,0.9,1
run1,OHLC,OHLC_0053,1,100.20769500732422,100.09009552001953,100.03985595703125,100.00821685791016,100.20769500732422,100.20769500732422,100.00821685791016,100.00821685791016,False,True,True,0.1175994873046875,0.03163909912109375,0.14923858642578125,0.0014922632471071522,KronosPredictor,a7d5f37e2e9fbd9891f7d7d4f72574512dd1f704fee14223e0a8cd0fbf54197c,0b30a443affb03e05a876a083857de9164f899feb7b4d261da02c485c9a3e3b6,20260725,1.0,0.9,1
run1,OHLC,OHLC_0053,2,100.00960540771484,100.04815673828125,99.99960327148438,100.00845336914062,100.00960540771484,100.04815673828125,99.99960327148438,100.00845336914062,False,True,True,0.0,0.0,0.0,0.0,KronosPredictor,a7d5f37e2e9fbd9891f7d7d4f72574512dd1f704fee14223e0a8cd0fbf54197c,0b30a443affb03e05a876a083857de9164f899feb7b4d261da02c485c9a3e3b6,20260725,1.0,0.9,1
run1,OHLC,OHLC_0053,3,100.01725006103516,100.00582122802734,99.98241424560547,99.99784851074219,100.01725006103516,100.01725006103516,99.98241424560547,99.99784851074219,False,True,True,0.0114288330078125,0.0,0.0114288330078125,0.0001142789399400089,KronosPredictor,a7d5f37e2e9fbd9891f7d7d4f72574512dd1f704fee14223e0a8cd0fbf54197c,0b30a443affb03e05a876a083857de9164f899feb7b4d261da02c485c9a3e3b6,20260725,1.0,0.9,1
run1,OHLC,OHLC_0053,4,99.98049926757812,100.02884674072266,99.96721649169922,100.00148010253906,99.98049926757812,100.02884674072266,99.96721649169922,100.00148010253906,False,True,True,0.0,0.0,0.0,0.0,KronosPredictor,a7d5f37e2e9fbd9891f7d7d4f72574512dd1f704fee14223e0a8cd0fbf54197c,0b30a443affb03e05a876a083857de9164f899feb7b4d261da02c485c9a3e3b6,20260725,1.0,0.9,1
run1,OHLC,OHLC_0053,5,100.11378479003906,100.14397430419922,99.98652648925781,100.00275421142578,100.11378479003906,100.14397430419922,99.98652648925781,100.00275421142578,False,True,True,0.0,0.0,0.0,0.0,KronosPredictor,a7d5f37e2e9fbd9891f7d7d4f72574512dd1f704fee14223e0a8cd0fbf54197c,0b30a443affb03e05a876a083857de9164f899feb7b4d261da02c485c9a3e3b6,20260725,1.0,0.9,1
run1,OHLC,OHLC_0054,1,100.00066375732422,100.04060363769531,99.98857879638672,99.9988784790039,100.00066375732422,100.04060363769531,99.98857879638672,99.9988784790039,False,True,True,0.0,0.0,0.0,0.0,KronosPredictor,a7d5f37e2e9fbd9891f7d7d4f72574512dd1f704fee14223e0a8cd0fbf54197c,0b30a443affb03e05a876a083857de9164f899feb7b4d261da02c485c9a3e3b6,20260725,1.0,0.9,1
run1,OHLC,OHLC_0054,2,99.98224639892578,100.03700256347656,99.9755630493164,99.9988784790039,99.98224639892578,100.03700256347656,99.9755630493164,99.9988784790039,False,True,True,0.0,0.0,0.0,0.0,KronosPredictor,a7d5f37e2e9fbd9891f7d7d4f72574512dd1f704fee14223e0a8cd0fbf54197c,0b30a443affb03e05a876a083857de9164f899feb7b4d261da02c485c9a3e3b6,20260725,1.0,0.9,1
run1,OHLC,OHLC_0054,3,100.03761291503906,100.04449462890625,99.96174621582031,99.99685668945312,100.03761291503906,100.04449462890625,99.96174621582031,99.99685668945312,False,True,True,0.0,0.0,0.0,0.0,KronosPredictor,a7d5f37e2e9fbd9891f7d7d4f72574512dd1f704fee14223e0a8cd0fbf54197c,0b30a443affb03e05a876a083857de9164f899feb7b4d261da02c485c9a3e3b6,20260725,1.0,0.9,1
run1,OHLC,OHLC_0054,4,100.03148651123047,100.02616119384766,100.00179290771484,99.99795532226562,100.03148651123047,100.03148651123047,99.99795532226562,99.99795532226562,False,True,True,0.0053253173828125,0.00383758544921875,0.00916290283203125,9.163005597062894e-05,KronosPredictor,a7d5f37e2e9fbd9891f7d7d4f72574512dd1f704fee14223e0a8cd0fbf54197c,0b30a443affb03e05a876a083857de9164f899feb7b4d261da02c485c9a3e3b6,20260725,1.0,0.9,1
run1,OHLC,OHLC_0054,5,100.12886047363281,100.06964111328125,100.01020050048828,99.99845123291016,100.12886047363281,100.12886047363281,99.99845123291016,99.99845123291016,False,True,True,0.0592193603515625,0.011749267578125,0.0709686279296875,0.0007096942386667697,KronosPredictor,a7d5f37e2e9fbd9891f7d7d4f72574512dd1f704fee14223e0a8cd0fbf54197c,0b30a443affb03e05a876a083857de9164f899feb7b4d261da02c485c9a3e3b6,20260725,1.0,0.9,1
run1,OHLC,OHLC_0055,1,99.97444915771484,100.06452178955078,99.94913482666016,100.0129165649414,99.97444915771484,100.06452178955078,99.94913482666016,100.0129165649414,False,True,True,0.0,0.0,0.0,0.0,KronosPredictor,a7d5f37e2e9fbd9891f7d7d4f72574512dd1f704fee14223e0a8cd0fbf54197c,0b30a443affb03e05a876a083857de9164f899feb7b4d261da02c485c9a3e3b6,20260725,1.0,0.9,1
run1,OHLC,OHLC_0055,2,100.03138732910156,100.0634994506836,99.913330078125,100.01394653320312,100.03138732910156,100.0634994506836,99.913330078125,100.01394653320312,False,True,True,0.0,0.0,0.0,0.0,KronosPredictor,a7d5f37e2e9fbd9891f7d7d4f72574512dd1f704fee14223e0a8cd0fbf54197c,0b30a443affb03e05a876a083857de9164f899feb7b4d261da02c485c9a3e3b6,20260725,1.0,0.9,1
run1,OHLC,OHLC_0055,3,100.02851104736328,100.08782196044922,99.93485260009766,100.00863647460938,100.02851104736328,100.08782196044922,99.93485260009766,100.00863647460938,False,True,True,0.0,0.0,0.0,0.0,KronosPredictor,a7d5f37e2e9fbd9891f7d7d4f72574512dd1f704fee14223e0a8cd0fbf54197c,0b30a443affb03e05a876a083857de9164f899feb7b4d261da02c485c9a3e3b6,20260725,1.0,0.9,1
run1,OHLC,OHLC_0055,4,100.20205688476562,100.1607437133789,99.92461395263672,100.00115966796875,100.20205688476562,100.20205688476562,99.92461395263672,100.00115966796875,False,True,True,0.04131317138671875,0.0,0.04131317138671875,0.0004130783583327746,KronosPredictor,a7d5f37e2e9fbd9891f7d7d4f72574512dd1f704fee14223e0a8cd0fbf54197c,0b30a443affb03e05a876a083857de9164f899feb7b4d261da02c485c9a3e3b6,20260725,1.0,0.9,1
run1,OHLC,OHLC_0055,5,100.11331939697266,100.12425231933594,99.96041870117188,100.0045394897461,100.11331939697266,100.12425231933594,99.96041870117188,100.0045394897461,False,True,True,0.0,0.0,0.0,0.0,KronosPredictor,a7d5f37e2e9fbd9891f7d7d4f72574512dd1f704fee14223e0a8cd0fbf54197c,0b30a443affb03e05a876a083857de9164f899feb7b4d261da02c485c9a3e3b6,20260725,1.0,0.9,1
run1,OHLC,OHLC_0056,1,100.02900695800781,100.08287048339844,99.98499298095703,100.00331115722656,100.02900695800781,100.08287048339844,99.98499298095703,100.00331115722656,False,True,True,0.0,0.0,0.0,0.0,KronosPredictor,a7d5f37e2e9fbd9891f7d7d4f72574512dd1f704fee14223e0a8cd0fbf54197c,0b30a443affb03e05a876a083857de9164f899feb7b4d261da02c485c9a3e3b6,20260725,1.0,0.9,1
run1,OHLC,OHLC_0056,2,99.93929290771484,100.0824203491211,99.93729400634766,100.01193237304688,99.93929290771484,100.0824203491211,99.93729400634766,100.01193237304688,False,True,True,0.0,0.0,0.0,0.0,KronosPredictor,a7d5f37e2e9fbd9891f7d7d4f72574512dd1f704fee14223e0a8cd0fbf54197c,0b30a443affb03e05a876a083857de9164f899feb7b4d261da02c485c9a3e3b6,20260725,1.0,0.9,1
run1,OHLC,OHLC_0056,3,100.05928802490234,100.08663940429688,99.87660217285156,100.0008773803711,100.05928802490234,100.08663940429688,99.87660217285156,100.0008773803711,False,True,True,0.0,0.0,0.0,0.0,KronosPredictor,a7d5f37e2e9fbd9891f7d7d4f72574512dd1f704fee14223e0a8cd0fbf54197c,0b30a443affb03e05a876a083857de9164f899feb7b4d261da02c485c9a3e3b6,20260725,1.0,0.9,1
run1,OHLC,OHLC_0056,4,100.05602264404297,100.03833770751953,99.99722290039062,100.00312042236328,100.05602264404297,100.05602264404297,99.99722290039062,100.00312042236328,False,True,True,0.0176849365234375,0.0,0.0176849365234375,0.00017684350966772492,KronosPredictor,a7d5f37e2e9fbd9891f7d7d4f72574512dd1f704fee14223e0a8cd0fbf54197c,0b30a443affb03e05a876a083857de9164f899feb7b4d261da02c485c9a3e3b6,20260725,1.0,0.9,1
run1,OHLC,OHLC_0056,5,99.99922943115234,100.09778594970703,99.92671966552734,100.00337219238281,99.99922943115234,100.09778594970703,99.92671966552734,100.00337219238281,False,True,True,0.0,0.0,0.0,0.0,KronosPredictor,a7d5f37e2e9fbd9891f7d7d4f72574512dd1f704fee14223e0a8cd0fbf54197c,0b30a443affb03e05a876a083857de9164f899feb7b4d261da02c485c9a3e3b6,20260725,1.0,0.9,1
run1,OHLC,OHLC_0057,1,100.03084564208984,100.04667663574219,99.92845916748047,99.98915100097656,100.03084564208984,100.04667663574219,99.92845916748047,99.98915100097656,False,True,True,0.0,0.0,0.0,0.0,KronosPredictor,a7d5f37e2e9fbd9891f7d7d4f72574512dd1f704fee14223e0a8cd0fbf54197c,0b30a443affb03e05a876a083857de9164f899feb7b4d261da02c485c9a3e3b6,20260725,1.0,0.9,1
run1,OHLC,OHLC_0057,2,99.88023376464844,100.0349349975586,99.8941421508789,99.9898681640625,99.88023376464844,100.0349349975586,99.88023376464844,99.9898681640625,False,True,True,0.0,0.01390838623046875,0.01390838623046875,0.00013909895314875623,KronosPredictor,a7d5f37e2e9fbd9891f7d7d4f72574512dd1f704fee14223e0a8cd0fbf54197c,0b30a443affb03e05a876a083857de9164f899feb7b4d261da02c485c9a3e3b6,20260725,1.0,0.9,1
run1,OHLC,OHLC_0057,3,99.94273376464844,99.9972915649414,99.9612808227539,99.99380493164062,99.94273376464844,99.9972915649414,99.94273376464844,99.99380493164062,False,True,True,0.0,0.01854705810546875,0.01854705810546875,0.00018549070493945494,KronosPredictor,a7d5f37e2e9fbd9891f7d7d4f72574512dd1f704fee14223e0a8cd0fbf54197c,0b30a443affb03e05a876a083857de9164f899feb7b4d261da02c485c9a3e3b6,20260725,1.0,0.9,1
run1,OHLC,OHLC_0057,4,99.98754119873047,99.98341369628906,99.97172546386719,99.99079132080078,99.98754119873047,99.99079132080078,99.97172546386719,99.99079132080078,False,True,True,0.00737762451171875,0.0,0.00737762451171875,7.378424996974617e-05,KronosPredictor,a7d5f37e2e9fbd9891f7d7d4f72574512dd1f704fee14223e0a8cd0fbf54197c,0b30a443affb03e05a876a083857de9164f899feb7b4d261da02c485c9a3e3b6,20260725,1.0,0.9,1
run1,OHLC,OHLC_0057,5,100.02883911132812,100.03308868408203,99.9311294555664,99.9886474609375,100.02883911132812,100.03308868408203,99.9311294555664,99.9886474609375,False,True,True,0.0,0.0,0.0,0.0,KronosPredictor,a7d5f37e2e9fbd9891f7d7d4f72574512dd1f704fee14223e0a8cd0fbf54197c,0b30a443affb03e05a876a083857de9164f899feb7b4d261da02c485c9a3e3b6,20260725,1.0,0.9,1
run1,OHLC,OHLC_0058,1,99.93106842041016,100.0652847290039,99.89041137695312,99.99507904052734,99.93106842041016,100.0652847290039,99.89041137695312,99.99507904052734,False,True,True,0.0,0.0,0.0,0.0,KronosPredictor,a7d5f37e2e9fbd9891f7d7d4f72574512dd1f704fee14223e0a8cd0fbf54197c,0b30a443affb03e05a876a083857de9164f899feb7b4d261da02c485c9a3e3b6,20260725,1.0,0.9,1
run1,OHLC,OHLC_0058,2,99.8659896850586,100.05677032470703,99.89019012451172,100.00042724609375,99.8659896850586,100.05677032470703,99.8659896850586,100.00042724609375,False,True,True,0.0,0.024200439453125,0.024200439453125,0.00024201630405548978,KronosPredictor,a7d5f37e2e9fbd9891f7d7d4f72574512dd1f704fee14223e0a8cd0fbf54197c,0b30a443affb03e05a876a083857de9164f899feb7b4d261da02c485c9a3e3b6,20260725,1.0,0.9,1
run1,OHLC,OHLC_0058,3,100.0888671875,100.06396484375,99.98743438720703,99.99884796142578,100.0888671875,100.0888671875,99.98743438720703,99.99884796142578,False,True,True,0.02490234375,0.0,0.02490234375,0.0002490356924454977,KronosPredictor,a7d5f37e2e9fbd9891f7d7d4f72574512dd1f704fee14223e0a8cd0fbf54197c,0b30a443affb03e05a876a083857de9164f899feb7b4d261da02c485c9a3e3b6,20260725,1.0,0.9,1
run1,OHLC,OHLC_0058,4,100.07135009765625,100.0699234008789,99.97811126708984,99.9971694946289,100.07135009765625,100.07135009765625,99.97811126708984,99.9971694946289,False,True,True,0.00142669677734375,0.0,0.00142669677734375,1.4267669879689971e-05,KronosPredictor,a7d5f37e2e9fbd9891f7d7d4f72574512dd1f704fee14223e0a8cd0fbf54197c,0b30a443affb03e05a876a083857de9164f899feb7b4d261da02c485c9a3e3b6,20260725,1.0,0.9,1
run1,OHLC,OHLC_0058,5,100.07705688476562,100.10379791259766,100.00053405761719,100.00037384033203,100.07705688476562,100.10379791259766,100.00037384033203,100.00037384033203,False,True,True,0.0,0.00016021728515625,0.00016021728515625,1.6022516977191946e-06,KronosPredictor,a7d5f37e2e9fbd9891f7d7d4f72574512dd1f704fee14223e0a8cd0fbf54197c,0b30a443affb03e05a876a083857de9164f899feb7b4d261da02c485c9a3e3b6,20260725,1.0,0.9,1
run1,OHLC,OHLC_0059,1,99.95540618896484,99.98637390136719,99.92803955078125,99.99250793457031,99.95540618896484,99.99250793457031,99.92803955078125,99.99250793457031,False,True,True,0.006134033203125,0.0,0.006134033203125,6.134492803339606e-05,KronosPredictor,a7d5f37e2e9fbd9891f7d7d4f72574512dd1f704fee14223e0a8cd0fbf54197c,0b30a443affb03e05a876a083857de9164f899feb7b4d261da02c485c9a3e3b6,20260725,1.0,0.9,1
run1,OHLC,OHLC_0059,2,99.92072296142578,100.08015441894531,99.9278564453125,99.99398040771484,99.92072296142578,100.08015441894531,99.92072296142578,99.99398040771484,False,True,True,0.0,0.00713348388671875,0.00713348388671875,7.13401837204295e-05,KronosPredictor,a7d5f37e2e9fbd9891f7d7d4f72574512dd1f704fee14223e0a8cd0fbf54197c,0b30a443affb03e05a876a083857de9164f899feb7b4d261da02c485c9a3e3b6,20260725,1.0,0.9,1
run1,OHLC,OHLC_0059,3,99.9014892578125,100.11936950683594,99.88577270507812,99.99371337890625,99.9014892578125,100.11936950683594,99.88577270507812,99.99371337890625,False,True,True,0.0,0.0,0.0,0.0,KronosPredictor,a7d5f37e2e9fbd9891f7d7d4f72574512dd1f704fee14223e0a8cd0fbf54197c,0b30a443affb03e05a876a083857de9164f899feb7b4d261da02c485c9a3e3b6,20260725,1.0,0.9,1
run1,OHLC,OHLC_0059,4,99.91062927246094,100.04280853271484,99.88691711425781,99.99378204345703,99.91062927246094,100.04280853271484,99.88691711425781,99.99378204345703,False,True,True,0.0,0.0,0.0,0.0,KronosPredictor,a7d5f37e2e9fbd9891f7d7d4f72574512dd1f704fee14223e0a8cd0fbf54197c,0b30a443affb03e05a876a083857de9164f899feb7b4d261da02c485c9a3e3b6,20260725,1.0,0.9,1
run1,OHLC,OHLC_0059,5,99.93263244628906,99.98284149169922,99.95020294189453,99.9942626953125,99.93263244628906,99.9942626953125,99.93263244628906,99.9942626953125,False,True,True,0.01142120361328125,0.01757049560546875,0.02899169921875,0.00028993871458570273,KronosPredictor,a7d5f37e2e9fbd9891f7d7d4f72574512dd1f704fee14223e0a8cd0fbf54197c,0b30a443affb03e05a876a083857de9164f899feb7b4d261da02c485c9a3e3b6,20260725,1.0,0.9,1
run1,OHLC,OHLC_0060,1,99.86634063720703,100.07664489746094,99.89685821533203,100.00230407714844,99.86634063720703,100.07664489746094,99.86634063720703,100.00230407714844,False,True,True,0.0,0.030517578125,0.030517578125,0.0003051687499265688,KronosPredictor,a7d5f37e2e9fbd9891f7d7d4f72574512dd1f704fee14223e0a8cd0fbf54197c,0b30a443affb03e05a876a083857de9164f899feb7b4d261da02c485c9a3e3b6,20260725,1.0,0.9,1
run1,OHLC,OHLC_0060,2,100.13084411621094,100.09920501708984,99.88487243652344,99.9963150024414,100.13084411621094,100.13084411621094,99.88487243652344,99.9963150024414,False,True,True,0.03163909912109375,0.0,0.03163909912109375,0.0003163837014863702,KronosPredictor,a7d5f37e2e9fbd9891f7d7d4f72574512dd1f704fee14223e0a8cd0fbf54197c,0b30a443affb03e05a876a083857de9164f899feb7b4d261da02c485c9a3e3b6,20260725,1.0,0.9,1
run1,OHLC,OHLC_0060,3,100.06727600097656,100.09466552734375,99.88749694824219,99.99903869628906,100.06727600097656,100.09466552734375,99.88749694824219,99.99903869628906,False,True,True,0.0,0.0,0.0,0.0,KronosPredictor,a7d5f37e2e9fbd9891f7d7d4f72574512dd1f704fee14223e0a8cd0fbf54197c,0b30a443affb03e05a876a083857de9164f899feb7b4d261da02c485c9a3e3b6,20260725,1.0,0.9,1
run1,OHLC,OHLC_0060,4,100.04629516601562,100.07693481445312,99.97807312011719,99.99781036376953,100.04629516601562,100.07693481445312,99.97807312011719,99.99781036376953,False,True,True,0.0,0.0,0.0,0.0,KronosPredictor,a7d5f37e2e9fbd9891f7d7d4f72574512dd1f704fee14223e0a8cd0fbf54197c,0b30a443affb03e05a876a083857de9164f899feb7b4d261da02c485c9a3e3b6,20260725,1.0,0.9,1
run1,OHLC,OHLC_0060,5,100.10429382324219,100.04979705810547,100.02753448486328,99.99901580810547,100.10429382324219,100.10429382324219,99.99901580810547,99.99901580810547,False,True,True,0.05449676513671875,0.0285186767578125,0.08301544189453125,0.0008301352919877487,KronosPredictor,a7d5f37e2e9fbd9891f7d7d4f72574512dd1f704fee14223e0a8cd0fbf54197c,0b30a443affb03e05a876a083857de9164f899feb7b4d261da02c485c9a3e3b6,20260725,1.0,0.9,1
run1,OHLC,OHLC_0061,1,100.03197479248047,100.00743865966797,100.00422668457031,99.99752044677734,100.03197479248047,100.03197479248047,99.99752044677734,99.99752044677734,False,True,True,0.0245361328125,0.00670623779296875,0.03124237060546875,0.00031243145295884795,KronosPredictor,a7d5f37e2e9fbd9891f7d7d4f72574512dd1f704fee14223e0a8cd0fbf54197c,0b30a443affb03e05a876a083857de9164f899feb7b4d261da02c485c9a3e3b6,20260725,1.0,0.9,1
run1,OHLC,OHLC_0061,2,99.99983978271484,99.97967529296875,100.02227783203125,99.99563598632812,99.99983978271484,99.99983978271484,99.99563598632812,99.99563598632812,False,True,True,0.02016448974609375,0.026641845703125,0.04680633544921875,0.000468074960659959,KronosPredictor,a7d5f37e2e9fbd9891f7d7d4f72574512dd1f704fee14223e0a8cd0fbf54197c,0b30a443affb03e05a876a083857de9164f899feb7b4d261da02c485c9a3e3b6,20260725,1.0,0.9,1
run1,OHLC,OHLC_0061,3,100.12853240966797,100.06169891357422,99.96009826660156,99.99385070800781,100.12853240966797,100.12853240966797,99.96009826660156,99.99385070800781,False,True,True,0.06683349609375,0.0,0.06683349609375,0.0006683515330694769,KronosPredictor,a7d5f37e2e9fbd9891f7d7d4f72574512dd1f704fee14223e0a8cd0fbf54197c,0b30a443affb03e05a876a083857de9164f899feb7b4d261da02c485c9a3e3b6,20260725,1.0,0.9,1
run1,OHLC,OHLC_0061,4,100.10072326660156,100.04268646240234,99.99296569824219,99.99559020996094,100.10072326660156,100.10072326660156,99.99296569824219,99.99559020996094,False,True,True,0.05803680419921875,0.0,0.05803680419921875,0.0005803824328835058,KronosPredictor,a7d5f37e2e9fbd9891f7d7d4f72574512dd1f704fee14223e0a8cd0fbf54197c,0b30a443affb03e05a876a083857de9164f899feb7b4d261da02c485c9a3e3b6,20260725,1.0,0.9,1
run1,OHLC,OHLC_0061,5,99.98014831542969,100.03264617919922,100.00254821777344,100.00011444091797,99.98014831542969,100.03264617919922,99.98014831542969,100.00011444091797,False,True,True,0.0,0.02239990234375,0.02239990234375,0.0002240045777502265,KronosPredictor,a7d5f37e2e9fbd9891f7d7d4f72574512dd1f704fee14223e0a8cd0fbf54197c,0b30a443affb03e05a876a083857de9164f899feb7b4d261da02c485c9a3e3b6,20260725,1.0,0.9,1
run1,OHLC,OHLC_0062,1,99.96422576904297,100.02762603759766,99.89375305175781,99.99569702148438,99.96422576904297,100.02762603759766,99.89375305175781,99.99569702148438,False,True,True,0.0,0.0,0.0,0.0,KronosPredictor,a7d5f37e2e9fbd9891f7d7d4f72574512dd1f704fee14223e0a8cd0fbf54197c,0b30a443affb03e05a876a083857de9164f899feb7b4d261da02c485c9a3e3b6,20260725,1.0,0.9,1
run1,OHLC,OHLC_0062,2,99.91863250732422,99.9915542602539,99.91197204589844,99.996337890625,99.91863250732422,99.996337890625,99.91197204589844,99.996337890625,False,True,True,0.00478363037109375,0.0,0.00478363037109375,4.783836218538457e-05,KronosPredictor,a7d5f37e2e9fbd9891f7d7d4f72574512dd1f704fee14223e0a8cd0fbf54197c,0b30a443affb03e05a876a083857de9164f899feb7b4d261da02c485c9a3e3b6,20260725,1.0,0.9,1
run1,OHLC,OHLC_0062,3,99.92228698730469,100.0078125,99.8884506225586,99.99564361572266,99.92228698730469,100.0078125,99.8884506225586,99.99564361572266,False,True,True,0.0,0.0,0.0,0.0,KronosPredictor,a7d5f37e2e9fbd9891f7d7d4f72574512dd1f704fee14223e0a8cd0fbf54197c,0b30a443affb03e05a876a083857de9164f899feb7b4d261da02c485c9a3e3b6,20260725,1.0,0.9,1
run1,OHLC,OHLC_0062,4,99.79037475585938,100.0235595703125,99.84152221679688,99.9998779296875,99.79037475585938,100.0235595703125,99.79037475585938,99.9998779296875,False,True,True,0.0,0.0511474609375,0.0511474609375,0.0005114966189646222,KronosPredictor,a7d5f37e2e9fbd9891f7d7d4f72574512dd1f704fee14223e0a8cd0fbf54197c,0b30a443affb03e05a876a083857de9164f899feb7b4d261da02c485c9a3e3b6,20260725,1.0,0.9,1
run1,OHLC,OHLC_0062,5,99.95476531982422,99.99908447265625,99.90116119384766,99.99588775634766,99.95476531982422,99.99908447265625,99.90116119384766,99.99588775634766,False,True,True,0.0,0.0,0.0,0.0,KronosPredictor,a7d5f37e2e9fbd9891f7d7d4f72574512dd1f704fee14223e0a8cd0fbf54197c,0b30a443affb03e05a876a083857de9164f899feb7b4d261da02c485c9a3e3b6,20260725,1.0,0.9,1
run1,OHLC,OHLC_0063,1,100.05268096923828,100.08377838134766,100.0206069946289,100.00636291503906,100.05268096923828,100.08377838134766,100.00636291503906,100.00636291503906,False,True,True,0.0,0.01424407958984375,0.01424407958984375,0.00014243173308827242,KronosPredictor,a7d5f37e2e9fbd9891f7d7d4f72574512dd1f704fee14223e0a8cd0fbf54197c,0b30a443affb03e05a876a083857de9164f899feb7b4d261da02c485c9a3e3b6,20260725,1.0,0.9,1
run1,OHLC,OHLC_0063,2,100.09239196777344,100.08570861816406,99.97432708740234,100.00394439697266,100.09239196777344,100.09239196777344,99.97432708740234,100.00394439697266,False,True,True,0.006683349609375,0.0,0.006683349609375,6.682924380574539e-05,KronosPredictor,a7d5f37e2e9fbd9891f7d7d4f72574512dd1f704fee14223e0a8cd0fbf54197c,0b30a443affb03e05a876a083857de9164f899feb7b4d261da02c485c9a3e3b6,20260725,1.0,0.9,1
run1,OHLC,OHLC_0063,3,100.05742645263672,100.09923553466797,99.98262023925781,100.00469970703125,100.05742645263672,100.09923553466797,99.98262023925781,100.00469970703125,False,True,True,0.0,0.0,0.0,0.0,KronosPredictor,a7d5f37e2e9fbd9891f7d7d4f72574512dd1f704fee14223e0a8cd0fbf54197c,0b30a443affb03e05a876a083857de9164f899feb7b4d261da02c485c9a3e3b6,20260725,1.0,0.9,1
run1,OHLC,OHLC_0063,4,100.08504486083984,100.07140350341797,99.92877960205078,100.00389099121094,100.08504486083984,100.08504486083984,99.92877960205078,100.00389099121094,False,True,True,0.013641357421875,0.0,0.013641357421875,0.00013640489489117895,KronosPredictor,a7d5f37e2e9fbd9891f7d7d4f72574512dd1f704fee14223e0a8cd0fbf54197c,0b30a443affb03e05a876a083857de9164f899feb7b4d261da02c485c9a3e3b6,20260725,1.0,0.9,1
run1,OHLC,OHLC_0063,5,100.07081604003906,100.04417419433594,100.01361083984375,100.00226593017578,100.07081604003906,100.07081604003906,100.00226593017578,100.00226593017578,False,True,True,0.026641845703125,0.01134490966796875,0.03798675537109375,0.00037984338459909393,KronosPredictor,a7d5f37e2e9fbd9891f7d7d4f72574512dd1f704fee14223e0a8cd0fbf54197c,0b30a443affb03e05a876a083857de9164f899feb7b4d261da02c485c9a3e3b6,20260725,1.0,0.9,1
run1,OHLC,OHLC_0064,1,100.10909271240234,100.10330200195312,99.949951171875,99.99669647216797,100.10909271240234,100.10909271240234,99.949951171875,99.99669647216797,False,True,True,0.00579071044921875,0.0,0.00579071044921875,5.790901753269895e-05,KronosPredictor,a7d5f37e2e9fbd9891f7d7d4f72574512dd1f704fee14223e0a8cd0fbf54197c,0b30a443affb03e05a876a083857de9164f899feb7b4d261da02c485c9a3e3b6,20260725,1.0,0.9,1
run1,OHLC,OHLC_0064,2,99.99971008300781,100.04444885253906,99.95648956298828,99.99495697021484,99.99971008300781,100.04444885253906,99.95648956298828,99.99495697021484,False,True,True,0.0,0.0,0.0,0.0,KronosPredictor,a7d5f37e2e9fbd9891f7d7d4f72574512dd1f704fee14223e0a8cd0fbf54197c,0b30a443affb03e05a876a083857de9164f899feb7b4d261da02c485c9a3e3b6,20260725,1.0,0.9,1
run1,OHLC,OHLC_0064,3,99.93328857421875,100.01961517333984,99.9592056274414,99.99949645996094,99.93328857421875,100.01961517333984,99.93328857421875,99.99949645996094,False,True,True,0.0,0.02591705322265625,0.02591705322265625,0.00025917909428007686,KronosPredictor,a7d5f37e2e9fbd9891f7d7d4f72574512dd1f704fee14223e0a8cd0fbf54197c,0b30a443affb03e05a876a083857de9164f899feb7b4d261da02c485c9a3e3b6,20260725,1.0,0.9,1
run1,OHLC,OHLC_0064,4,100.0035629272461,100.00016784667969,99.92831420898438,99.99317169189453,100.0035629272461,100.0035629272461,99.92831420898438,99.99317169189453,False,True,True,0.00339508056640625,0.0,0.00339508056640625,3.395192727542956e-05,KronosPredictor,a7d5f37e2e9fbd9891f7d7d4f72574512dd1f704fee14223e0a8cd0fbf54197c,0b30a443affb03e05a876a083857de9164f899feb7b4d261da02c485c9a3e3b6,20260725,1.0,0.9,1
run1,OHLC,OHLC_0064,5,99.94831085205078,99.99467468261719,99.93976593017578,99.99394226074219,99.94831085205078,99.99467468261719,99.93976593017578,99.99394226074219,False,True,True,0.0,0.0,0.0,0.0,KronosPredictor,a7d5f37e2e9fbd9891f7d7d4f72574512dd1f704fee14223e0a8cd0fbf54197c,0b30a443affb03e05a876a083857de9164f899feb7b4d261da02c485c9a3e3b6,20260725,1.0,0.9,1
run1,OHLC,OHLC_0065,1,99.9697036743164,100.0326156616211,99.88337707519531,99.99107360839844,99.9697036743164,100.0326156616211,99.88337707519531,99.99107360839844,False,True,True,0.0,0.0,0.0,0.0,KronosPredictor,a7d5f37e2e9fbd9891f7d7d4f72574512dd1f704fee14223e0a8cd0fbf54197c,0b30a443affb03e05a876a083857de9164f899feb7b4d261da02c485c9a3e3b6,20260725,1.0,0.9,1
run1,OHLC,OHLC_0065,2,99.99272155761719,99.99128723144531,99.92870330810547,99.99118041992188,99.99272155761719,99.99272155761719,99.92870330810547,99.99118041992188,False,True,True,0.001434326171875,0.0,0.001434326171875,1.4344542168757435e-05,KronosPredictor,a7d5f37e2e9fbd9891f7d7d4f72574512dd1f704fee14223e0a8cd0fbf54197c,0b30a443affb03e05a876a083857de9164f899feb7b4d261da02c485c9a3e3b6,20260725,1.0,0.9,1
run1,OHLC,OHLC_0065,3,99.95384979248047,99.97274780273438,99.91070556640625,99.98912048339844,99.95384979248047,99.98912048339844,99.91070556640625,99.98912048339844,False,True,True,0.0163726806640625,0.0,0.0163726806640625,0.00016374142284124177,KronosPredictor,a7d5f37e2e9fbd9891f7d7d4f72574512dd1f704fee14223e0a8cd0fbf54197c,0b30a443affb03e05a876a083857de9164f899feb7b4d261da02c485c9a3e3b6,20260725,1.0,0.9,1
run1,OHLC,OHLC_0065,4,99.89950561523438,99.95027160644531,99.9063949584961,99.98992919921875,99.89950561523438,99.98992919921875,99.89950561523438,99.98992919921875,False,True,True,0.0396575927734375,0.00688934326171875,0.04654693603515625,0.0004655109136786655,KronosPredictor,a7d5f37e2e9fbd9891f7d7d4f72574512dd1f704fee14223e0a8cd0fbf54197c,0b30a443affb03e05a876a083857de9164f899feb7b4d261da02c485c9a3e3b6,20260725,1.0,0.9,1
run1,OHLC,OHLC_0065,5,99.89419555664062,99.97775268554688,99.9023208618164,99.9910659790039,99.89419555664062,99.9910659790039,99.89419555664062,99.9910659790039,False,True,True,0.01331329345703125,0.00812530517578125,0.0214385986328125,0.00021440512496919358,KronosPredictor,a7d5f37e2e9fbd9891f7d7d4f72574512dd1f704fee14223e0a8cd0fbf54197c,0b30a443affb03e05a876a083857de9164f899feb7b4d261da02c485c9a3e3b6,20260725,1.0,0.9,1
run1,OHLC,OHLC_0066,1,100.04007720947266,100.08895874023438,99.97704315185547,100.00668334960938,100.04007720947266,100.08895874023438,99.97704315185547,100.00668334960938,False,True,True,0.0,0.0,0.0,0.0,KronosPredictor,a7d5f37e2e9fbd9891f7d7d4f72574512dd1f704fee14223e0a8cd0fbf54197c,0b30a443affb03e05a876a083857de9164f899feb7b4d261da02c485c9a3e3b6,20260725,1.0,0.9,1
run1,OHLC,OHLC_0066,2,100.05958557128906,100.08970642089844,99.9485855102539,100.00511169433594,100.05958557128906,100.08970642089844,99.9485855102539,100.00511169433594,False,True,True,0.0,0.0,0.0,0.0,KronosPredictor,a7d5f37e2e9fbd9891f7d7d4f72574512dd1f704fee14223e0a8cd0fbf54197c,0b30a443affb03e05a876a083857de9164f899feb7b4d261da02c485c9a3e3b6,20260725,1.0,0.9,1
run1,OHLC,OHLC_0066,3,100.04493713378906,100.11726379394531,99.94522857666016,100.00326538085938,100.04493713378906,100.11726379394531,99.94522857666016,100.00326538085938,False,True,True,0.0,0.0,0.0,0.0,KronosPredictor,a7d5f37e2e9fbd9891f7d7d4f72574512dd1f704fee14223e0a8cd0fbf54197c,0b30a443affb03e05a876a083857de9164f899feb7b4d261da02c485c9a3e3b6,20260725,1.0,0.9,1
run1,OHLC,OHLC_0066,4,100.0893325805664,100.07963562011719,99.97284698486328,100.00099182128906,100.0893325805664,100.0893325805664,99.97284698486328,100.00099182128906,False,True,True,0.00969696044921875,0.0,0.00969696044921875,9.696312410761122e-05,KronosPredictor,a7d5f37e2e9fbd9891f7d7d4f72574512dd1f704fee14223e0a8cd0fbf54197c,0b30a443affb03e05a876a083857de9164f899feb7b4d261da02c485c9a3e3b6,20260725,1.0,0.9,1
run1,OHLC,OHLC_0066,5,100.00598907470703,100.13617706298828,99.95730590820312,100.00292205810547,100.00598907470703,100.13617706298828,99.95730590820312,100.00292205810547,False,True,True,0.0,0.0,0.0,0.0,KronosPredictor,a7d5f37e2e9fbd9891f7d7d4f72574512dd1f704fee14223e0a8cd0fbf54197c,0b30a443affb03e05a876a083857de9164f899feb7b4d261da02c485c9a3e3b6,20260725,1.0,0.9,1
run1,OHLC,OHLC_0067,1,100.03801727294922,100.04704284667969,99.9792709350586,99.9947738647461,100.03801727294922,100.04704284667969,99.9792709350586,99.9947738647461,False,True,True,0.0,0.0,0.0,0.0,KronosPredictor,a7d5f37e2e9fbd9891f7d7d4f72574512dd1f704fee14223e0a8cd0fbf54197c,0b30a443affb03e05a876a083857de9164f899feb7b4d261da02c485c9a3e3b6,20260725,1.0,0.9,1
run1,OHLC,OHLC_0067,2,100.05753326416016,100.07585906982422,99.96354675292969,99.99365997314453,100.05753326416016,100.07585906982422,99.96354675292969,99.99365997314453,False,True,True,0.0,0.0,0.0,0.0,KronosPredictor,a7d5f37e2e9fbd9891f7d7d4f72574512dd1f704fee14223e0a8cd0fbf54197c,0b30a443affb03e05a876a083857de9164f899feb7b4d261da02c485c9a3e3b6,20260725,1.0,0.9,1
run1,OHLC,OHLC_0067,3,99.99459838867188,100.08605194091797,99.9492416381836,99.99358367919922,99.99459838867188,100.08605194091797,99.9492416381836,99.99358367919922,False,True,True,0.0,0.0,0.0,0.0,KronosPredictor,a7d5f37e2e9fbd9891f7d7d4f72574512dd1f704fee14223e0a8cd0fbf54197c,0b30a443affb03e05a876a083857de9164f899feb7b4d261da02c485c9a3e3b6,20260725,1.0,0.9,1
run1,OHLC,OHLC_0067,4,100.08846282958984,100.04972076416016,99.99602508544922,99.99309539794922,100.08846282958984,100.08846282958984,99.99309539794922,99.99309539794922,False,True,True,0.0387420654296875,0.0029296875,0.0416717529296875,0.0004167393086568016,KronosPredictor,a7d5f37e2e9fbd9891f7d7d4f72574512dd1f704fee14223e0a8cd0fbf54197c,0b30a443affb03e05a876a083857de9164f899feb7b4d261da02c485c9a3e3b6,20260725,1.0,0.9,1
run1,OHLC,OHLC_0067,5,100.1166000366211,100.036376953125,100.01329040527344,99.99240112304688,100.1166000366211,100.1166000366211,99.99240112304688,99.99240112304688,False,True,True,0.08022308349609375,0.0208892822265625,0.10111236572265625,0.0010111765026782481,KronosPredictor,a7d5f37e2e9fbd9891f7d7d4f72574512dd1f704fee14223e0a8cd0fbf54197c,0b30a443affb03e05a876a083857de9164f899feb7b4d261da02c485c9a3e3b6,20260725,1.0,0.9,1
run1,OHLC,OHLC_0068,1,100.09196472167969,100.10647583007812,100.02169036865234,100.0321273803711,100.09196472167969,100.10647583007812,100.02169036865234,100.0321273803711,False,True,True,0.0,0.0,0.0,0.0,KronosPredictor,a7d5f37e2e9fbd9891f7d7d4f72574512dd1f704fee14223e0a8cd0fbf54197c,0b30a443affb03e05a876a083857de9164f899feb7b4d261da02c485c9a3e3b6,20260725,1.0,0.9,1
run1,OHLC,OHLC_0068,2,100.09809875488281,100.12164306640625,99.98689270019531,100.03563690185547,100.09809875488281,100.12164306640625,99.98689270019531,100.03563690185547,False,True,True,0.0,0.0,0.0,0.0,KronosPredictor,a7d5f37e2e9fbd9891f7d7d4f72574512dd1f704fee14223e0a8cd0fbf54197c,0b30a443affb03e05a876a083857de9164f899feb7b4d261da02c485c9a3e3b6,20260725,1.0,0.9,1
run1,OHLC,OHLC_0068,3,100.15409851074219,100.1063461303711,100.04623413085938,100.02655792236328,100.15409851074219,100.15409851074219,100.02655792236328,100.02655792236328,False,True,True,0.04775238037109375,0.01967620849609375,0.0674285888671875,0.0006740693278549501,KronosPredictor,a7d5f37e2e9fbd9891f7d7d4f72574512dd1f704fee14223e0a8cd0fbf54197c,0b30a443affb03e05a876a083857de9164f899feb7b4d261da02c485c9a3e3b6,20260725,1.0,0.9,1
run1,OHLC,OHLC_0068,4,100.09016418457031,100.1123046875,100.03125,100.03446197509766,100.09016418457031,100.1123046875,100.03125,100.03446197509766,False,True,True,0.0,0.0,0.0,0.0,KronosPredictor,a7d5f37e2e9fbd9891f7d7d4f72574512dd1f704fee14223e0a8cd0fbf54197c,0b30a443affb03e05a876a083857de9164f899feb7b4d261da02c485c9a3e3b6,20260725,1.0,0.9,1
run1,OHLC,OHLC_0068,5,100.23678588867188,100.15206146240234,100.08505249023438,100.03565979003906,100.23678588867188,100.23678588867188,100.03565979003906,100.03565979003906,False,True,True,0.08472442626953125,0.0493927001953125,0.13411712646484375,0.0013407405198418386,KronosPredictor,a7d5f37e2e9fbd9891f7d7d4f72574512dd1f704fee14223e0a8cd0fbf54197c,0b30a443affb03e05a876a083857de9164f899feb7b4d261da02c485c9a3e3b6,20260725,1.0,0.9,1
run1,OHLC,OHLC_0069,1,100.09754943847656,100.034423828125,100.04833984375,100.02873229980469,100.09754943847656,100.09754943847656,100.02873229980469,100.02873229980469,False,True,True,0.0631256103515625,0.0196075439453125,0.082733154296875,0.0008270938998697731,KronosPredictor,a7d5f37e2e9fbd9891f7d7d4f72574512dd1f704fee14223e0a8cd0fbf54197c,0b30a443affb03e05a876a083857de9164f899feb7b4d261da02c485c9a3e3b6,20260725,1.0,0.9,1
run1,OHLC,OHLC_0069,2,100.1023178100586,100.06695556640625,100.04612731933594,100.03219604492188,100.1023178100586,100.1023178100586,100.03219604492188,100.03219604492188,False,True,True,0.03536224365234375,0.0139312744140625,0.04929351806640625,0.0004927935897324423,KronosPredictor,a7d5f37e2e9fbd9891f7d7d4f72574512dd1f704fee14223e0a8cd0fbf54197c,0b30a443affb03e05a876a083857de9164f899feb7b4d261da02c485c9a3e3b6,20260725,1.0,0.9,1
run1,OHLC,OHLC_0069,3,100.08183288574219,100.05592346191406,100.05281066894531,100.03682708740234,100.08183288574219,100.08183288574219,100.03682708740234,100.03682708740234,False,True,True,0.025909423828125,0.01598358154296875,0.04189300537109375,0.00041880972004656254,KronosPredictor,a7d5f37e2e9fbd9891f7d7d4f72574512dd1f704fee14223e0a8cd0fbf54197c,0b30a443affb03e05a876a083857de9164f899feb7b4d261da02c485c9a3e3b6,20260725,1.0,0.9,1
run1,OHLC,OHLC_0069,4,100.13500213623047,100.10127258300781,100.00628662109375,100.0280532836914,100.13500213623047,100.13500213623047,100.00628662109375,100.0280532836914,False,True,True,0.03372955322265625,0.0,0.03372955322265625,0.00033719864730028285,KronosPredictor,a7d5f37e2e9fbd9891f7d7d4f72574512dd1f704fee14223e0a8cd0fbf54197c,0b30a443affb03e05a876a083857de9164f899feb7b4d261da02c485c9a3e3b6,20260725,1.0,0.9,1
run1,OHLC,OHLC_0069,5,100.08772277832031,100.07897186279297,100.0309829711914,100.02716827392578,100.08772277832031,100.08772277832031,100.02716827392578,100.02716827392578,False,True,True,0.00875091552734375,0.003814697265625,0.01256561279296875,0.00012562003440478757,KronosPredictor,a7d5f37e2e9fbd9891f7d7d4f72574512dd1f704fee14223e0a8cd0fbf54197c,0b30a443affb03e05a876a083857de9164f899feb7b4d261da02c485c9a3e3b6,20260725,1.0,0.9,1
run1,OHLC,OHLC_0070,1,100.06253051757812,100.00320434570312,100.02627563476562,100.00920867919922,100.06253051757812,100.06253051757812,100.00920867919922,100.00920867919922,False,True,True,0.059326171875,0.01706695556640625,0.07639312744140625,0.0007638609329112226,KronosPredictor,a7d5f37e2e9fbd9891f7d7d4f72574512dd1f704fee14223e0a8cd0fbf54197c,0b30a443affb03e05a876a083857de9164f899feb7b4d261da02c485c9a3e3b6,20260725,1.0,0.9,1
run1,OHLC,OHLC_0070,2,100.18820190429688,100.13874053955078,99.9740982055664,100.00413513183594,100.18820190429688,100.18820190429688,99.9740982055664,100.00413513183594,False,True,True,0.04946136474609375,0.0,0.04946136474609375,0.0004945681042707935,KronosPredictor,a7d5f37e2e9fbd9891f7d7d4f72574512dd1f704fee14223e0a8cd0fbf54197c,0b30a443affb03e05a876a083857de9164f899feb7b4d261da02c485c9a3e3b6,20260725,1.0,0.9,1
run1,OHLC,OHLC_0070,3,100.0026626586914,100.08856201171875,99.98959350585938,100.01483154296875,100.0026626586914,100.08856201171875,99.98959350585938,100.01483154296875,False,True,True,0.0,0.0,0.0,0.0,KronosPredictor,a7d5f37e2e9fbd9891f7d7d4f72574512dd1f704fee14223e0a8cd0fbf54197c,0b30a443affb03e05a876a083857de9164f899feb7b4d261da02c485c9a3e3b6,20260725,1.0,0.9,1
run1,OHLC,OHLC_0070,4,100.07076263427734,100.06524658203125,99.96124267578125,100.00779724121094,100.07076263427734,100.07076263427734,99.96124267578125,100.00779724121094,False,True,True,0.00551605224609375,0.0,0.00551605224609375,5.5155443373096365e-05,KronosPredictor,a7d5f37e2e9fbd9891f7d7d4f72574512dd1f704fee14223e0a8cd0fbf54197c,0b30a443affb03e05a876a083857de9164f899feb7b4d261da02c485c9a3e3b6,20260725,1.0,0.9,1
run1,OHLC,OHLC_0070,5,100.07923126220703,100.07898712158203,99.95928192138672,100.00816345214844,100.07923126220703,100.07923126220703,99.95928192138672,100.00816345214844,False,True,True,0.000244140625,0.0,0.000244140625,2.441181449431651e-06,KronosPredictor,a7d5f37e2e9fbd9891f7d7d4f72574512dd1f704fee14223e0a8cd0fbf54197c,0b30a443affb03e05a876a083857de9164f899feb7b4d261da02c485c9a3e3b6,20260725,1.0,0.9,1
run1,OHLC,OHLC_0071,1,99.96041107177734,100.04362487792969,99.92134857177734,99.99748992919922,99.96041107177734,100.04362487792969,99.92134857177734,99.99748992919922,False,True,True,0.0,0.0,0.0,0.0,KronosPredictor,a7d5f37e2e9fbd9891f7d7d4f72574512dd1f704fee14223e0a8cd0fbf54197c,0b30a443affb03e05a876a083857de9164f899feb7b4d261da02c485c9a3e3b6,20260725,1.0,0.9,1
run1,OHLC,OHLC_0071,2,100.11195373535156,100.07073211669922,99.96249389648438,100.00450134277344,100.11195373535156,100.11195373535156,99.96249389648438,100.00450134277344,False,True,True,0.04122161865234375,0.0,0.04122161865234375,0.00041222653370129303,KronosPredictor,a7d5f37e2e9fbd9891f7d7d4f72574512dd1f704fee14223e0a8cd0fbf54197c,0b30a443affb03e05a876a083857de9164f899feb7b4d261da02c485c9a3e3b6,20260725,1.0,0.9,1
run1,OHLC,OHLC_0071,3,99.89929962158203,99.96439361572266,99.9400863647461,99.99784088134766,99.89929962158203,99.99784088134766,99.89929962158203,99.99784088134766,False,True,True,0.033447265625,0.0407867431640625,0.0742340087890625,0.0007423587216201335,KronosPredictor,a7d5f37e2e9fbd9891f7d7d4f72574512dd1f704fee14223e0a8cd0fbf54197c,0b30a443affb03e05a876a083857de9164f899feb7b4d261da02c485c9a3e3b6,20260725,1.0,0.9,1
run1,OHLC,OHLC_0071,4,100.08372497558594,100.10761260986328,99.82865905761719,99.98992919921875,100.08372497558594,100.10761260986328,99.82865905761719,99.98992919921875,False,True,True,0.0,0.0,0.0,0.0,KronosPredictor,a7d5f37e2e9fbd9891f7d7d4f72574512dd1f704fee14223e0a8cd0fbf54197c,0b30a443affb03e05a876a083857de9164f899feb7b4d261da02c485c9a3e3b6,20260725,1.0,0.9,1
run1,OHLC,OHLC_0071,5,99.9787826538086,99.9899673461914,99.91571807861328,99.99507141113281,99.9787826538086,99.99507141113281,99.91571807861328,99.99507141113281,False,True,True,0.00510406494140625,0.0,0.00510406494140625,5.104193060265871e-05,KronosPredictor,a7d5f37e2e9fbd9891f7d7d4f72574512dd1f704fee14223e0a8cd0fbf54197c,0b30a443affb03e05a876a083857de9164f899feb7b4d261da02c485c9a3e3b6,20260725,1.0,0.9,1
run1,OHLC,OHLC_0072,1,100.1268310546875,100.06666564941406,99.94798278808594,99.99710083007812,100.1268310546875,100.1268310546875,99.94798278808594,99.99710083007812,False,True,True,0.0601654052734375,0.0,0.0601654052734375,0.0006016714962134217,KronosPredictor,a7d5f37e2e9fbd9891f7d7d4f72574512dd1f704fee14223e0a8cd0fbf54197c,0b30a443affb03e05a876a083857de9164f899feb7b4d261da02c485c9a3e3b6,20260725,1.0,0.9,1
run1,OHLC,OHLC_0072,2,99.87657165527344,99.99806213378906,99.93193817138672,99.99946594238281,99.87657165527344,99.99946594238281,99.87657165527344,99.99946594238281,False,True,True,0.00140380859375,0.05536651611328125,0.05677032470703125,0.0005677197062292761,KronosPredictor,a7d5f37e2e9fbd9891f7d7d4f72574512dd1f704fee14223e0a8cd0fbf54197c,0b30a443affb03e05a876a083857de9164f899feb7b4d261da02c485c9a3e3b6,20260725,1.0,0.9,1
run1,OHLC,OHLC_0072,3,99.98779296875,100.01252746582031,99.92801666259766,99.99653625488281,99.98779296875,100.01252746582031,99.92801666259766,99.99653625488281,False,True,True,0.0,0.0,0.0,0.0,KronosPredictor,a7d5f37e2e9fbd9891f7d7d4f72574512dd1f704fee14223e0a8cd0fbf54197c,0b30a443affb03e05a876a083857de9164f899feb7b4d261da02c485c9a3e3b6,20260725,1.0,0.9,1
run1,OHLC,OHLC_0072,4,99.99056243896484,100.01776885986328,99.97521209716797,99.99832153320312,99.99056243896484,100.01776885986328,99.97521209716797,99.99832153320312,False,True,True,0.0,0.0,0.0,0.0,KronosPredictor,a7d5f37e2e9fbd9891f7d7d4f72574512dd1f704fee14223e0a8cd0fbf54197c,0b30a443affb03e05a876a083857de9164f899feb7b4d261da02c485c9a3e3b6,20260725,1.0,0.9,1
run1,OHLC,OHLC_0072,5,99.97501373291016,100.01519775390625,99.96531677246094,100.00187683105469,99.97501373291016,100.01519775390625,99.96531677246094,100.00187683105469,False,True,True,0.0,0.0,0.0,0.0,KronosPredictor,a7d5f37e2e9fbd9891f7d7d4f72574512dd1f704fee14223e0a8cd0fbf54197c,0b30a443affb03e05a876a083857de9164f899feb7b4d261da02c485c9a3e3b6,20260725,1.0,0.9,1
run1,OHLC,OHLC_0073,1,99.98898315429688,99.99799346923828,99.93543243408203,100.00579071044922,99.98898315429688,100.00579071044922,99.93543243408203,100.00579071044922,False,True,True,0.0077972412109375,0.0,0.0077972412109375,7.796789721420398e-05,KronosPredictor,a7d5f37e2e9fbd9891f7d7d4f72574512dd1f704fee14223e0a8cd0fbf54197c,0b30a443affb03e05a876a083857de9164f899feb7b4d261da02c485c9a3e3b6,20260725,1.0,0.9,1
run1,OHLC,OHLC_0073,2,99.93456268310547,100.17779541015625,99.9238052368164,100.00838470458984,99.93456268310547,100.17779541015625,99.9238052368164,100.00838470458984,False,True,True,0.0,0.0,0.0,0.0,KronosPredictor,a7d5f37e2e9fbd9891f7d7d4f72574512dd1f704fee14223e0a8cd0fbf54197c,0b30a443affb03e05a876a083857de9164f899feb7b4d261da02c485c9a3e3b6,20260725,1.0,0.9,1
run1,OHLC,OHLC_0073,3,99.97750091552734,100.0971450805664,99.96195220947266,100.02190399169922,99.97750091552734,100.0971450805664,99.96195220947266,100.02190399169922,False,True,True,0.0,0.0,0.0,0.0,KronosPredictor,a7d5f37e2e9fbd9891f7d7d4f72574512dd1f704fee14223e0a8cd0fbf54197c,0b30a443affb03e05a876a083857de9164f899feb7b4d261da02c485c9a3e3b6,20260725,1.0,0.9,1
run1,OHLC,OHLC_0073,4,100.02676391601562,100.0791015625,99.98363494873047,100.02506256103516,100.02676391601562,100.0791015625,99.98363494873047,100.02506256103516,False,True,True,0.0,0.0,0.0,0.0,KronosPredictor,a7d5f37e2e9fbd9891f7d7d4f72574512dd1f704fee14223e0a8cd0fbf54197c,0b30a443affb03e05a876a083857de9164f899feb7b4d261da02c485c9a3e3b6,20260725,1.0,0.9,1
run1,OHLC,OHLC_0073,5,100.09998321533203,100.13591766357422,99.93930053710938,100.02497100830078,100.09998321533203,100.13591766357422,99.93930053710938,100.02497100830078,False,True,True,0.0,0.0,0.0,0.0,KronosPredictor,a7d5f37e2e9fbd9891f7d7d4f72574512dd1f704fee14223e0a8cd0fbf54197c,0b30a443affb03e05a876a083857de9164f899feb7b4d261da02c485c9a3e3b6,20260725,1.0,0.9,1
run1,OHLC,OHLC_0074,1,100.05977630615234,100.03506469726562,100.01536560058594,100.01316833496094,100.05977630615234,100.05977630615234,100.01316833496094,100.01316833496094,False,True,True,0.02471160888671875,0.002197265625,0.02690887451171875,0.00026905331527540854,KronosPredictor,a7d5f37e2e9fbd9891f7d7d4f72574512dd1f704fee14223e0a8cd0fbf54197c,0b30a443affb03e05a876a083857de9164f899feb7b4d261da02c485c9a3e3b6,20260725,1.0,0.9,1
run1,OHLC,OHLC_0074,2,100.01641845703125,100.13829803466797,99.99436950683594,100.02704620361328,100.01641845703125,100.13829803466797,99.99436950683594,100.02704620361328,False,True,True,0.0,0.0,0.0,0.0,KronosPredictor,a7d5f37e2e9fbd9891f7d7d4f72574512dd1f704fee14223e0a8cd0fbf54197c,0b30a443affb03e05a876a083857de9164f899feb7b4d261da02c485c9a3e3b6,20260725,1.0,0.9,1
run1,OHLC,OHLC_0074,3,100.14855194091797,100.13921356201172,99.95553588867188,100.02140045166016,100.14855194091797,100.14855194091797,99.95553588867188,100.02140045166016,False,True,True,0.00933837890625,0.0,0.00933837890625,9.337149359146585e-05,KronosPredictor,a7d5f37e2e9fbd9891f7d7d4f72574512dd1f704fee14223e0a8cd0fbf54197c,0b30a443affb03e05a876a083857de9164f899feb7b4d261da02c485c9a3e3b6,20260725,1.0,0.9,1
run1,OHLC,OHLC_0074,4,100.06964874267578,100.16836547851562,99.97039031982422,100.01992797851562,100.06964874267578,100.16836547851562,99.97039031982422,100.01992797851562,False,True,True,0.0,0.0,0.0,0.0,KronosPredictor,a7d5f37e2e9fbd9891f7d7d4f72574512dd1f704fee14223e0a8cd0fbf54197c,0b30a443affb03e05a876a083857de9164f899feb7b4d261da02c485c9a3e3b6,20260725,1.0,0.9,1
run1,OHLC,OHLC_0074,5,100.14622497558594,100.12020874023438,100.03238677978516,100.01726531982422,100.14622497558594,100.14622497558594,100.01726531982422,100.01726531982422,False,True,True,0.0260162353515625,0.0151214599609375,0.0411376953125,0.0004113227887624051,KronosPredictor,a7d5f37e2e9fbd9891f7d7d4f72574512dd1f704fee14223e0a8cd0fbf54197c,0b30a443affb03e05a876a083857de9164f899feb7b4d261da02c485c9a3e3b6,20260725,1.0,0.9,1
run1,OHLC,OHLC_0075,1,99.97169494628906,100.05593872070312,99.97408294677734,100.0167007446289,99.97169494628906,100.05593872070312,99.97169494628906,100.0167007446289,False,True,True,0.0,0.00238800048828125,0.00238800048828125,2.3876017410117283e-05,KronosPredictor,a7d5f37e2e9fbd9891f7d7d4f72574512dd1f704fee14223e0a8cd0fbf54197c,0b30a443affb03e05a876a083857de9164f899feb7b4d261da02c485c9a3e3b6,20260725,1.0,0.9,1
run1,OHLC,OHLC_0075,2,100.02130889892578,100.03750610351562,100.00642395019531,100.01477813720703,100.02130889892578,100.03750610351562,100.00642395019531,100.01477813720703,False,True,True,0.0,0.0,0.0,0.0,KronosPredictor,a7d5f37e2e9fbd9891f7d7d4f72574512dd1f704fee14223e0a8cd0fbf54197c,0b30a443affb03e05a876a083857de9164f899feb7b4d261da02c485c9a3e3b6,20260725,1.0,0.9,1
run1,OHLC,OHLC_0075,3,100.00563049316406,100.03829956054688,100.00308227539062,100.0171890258789,100.00563049316406,100.03829956054688,100.00308227539062,100.0171890258789,False,True,True,0.0,0.0,0.0,0.0,KronosPredictor,a7d5f37e2e9fbd9891f7d7d4f72574512dd1f704fee14223e0a8cd0fbf54197c,0b30a443affb03e05a876a083857de9164f899feb7b4d261da02c485c9a3e3b6,20260725,1.0,0.9,1
run1,OHLC,OHLC_0075,4,100.01393127441406,100.02864837646484,99.98920440673828,100.00727081298828,100.01393127441406,100.02864837646484,99.98920440673828,100.00727081298828,False,True,True,0.0,0.0,0.0,0.0,KronosPredictor,a7d5f37e2e9fbd9891f7d7d4f72574512dd1f704fee14223e0a8cd0fbf54197c,0b30a443affb03e05a876a083857de9164f899feb7b4d261da02c485c9a3e3b6,20260725,1.0,0.9,1
run1,OHLC,OHLC_0075,5,100.04618835449219,100.0265884399414,100.02072143554688,100.00908660888672,100.04618835449219,100.04618835449219,100.00908660888672,100.00908660888672,False,True,True,0.01959991455078125,0.01163482666015625,0.0312347412109375,0.00031229525647610276,KronosPredictor,a7d5f37e2e9fbd9891f7d7d4f72574512dd1f704fee14223e0a8cd0fbf54197c,0b30a443affb03e05a876a083857de9164f899feb7b4d261da02c485c9a3e3b6,20260725,1.0,0.9,1
run1,OHLC,OHLC_0076,1,100.031982421875,100.07962799072266,99.95053100585938,100.00948333740234,100.031982421875,100.07962799072266,99.95053100585938,100.00948333740234,False,True,True,0.0,0.0,0.0,0.0,KronosPredictor,a7d5f37e2e9fbd9891f7d7d4f72574512dd1f704fee14223e0a8cd0fbf54197c,0b30a443affb03e05a876a083857de9164f899feb7b4d261da02c485c9a3e3b6,20260725,1.0,0.9,1
run1,OHLC,OHLC_0076,2,100.10591125488281,100.05740356445312,100.05977630615234,100.01070404052734,100.10591125488281,100.10591125488281,100.01070404052734,100.01070404052734,False,True,True,0.0485076904296875,0.049072265625,0.0975799560546875,0.0009757070309570709,KronosPredictor,a7d5f37e2e9fbd9891f7d7d4f72574512dd1f704fee14223e0a8cd0fbf54197c,0b30a443affb03e05a876a083857de9164f899feb7b4d261da02c485c9a3e3b6,20260725,1.0,0.9,1
run1,OHLC,OHLC_0076,3,100.10272216796875,100.13716125488281,99.98979187011719,100.00820922851562,100.10272216796875,100.13716125488281,99.98979187011719,100.00820922851562,False,True,True,0.0,0.0,0.0,0.0,KronosPredictor,a7d5f37e2e9fbd9891f7d7d4f72574512dd1f704fee14223e0a8cd0fbf54197c,0b30a443affb03e05a876a083857de9164f899feb7b4d261da02c485c9a3e3b6,20260725,1.0,0.9,1
run1,OHLC,OHLC_0076,4,99.95784759521484,100.07003784179688,99.95616912841797,100.0115737915039,99.95784759521484,100.07003784179688,99.95616912841797,100.0115737915039,False,True,True,0.0,0.0,0.0,0.0,KronosPredictor,a7d5f37e2e9fbd9891f7d7d4f72574512dd1f704fee14223e0a8cd0fbf54197c,0b30a443affb03e05a876a083857de9164f899feb7b4d261da02c485c9a3e3b6,20260725,1.0,0.9,1
run1,OHLC,OHLC_0076,5,100.12818908691406,100.05242156982422,100.061279296875,100.00902557373047,100.12818908691406,100.12818908691406,100.00902557373047,100.00902557373047,False,True,True,0.07576751708984375,0.05225372314453125,0.128021240234375,0.0012800910069944997,KronosPredictor,a7d5f37e2e9fbd9891f7d7d4f72574512dd1f704fee14223e0a8cd0fbf54197c,0b30a443affb03e05a876a083857de9164f899feb7b4d261da02c485c9a3e3b6,20260725,1.0,0.9,1
run1,OHLC,OHLC_0077,1,100.04090118408203,100.08111572265625,99.99040985107422,100.0077133178711,100.04090118408203,100.08111572265625,99.99040985107422,100.0077133178711,True,True,False,0.0,0.0,0.0,0.0,KronosPredictor,a7d5f37e2e9fbd9891f7d7d4f72574512dd1f704fee14223e0a8cd0fbf54197c,0b30a443affb03e05a876a083857de9164f899feb7b4d261da02c485c9a3e3b6,20260725,1.0,0.9,1
run1,OHLC,OHLC_0077,2,100.07879638671875,100.1180419921875,100.00711059570312,100.00916290283203,100.07879638671875,100.1180419921875,100.00711059570312,100.00916290283203,True,True,False,0.0,0.0,0.0,0.0,KronosPredictor,a7d5f37e2e9fbd9891f7d7d4f72574512dd1f704fee14223e0a8cd0fbf54197c,0b30a443affb03e05a876a083857de9164f899feb7b4d261da02c485c9a3e3b6,20260725,1.0,0.9,1
run1,OHLC,OHLC_0077,3,100.021728515625,100.1529769897461,99.96723937988281,100.00916290283203,100.021728515625,100.1529769897461,99.96723937988281,100.00916290283203,True,True,False,0.0,0.0,0.0,0.0,KronosPredictor,a7d5f37e2e9fbd9891f7d7d4f72574512dd1f704fee14223e0a8cd0fbf54197c,0b30a443affb03e05a876a083857de9164f899feb7b4d261da02c485c9a3e3b6,20260725,1.0,0.9,1
run1,OHLC,OHLC_0077,4,100.12301635742188,100.12445831298828,99.99761962890625,100.00794982910156,100.12301635742188,100.12445831298828,99.99761962890625,100.00794982910156,True,True,False,0.0,0.0,0.0,0.0,KronosPredictor,a7d5f37e2e9fbd9891f7d7d4f72574512dd1f704fee14223e0a8cd0fbf54197c,0b30a443affb03e05a876a083857de9164f899feb7b4d261da02c485c9a3e3b6,20260725,1.0,0.9,1
run1,OHLC,OHLC_0077,5,100.03235626220703,100.08914947509766,99.97695922851562,100.00846099853516,100.03235626220703,100.08914947509766,99.97695922851562,100.00846099853516,True,True,False,0.0,0.0,0.0,0.0,KronosPredictor,a7d5f37e2e9fbd9891f7d7d4f72574512dd1f704fee14223e0a8cd0fbf54197c,0b30a443affb03e05a876a083857de9164f899feb7b4d261da02c485c9a3e3b6,20260725,1.0,0.9,1
run1,OHLC,OHLC_0078,1,100.1876220703125,100.12464904785156,100.02584838867188,100.01333618164062,100.1876220703125,100.1876220703125,100.01333618164062,100.01333618164062,False,True,True,0.0629730224609375,0.01251220703125,0.0754852294921875,0.000754751639872246,KronosPredictor,a7d5f37e2e9fbd9891f7d7d4f72574512dd1f704fee14223e0a8cd0fbf54197c,0b30a443affb03e05a876a083857de9164f899feb7b4d261da02c485c9a3e3b6,20260725,1.0,0.9,1
run1,OHLC,OHLC_0078,2,100.17440795898438,100.1130599975586,100.04450225830078,100.0126953125,100.17440795898438,100.17440795898438,100.0126953125,100.0126953125,False,True,True,0.06134796142578125,0.03180694580078125,0.0931549072265625,0.0009314248557550156,KronosPredictor,a7d5f37e2e9fbd9891f7d7d4f72574512dd1f704fee14223e0a8cd0fbf54197c,0b30a443affb03e05a876a083857de9164f899feb7b4d261da02c485c9a3e3b6,20260725,1.0,0.9,1
run1,OHLC,OHLC_0078,3,100.05575561523438,100.06908416748047,100.04364776611328,100.01951599121094,100.05575561523438,100.06908416748047,100.01951599121094,100.01951599121094,False,True,True,0.0,0.02413177490234375,0.02413177490234375,0.0002412855707414508,KronosPredictor,a7d5f37e2e9fbd9891f7d7d4f72574512dd1f704fee14223e0a8cd0fbf54197c,0b30a443affb03e05a876a083857de9164f899feb7b4d261da02c485c9a3e3b6,20260725,1.0,0.9,1
run1,OHLC,OHLC_0078,4,100.07290649414062,100.09278106689453,100.03176879882812,100.02189636230469,100.07290649414062,100.09278106689453,100.02189636230469,100.02189636230469,False,True,True,0.0,0.0098724365234375,0.0098724365234375,9.871120092931942e-05,KronosPredictor,a7d5f37e2e9fbd9891f7d7d4f72574512dd1f704fee14223e0a8cd0fbf54197c,0b30a443affb03e05a876a083857de9164f899feb7b4d261da02c485c9a3e3b6,20260725,1.0,0.9,1
run1,OHLC,OHLC_0078,5,100.0546646118164,100.05868530273438,100.0322265625,100.01641845703125,100.0546646118164,100.05868530273438,100.01641845703125,100.01641845703125,False,True,True,0.0,0.01580810546875,0.01580810546875,0.00015805997552206325,KronosPredictor,a7d5f37e2e9fbd9891f7d7d4f72574512dd1f704fee14223e0a8cd0fbf54197c,0b30a443affb03e05a876a083857de9164f899feb7b4d261da02c485c9a3e3b6,20260725,1.0,0.9,1
run1,OHLC,OHLC_0079,1,100.08570861816406,100.09293365478516,99.9873046875,100.00139617919922,100.08570861816406,100.09293365478516,99.9873046875,100.00139617919922,False,True,True,0.0,0.0,0.0,0.0,KronosPredictor,a7d5f37e2e9fbd9891f7d7d4f72574512dd1f704fee14223e0a8cd0fbf54197c,0b30a443affb03e05a876a083857de9164f899feb7b4d261da02c485c9a3e3b6,20260725,1.0,0.9,1
run1,OHLC,OHLC_0079,2,100.03340148925781,100.07857513427734,99.9713134765625,100.00724029541016,100.03340148925781,100.07857513427734,99.9713134765625,100.00724029541016,False,True,True,0.0,0.0,0.0,0.0,KronosPredictor,a7d5f37e2e9fbd9891f7d7d4f72574512dd1f704fee14223e0a8cd0fbf54197c,0b30a443affb03e05a876a083857de9164f899feb7b4d261da02c485c9a3e3b6,20260725,1.0,0.9,1
run1,OHLC,OHLC_0079,3,100.0235595703125,100.02979278564453,99.98905944824219,100.00421905517578,100.0235595703125,100.02979278564453,99.98905944824219,100.00421905517578,False,True,True,0.0,0.0,0.0,0.0,KronosPredictor,a7d5f37e2e9fbd9891f7d7d4f72574512dd1f704fee14223e0a8cd0fbf54197c,0b30a443affb03e05a876a083857de9164f899feb7b4d261da02c485c9a3e3b6,20260725,1.0,0.9,1
run1,OHLC,OHLC_0079,4,100.05943298339844,100.13981628417969,99.97639465332031,100.0003433227539,100.05943298339844,100.13981628417969,99.97639465332031,100.0003433227539,False,True,True,0.0,0.0,0.0,0.0,KronosPredictor,a7d5f37e2e9fbd9891f7d7d4f72574512dd1f704fee14223e0a8cd0fbf54197c,0b30a443affb03e05a876a083857de9164f899feb7b4d261da02c485c9a3e3b6,20260725,1.0,0.9,1
run1,OHLC,OHLC_0079,5,100.06798553466797,100.10163116455078,100.0143051147461,100.00491333007812,100.06798553466797,100.10163116455078,100.00491333007812,100.00491333007812,False,True,True,0.0,0.00939178466796875,0.00939178466796875,9.39165354365551e-05,KronosPredictor,a7d5f37e2e9fbd9891f7d7d4f72574512dd1f704fee14223e0a8cd0fbf54197c,0b30a443affb03e05a876a083857de9164f899feb7b4d261da02c485c9a3e3b6,20260725,1.0,0.9,1
run1,OHLC,OHLC_0080,1,99.93838500976562,100.02980041503906,99.8990478515625,99.99491882324219,99.93838500976562,100.02980041503906,99.8990478515625,99.99491882324219,False,True,True,0.0,0.0,0.0,0.0,KronosPredictor,a7d5f37e2e9fbd9891f7d7d4f72574512dd1f704fee14223e0a8cd0fbf54197c,0b30a443affb03e05a876a083857de9164f899feb7b4d261da02c485c9a3e3b6,20260725,1.0,0.9,1
run1,OHLC,OHLC_0080,2,99.88497161865234,99.99073791503906,99.89173126220703,99.99630737304688,99.88497161865234,99.99630737304688,99.88497161865234,99.99630737304688,False,True,True,0.0055694580078125,0.0067596435546875,0.0123291015625,0.00012329728057776374,KronosPredictor,a7d5f37e2e9fbd9891f7d7d4f72574512dd1f704fee14223e0a8cd0fbf54197c,0b30a443affb03e05a876a083857de9164f899feb7b4d261da02c485c9a3e3b6,20260725,1.0,0.9,1
run1,OHLC,OHLC_0080,3,99.92571258544922,99.9791259765625,99.90843200683594,99.99565887451172,99.92571258544922,99.99565887451172,99.90843200683594,99.99565887451172,False,True,True,0.01653289794921875,0.0,0.01653289794921875,0.00016533738057674134,KronosPredictor,a7d5f37e2e9fbd9891f7d7d4f72574512dd1f704fee14223e0a8cd0fbf54197c,0b30a443affb03e05a876a083857de9164f899feb7b4d261da02c485c9a3e3b6,20260725,1.0,0.9,1
run1,OHLC,OHLC_0080,4,99.8851089477539,100.00067901611328,99.88249969482422,99.99705505371094,99.8851089477539,100.00067901611328,99.88249969482422,99.99705505371094,False,True,True,0.0,0.0,0.0,0.0,KronosPredictor,a7d5f37e2e9fbd9891f7d7d4f72574512dd1f704fee14223e0a8cd0fbf54197c,0b30a443affb03e05a876a083857de9164f899feb7b4d261da02c485c9a3e3b6,20260725,1.0,0.9,1
run1,OHLC,OHLC_0080,5,99.94792175292969,99.9825668334961,99.8921890258789,99.994140625,99.94792175292969,99.994140625,99.8921890258789,99.994140625,False,True,True,0.01157379150390625,0.0,0.01157379150390625,0.0001157437961859329,KronosPredictor,a7d5f37e2e9fbd9891f7d7d4f72574512dd1f704fee14223e0a8cd0fbf54197c,0b30a443affb03e05a876a083857de9164f899feb7b4d261da02c485c9a3e3b6,20260725,1.0,0.9,1
run1,OHLC,OHLC_0081,1,99.94596862792969,100.007080078125,99.93544006347656,99.99221801757812,99.94596862792969,100.007080078125,99.93544006347656,99.99221801757812,True,True,False,0.0,0.0,0.0,0.0,KronosPredictor,a7d5f37e2e9fbd9891f7d7d4f72574512dd1f704fee14223e0a8cd0fbf54197c,0b30a443affb03e05a876a083857de9164f899feb7b4d261da02c485c9a3e3b6,20260725,1.0,0.9,1
run1,OHLC,OHLC_0081,2,99.95956420898438,100.0141372680664,99.93205261230469,99.9924087524414,99.95956420898438,100.0141372680664,99.93205261230469,99.9924087524414,True,True,False,0.0,0.0,0.0,0.0,KronosPredictor,a7d5f37e2e9fbd9891f7d7d4f72574512dd1f704fee14223e0a8cd0fbf54197c,0b30a443affb03e05a876a083857de9164f899feb7b4d261da02c485c9a3e3b6,20260725,1.0,0.9,1
run1,OHLC,OHLC_0081,3,99.97633361816406,99.99755096435547,99.92302703857422,99.99128723144531,99.97633361816406,99.99755096435547,99.92302703857422,99.99128723144531,True,True,False,0.0,0.0,0.0,0.0,KronosPredictor,a7d5f37e2e9fbd9891f7d7d4f72574512dd1f704fee14223e0a8cd0fbf54197c,0b30a443affb03e05a876a083857de9164f899feb7b4d261da02c485c9a3e3b6,20260725,1.0,0.9,1
run1,OHLC,OHLC_0081,4,100.03064727783203,100.04241943359375,99.93344116210938,99.99068450927734,100.03064727783203,100.04241943359375,99.93344116210938,99.99068450927734,True,True,False,0.0,0.0,0.0,0.0,KronosPredictor,a7d5f37e2e9fbd9891f7d7d4f72574512dd1f704fee14223e0a8cd0fbf54197c,0b30a443affb03e05a876a083857de9164f899feb7b4d261da02c485c9a3e3b6,20260725,1.0,0.9,1
run1,OHLC,OHLC_0081,5,99.94363403320312,100.01544189453125,99.93571472167969,99.99201965332031,99.94363403320312,100.01544189453125,99.93571472167969,99.99201965332031,True,True,False,0.0,0.0,0.0,0.0,KronosPredictor,a7d5f37e2e9fbd9891f7d7d4f72574512dd1f704fee14223e0a8cd0fbf54197c,0b30a443affb03e05a876a083857de9164f899feb7b4d261da02c485c9a3e3b6,20260725,1.0,0.9,1
run1,OHLC,OHLC_0082,1,99.99405670166016,100.03107452392578,99.99181365966797,99.99928283691406,99.99405670166016,100.03107452392578,99.99181365966797,99.99928283691406,False,True,True,0.0,0.0,0.0,0.0,KronosPredictor,a7d5f37e2e9fbd9891f7d7d4f72574512dd1f704fee14223e0a8cd0fbf54197c,0b30a443affb03e05a876a083857de9164f899feb7b4d261da02c485c9a3e3b6,20260725,1.0,0.9,1
run1,OHLC,OHLC_0082,2,99.88638305664062,99.9967269897461,99.91120910644531,99.99567413330078,99.88638305664062,99.9967269897461,99.88638305664062,99.99567413330078,False,True,True,0.0,0.0248260498046875,0.0248260498046875,0.00024826227849229267,KronosPredictor,a7d5f37e2e9fbd9891f7d7d4f72574512dd1f704fee14223e0a8cd0fbf54197c,0b30a443affb03e05a876a083857de9164f899feb7b4d261da02c485c9a3e3b6,20260725,1.0,0.9,1
run1,OHLC,OHLC_0082,3,99.95697021484375,99.99560546875,99.92786407470703,99.9937744140625,99.95697021484375,99.99560546875,99.92786407470703,99.9937744140625,False,True,True,0.0,0.0,0.0,0.0,KronosPredictor,a7d5f37e2e9fbd9891f7d7d4f72574512dd1f704fee14223e0a8cd0fbf54197c,0b30a443affb03e05a876a083857de9164f899feb7b4d261da02c485c9a3e3b6,20260725,1.0,0.9,1
run1,OHLC,OHLC_0082,4,99.98365020751953,99.99535369873047,99.94194793701172,99.99322509765625,99.98365020751953,99.99535369873047,99.94194793701172,99.99322509765625,False,True,True,0.0,0.0,0.0,0.0,KronosPredictor,a7d5f37e2e9fbd9891f7d7d4f72574512dd1f704fee14223e0a8cd0fbf54197c,0b30a443affb03e05a876a083857de9164f899feb7b4d261da02c485c9a3e3b6,20260725,1.0,0.9,1
run1,OHLC,OHLC_0082,5,99.92301940917969,99.98773956298828,99.91305541992188,99.9932632446289,99.92301940917969,99.9932632446289,99.91305541992188,99.9932632446289,False,True,True,0.005523681640625,0.0,0.005523681640625,5.523721254714809e-05,KronosPredictor,a7d5f37e2e9fbd9891f7d7d4f72574512dd1f704fee14223e0a8cd0fbf54197c,0b30a443affb03e05a876a083857de9164f899feb7b4d261da02c485c9a3e3b6,20260725,1.0,0.9,1
run1,OHLC,OHLC_0083,1,99.96575164794922,100.03849792480469,99.95645141601562,100.00357055664062,99.96575164794922,100.03849792480469,99.95645141601562,100.00357055664062,False,True,True,0.0,0.0,0.0,0.0,KronosPredictor,a7d5f37e2e9fbd9891f7d7d4f72574512dd1f704fee14223e0a8cd0fbf54197c,0b30a443affb03e05a876a083857de9164f899feb7b4d261da02c485c9a3e3b6,20260725,1.0,0.9,1
run1,OHLC,OHLC_0083,2,99.99540710449219,100.0418472290039,99.91702270507812,100.00309753417969,99.99540710449219,100.0418472290039,99.91702270507812,100.00309753417969,False,True,True,0.0,0.0,0.0,0.0,KronosPredictor,a7d5f37e2e9fbd9891f7d7d4f72574512dd1f704fee14223e0a8cd0fbf54197c,0b30a443affb03e05a876a083857de9164f899feb7b4d261da02c485c9a3e3b6,20260725,1.0,0.9,1
run1,OHLC,OHLC_0083,3,100.0389404296875,100.0361328125,99.96794128417969,100.00062561035156,100.0389404296875,100.0389404296875,99.96794128417969,100.00062561035156,False,True,True,0.0028076171875,0.0,0.0028076171875,2.8075169435173365e-05,KronosPredictor,a7d5f37e2e9fbd9891f7d7d4f72574512dd1f704fee14223e0a8cd0fbf54197c,0b30a443affb03e05a876a083857de9164f899feb7b4d261da02c485c9a3e3b6,20260725,1.0,0.9,1
run1,OHLC,OHLC_0083,4,100.06051635742188,100.05665588378906,99.95160675048828,100.00011444091797,100.06051635742188,100.06051635742188,99.95160675048828,100.00011444091797,False,True,True,0.0038604736328125,0.0,0.0038604736328125,3.860335797336338e-05,KronosPredictor,a7d5f37e2e9fbd9891f7d7d4f72574512dd1f704fee14223e0a8cd0fbf54197c,0b30a443affb03e05a876a083857de9164f899feb7b4d261da02c485c9a3e3b6,20260725,1.0,0.9,1
run1,OHLC,OHLC_0083,5,100.03827667236328,100.026123046875,100.00267791748047,100.0022964477539,100.03827667236328,100.03827667236328,100.0022964477539,100.0022964477539,False,True,True,0.01215362548828125,0.0003814697265625,0.01253509521484375,0.00012534647658149413,KronosPredictor,a7d5f37e2e9fbd9891f7d7d4f72574512dd1f704fee14223e0a8cd0fbf54197c,0b30a443affb03e05a876a083857de9164f899feb7b4d261da02c485c9a3e3b6,20260725,1.0,0.9,1
run1,OHLC,OHLC_0084,1,99.8627700805664,100.02152252197266,99.87655639648438,99.99378204345703,99.8627700805664,100.02152252197266,99.8627700805664,99.99378204345703,False,True,True,0.0,0.01378631591796875,0.01378631591796875,0.0001378717319840673,KronosPredictor,a7d5f37e2e9fbd9891f7d7d4f72574512dd1f704fee14223e0a8cd0fbf54197c,0b30a443affb03e05a876a083857de9164f899feb7b4d261da02c485c9a3e3b6,20260725,1.0,0.9,1
run1,OHLC,OHLC_0084,2,100.04403686523438,100.0241470336914,99.88972473144531,99.9871826171875,100.04403686523438,100.04403686523438,99.88972473144531,99.9871826171875,False,True,True,0.01988983154296875,0.0,0.01988983154296875,0.00019891068360955365,KronosPredictor,a7d5f37e2e9fbd9891f7d7d4f72574512dd1f704fee14223e0a8cd0fbf54197c,0b30a443affb03e05a876a083857de9164f899feb7b4d261da02c485c9a3e3b6,20260725,1.0,0.9,1
run1,OHLC,OHLC_0084,3,99.73251342773438,100.02466583251953,99.80815887451172,99.99458312988281,99.73251342773438,100.02466583251953,99.73251342773438,99.99458312988281,False,True,True,0.0,0.07564544677734375,0.07564544677734375,0.0007565015067083716,KronosPredictor,a7d5f37e2e9fbd9891f7d7d4f72574512dd1f704fee14223e0a8cd0fbf54197c,0b30a443affb03e05a876a083857de9164f899feb7b4d261da02c485c9a3e3b6,20260725,1.0,0.9,1
run1,OHLC,OHLC_0084,4,100.05363464355469,100.0255126953125,99.88655090332031,99.98666381835938,100.05363464355469,100.05363464355469,99.88655090332031,99.98666381835938,False,True,True,0.0281219482421875,0.0,0.0281219482421875,0.0002812369696144284,KronosPredictor,a7d5f37e2e9fbd9891f7d7d4f72574512dd1f704fee14223e0a8cd0fbf54197c,0b30a443affb03e05a876a083857de9164f899feb7b4d261da02c485c9a3e3b6,20260725,1.0,0.9,1
run1,OHLC,OHLC_0084,5,99.9053726196289,100.01719665527344,99.8734359741211,99.9874496459961,99.9053726196289,100.01719665527344,99.8734359741211,99.9874496459961,False,True,True,0.0,0.0,0.0,0.0,KronosPredictor,a7d5f37e2e9fbd9891f7d7d4f72574512dd1f704fee14223e0a8cd0fbf54197c,0b30a443affb03e05a876a083857de9164f899feb7b4d261da02c485c9a3e3b6,20260725,1.0,0.9,1
run1,OHLC,OHLC_0085,1,99.8612289428711,100.00408935546875,99.79041290283203,99.96762084960938,99.8612289428711,100.00408935546875,99.79041290283203,99.96762084960938,False,True,True,0.0,0.0,0.0,0.0,KronosPredictor,a7d5f37e2e9fbd9891f7d7d4f72574512dd1f704fee14223e0a8cd0fbf54197c,0b30a443affb03e05a876a083857de9164f899feb7b4d261da02c485c9a3e3b6,20260725,1.0,0.9,1
run1,OHLC,OHLC_0085,2,99.9468002319336,99.97225189208984,99.87491607666016,99.95833587646484,99.9468002319336,99.97225189208984,99.87491607666016,99.95833587646484,False,True,True,0.0,0.0,0.0,0.0,KronosPredictor,a7d5f37e2e9fbd9891f7d7d4f72574512dd1f704fee14223e0a8cd0fbf54197c,0b30a443affb03e05a876a083857de9164f899feb7b4d261da02c485c9a3e3b6,20260725,1.0,0.9,1
run1,OHLC,OHLC_0085,3,99.80836486816406,99.95729064941406,99.85428619384766,99.97002410888672,99.80836486816406,99.97002410888672,99.80836486816406,99.97002410888672,False,True,True,0.01273345947265625,0.04592132568359375,0.05865478515625,0.0005867378322876151,KronosPredictor,a7d5f37e2e9fbd9891f7d7d4f72574512dd1f704fee14223e0a8cd0fbf54197c,0b30a443affb03e05a876a083857de9164f899feb7b4d261da02c485c9a3e3b6,20260725,1.0,0.9,1
run1,OHLC,OHLC_0085,4,99.88931274414062,99.96271514892578,99.87380981445312,99.96479034423828,99.88931274414062,99.96479034423828,99.87380981445312,99.96479034423828,False,True,True,0.0020751953125,0.0,0.0020751953125,2.0758674607470255e-05,KronosPredictor,a7d5f37e2e9fbd9891f7d7d4f72574512dd1f704fee14223e0a8cd0fbf54197c,0b30a443affb03e05a876a083857de9164f899feb7b4d261da02c485c9a3e3b6,20260725,1.0,0.9,1
run1,OHLC,OHLC_0085,5,99.8714599609375,99.95509338378906,99.87748718261719,99.96483612060547,99.8714599609375,99.96483612060547,99.8714599609375,99.96483612060547,False,True,True,0.00974273681640625,0.0060272216796875,0.01576995849609375,0.0001577506632854449,KronosPredictor,a7d5f37e2e9fbd9891f7d7d4f72574512dd1f704fee14223e0a8cd0fbf54197c,0b30a443affb03e05a876a083857de9164f899feb7b4d261da02c485c9a3e3b6,20260725,1.0,0.9,1
run1,OHLC,OHLC_0086,1,100.02204895019531,99.9976806640625,100.02897644042969,100.01187133789062,100.02204895019531,100.02204895019531,100.01187133789062,100.01187133789062,False,True,True,0.0243682861328125,0.0171051025390625,0.041473388671875,0.00041468465810180614,KronosPredictor,a7d5f37e2e9fbd9891f7d7d4f72574512dd1f704fee14223e0a8cd0fbf54197c,0b30a443affb03e05a876a083857de9164f899feb7b4d261da02c485c9a3e3b6,20260725,1.0,0.9,1
run1,OHLC,OHLC_0086,2,100.04328155517578,100.04254150390625,100.01717376708984,100.01394653320312,100.04328155517578,100.04328155517578,100.01394653320312,100.01394653320312,False,True,True,0.00074005126953125,0.00322723388671875,0.00396728515625,3.9668142423278e-05,KronosPredictor,a7d5f37e2e9fbd9891f7d7d4f72574512dd1f704fee14223e0a8cd0fbf54197c,0b30a443affb03e05a876a083857de9164f899feb7b4d261da02c485c9a3e3b6,20260725,1.0,0.9,1
run1,OHLC,OHLC_0086,3,99.9366455078125,100.06001281738281,99.94135284423828,100.01883697509766,99.9366455078125,100.06001281738281,99.9366455078125,100.01883697509766,False,True,True,0.0,0.00470733642578125,0.00470733642578125,4.706777668300486e-05,KronosPredictor,a7d5f37e2e9fbd9891f7d7d4f72574512dd1f704fee14223e0a8cd0fbf54197c,0b30a443affb03e05a876a083857de9164f899feb7b4d261da02c485c9a3e3b6,20260725,1.0,0.9,1
run1,OHLC,OHLC_0086,4,100.05375671386719,100.07398223876953,99.95381927490234,100.01642608642578,100.05375671386719,100.07398223876953,99.95381927490234,100.01642608642578,False,True,True,0.0,0.0,0.0,0.0,KronosPredictor,a7d5f37e2e9fbd9891f7d7d4f72574512dd1f704fee14223e0a8cd0fbf54197c,0b30a443affb03e05a876a083857de9164f899feb7b4d261da02c485c9a3e3b6,20260725,1.0,0.9,1
run1,OHLC,OHLC_0086,5,100.01373291015625,100.04659271240234,99.97102355957031,100.01496124267578,100.01373291015625,100.04659271240234,99.97102355957031,100.01496124267578,False,True,True,0.0,0.0,0.0,0.0,KronosPredictor,a7d5f37e2e9fbd9891f7d7d4f72574512dd1f704fee14223e0a8cd0fbf54197c,0b30a443affb03e05a876a083857de9164f899feb7b4d261da02c485c9a3e3b6,20260725,1.0,0.9,1
run1,OHLC,OHLC_0087,1,99.87287902832031,100.02410888671875,99.85397338867188,99.97541046142578,99.87287902832031,100.02410888671875,99.85397338867188,99.97541046142578,False,True,True,0.0,0.0,0.0,0.0,KronosPredictor,a7d5f37e2e9fbd9891f7d7d4f72574512dd1f704fee14223e0a8cd0fbf54197c,0b30a443affb03e05a876a083857de9164f899feb7b4d261da02c485c9a3e3b6,20260725,1.0,0.9,1
run1,OHLC,OHLC_0087,2,99.88430786132812,99.97640991210938,99.83795166015625,99.9728012084961,99.88430786132812,99.97640991210938,99.83795166015625,99.9728012084961,False,True,True,0.0,0.0,0.0,0.0,KronosPredictor,a7d5f37e2e9fbd9891f7d7d4f72574512dd1f704fee14223e0a8cd0fbf54197c,0b30a443affb03e05a876a083857de9164f899feb7b4d261da02c485c9a3e3b6,20260725,1.0,0.9,1
run1,OHLC,OHLC_0087,3,99.7727279663086,99.95869445800781,99.80280303955078,99.97479248046875,99.7727279663086,99.97479248046875,99.7727279663086,99.97479248046875,False,True,True,0.0160980224609375,0.0300750732421875,0.046173095703125,0.00046184452246825523,KronosPredictor,a7d5f37e2e9fbd9891f7d7d4f72574512dd1f704fee14223e0a8cd0fbf54197c,0b30a443affb03e05a876a083857de9164f899feb7b4d261da02c485c9a3e3b6,20260725,1.0,0.9,1
run1,OHLC,OHLC_0087,4,99.76890563964844,99.9640884399414,99.68931579589844,99.97480010986328,99.76890563964844,99.97480010986328,99.68931579589844,99.97480010986328,False,True,True,0.010711669921875,0.0,0.010711669921875,0.00010714304519917885,KronosPredictor,a7d5f37e2e9fbd9891f7d7d4f72574512dd1f704fee14223e0a8cd0fbf54197c,0b30a443affb03e05a876a083857de9164f899feb7b4d261da02c485c9a3e3b6,20260725,1.0,0.9,1
run1,OHLC,OHLC_0087,5,99.78417205810547,100.00175476074219,99.75241088867188,99.97856140136719,99.78417205810547,100.00175476074219,99.75241088867188,99.97856140136719,False,True,True,0.0,0.0,0.0,0.0,KronosPredictor,a7d5f37e2e9fbd9891f7d7d4f72574512dd1f704fee14223e0a8cd0fbf54197c,0b30a443affb03e05a876a083857de9164f899feb7b4d261da02c485c9a3e3b6,20260725,1.0,0.9,1
run1,OHLC,OHLC_0088,1,99.95060729980469,100.06012725830078,99.93921661376953,100.0038833618164,99.95060729980469,100.06012725830078,99.93921661376953,100.0038833618164,False,True,True,0.0,0.0,0.0,0.0,KronosPredictor,a7d5f37e2e9fbd9891f7d7d4f72574512dd1f704fee14223e0a8cd0fbf54197c,0b30a443affb03e05a876a083857de9164f899feb7b4d261da02c485c9a3e3b6,20260725,1.0,0.9,1
run1,OHLC,OHLC_0088,2,99.8508071899414,100.05118560791016,99.8902587890625,100.00727081298828,99.8508071899414,100.05118560791016,99.8508071899414,100.00727081298828,False,True,True,0.0,0.03945159912109375,0.03945159912109375,0.0003945006713225019,KronosPredictor,a7d5f37e2e9fbd9891f7d7d4f72574512dd1f704fee14223e0a8cd0fbf54197c,0b30a443affb03e05a876a083857de9164f899feb7b4d261da02c485c9a3e3b6,20260725,1.0,0.9,1
run1,OHLC,OHLC_0088,3,100.14500427246094,100.07679748535156,99.9429931640625,99.99809265136719,100.14500427246094,100.14500427246094,99.9429931640625,99.99809265136719,False,True,True,0.068206787109375,0.0,0.068206787109375,0.0006820413849590344,KronosPredictor,a7d5f37e2e9fbd9891f7d7d4f72574512dd1f704fee14223e0a8cd0fbf54197c,0b30a443affb03e05a876a083857de9164f899feb7b4d261da02c485c9a3e3b6,20260725,1.0,0.9,1
run1,OHLC,OHLC_0088,4,99.91402435302734,100.02965545654297,99.9244384765625,100.00354766845703,99.91402435302734,100.02965545654297,99.91402435302734,100.00354766845703,False,True,True,0.0,0.01041412353515625,0.01041412353515625,0.00010413719132763781,KronosPredictor,a7d5f37e2e9fbd9891f7d7d4f72574512dd1f704fee14223e0a8cd0fbf54197c,0b30a443affb03e05a876a083857de9164f899feb7b4d261da02c485c9a3e3b6,20260725,1.0,0.9,1
run1,OHLC,OHLC_0088,5,99.98023986816406,100.00935363769531,99.94417572021484,99.99861907958984,99.98023986816406,100.00935363769531,99.94417572021484,99.99861907958984,False,True,True,0.0,0.0,0.0,0.0,KronosPredictor,a7d5f37e2e9fbd9891f7d7d4f72574512dd1f704fee14223e0a8cd0fbf54197c,0b30a443affb03e05a876a083857de9164f899feb7b4d261da02c485c9a3e3b6,20260725,1.0,0.9,1
run1,OHLC,OHLC_0089,1,100.02072143554688,100.050537109375,99.9828109741211,100.00393676757812,100.02072143554688,100.050537109375,99.9828109741211,100.00393676757812,False,True,True,0.0,0.0,0.0,0.0,KronosPredictor,a7d5f37e2e9fbd9891f7d7d4f72574512dd1f704fee14223e0a8cd0fbf54197c,0b30a443affb03e05a876a083857de9164f899feb7b4d261da02c485c9a3e3b6,20260725,1.0,0.9,1
run1,OHLC,OHLC_0089,2,100.00104522705078,100.04170989990234,99.95446014404297,100.00190734863281,100.00104522705078,100.04170989990234,99.95446014404297,100.00190734863281,False,True,True,0.0,0.0,0.0,0.0,KronosPredictor,a7d5f37e2e9fbd9891f7d7d4f72574512dd1f704fee14223e0a8cd0fbf54197c,0b30a443affb03e05a876a083857de9164f899feb7b4d261da02c485c9a3e3b6,20260725,1.0,0.9,1
run1,OHLC,OHLC_0089,3,99.95582580566406,100.05146789550781,99.95475006103516,100.00481414794922,99.95582580566406,100.05146789550781,99.95475006103516,100.00481414794922,False,True,True,0.0,0.0,0.0,0.0,KronosPredictor,a7d5f37e2e9fbd9891f7d7d4f72574512dd1f704fee14223e0a8cd0fbf54197c,0b30a443affb03e05a876a083857de9164f899feb7b4d261da02c485c9a3e3b6,20260725,1.0,0.9,1
run1,OHLC,OHLC_0089,4,100.05757904052734,100.04007720947266,99.98646545410156,100.00199127197266,100.05757904052734,100.05757904052734,99.98646545410156,100.00199127197266,False,True,True,0.0175018310546875,0.0,0.0175018310546875,0.00017501142075400475,KronosPredictor,a7d5f37e2e9fbd9891f7d7d4f72574512dd1f704fee14223e0a8cd0fbf54197c,0b30a443affb03e05a876a083857de9164f899feb7b4d261da02c485c9a3e3b6,20260725,1.0,0.9,1
run1,OHLC,OHLC_0089,5,99.87744903564453,100.0363540649414,99.93338775634766,100.0032958984375,99.87744903564453,100.0363540649414,99.87744903564453,100.0032958984375,False,True,True,0.0,0.055938720703125,0.055938720703125,0.0005593651861239594,KronosPredictor,a7d5f37e2e9fbd9891f7d7d4f72574512dd1f704fee14223e0a8cd0fbf54197c,0b30a443affb03e05a876a083857de9164f899feb7b4d261da02c485c9a3e3b6,20260725,1.0,0.9,1
run1,OHLC,OHLC_0090,1,99.94644165039062,99.98876190185547,99.9037094116211,99.97705078125,99.94644165039062,99.98876190185547,99.9037094116211,99.97705078125,False,True,True,0.0,0.0,0.0,0.0,KronosPredictor,a7d5f37e2e9fbd9891f7d7d4f72574512dd1f704fee14223e0a8cd0fbf54197c,0b30a443affb03e05a876a083857de9164f899feb7b4d261da02c485c9a3e3b6,20260725,1.0,0.9,1
run1,OHLC,OHLC_0090,2,99.89366149902344,100.02171325683594,99.9066390991211,99.99391174316406,99.89366149902344,100.02171325683594,99.89366149902344,99.99391174316406,False,True,True,0.0,0.01297760009765625,0.01297760009765625,0.00012980579039134957,KronosPredictor,a7d5f37e2e9fbd9891f7d7d4f72574512dd1f704fee14223e0a8cd0fbf54197c,0b30a443affb03e05a876a083857de9164f899feb7b4d261da02c485c9a3e3b6,20260725,1.0,0.9,1
run1,OHLC,OHLC_0090,3,100.02506256103516,100.01751708984375,99.9234390258789,99.98026275634766,100.02506256103516,100.02506256103516,99.9234390258789,99.98026275634766,False,True,True,0.00754547119140625,0.0,0.00754547119140625,7.5472032155817e-05,KronosPredictor,a7d5f37e2e9fbd9891f7d7d4f72574512dd1f704fee14223e0a8cd0fbf54197c,0b30a443affb03e05a876a083857de9164f899feb7b4d261da02c485c9a3e3b6,20260725,1.0,0.9,1
run1,OHLC,OHLC_0090,4,99.82342529296875,99.98226165771484,99.84906768798828,99.98587036132812,99.82342529296875,99.98587036132812,99.82342529296875,99.98587036132812,False,True,True,0.00360870361328125,0.02564239501953125,0.0292510986328125,0.00029257813072335937,KronosPredictor,a7d5f37e2e9fbd9891f7d7d4f72574512dd1f704fee14223e0a8cd0fbf54197c,0b30a443affb03e05a876a083857de9164f899feb7b4d261da02c485c9a3e3b6,20260725,1.0,0.9,1
run1,OHLC,OHLC_0090,5,99.8422622680664,100.01506805419922,99.87117767333984,99.99380493164062,99.8422622680664,100.01506805419922,99.8422622680664,99.99380493164062,False,True,True,0.0,0.0289154052734375,0.0289154052734375,0.00028922042656273655,KronosPredictor,a7d5f37e2e9fbd9891f7d7d4f72574512dd1f704fee14223e0a8cd0fbf54197c,0b30a443affb03e05a876a083857de9164f899feb7b4d261da02c485c9a3e3b6,20260725,1.0,0.9,1
run1,OHLC,OHLC_0091,1,100.02696228027344,100.04731750488281,99.97370147705078,100.01091766357422,100.02696228027344,100.04731750488281,99.97370147705078,100.01091766357422,False,True,True,0.0,0.0,0.0,0.0,KronosPredictor,a7d5f37e2e9fbd9891f7d7d4f72574512dd1f704fee14223e0a8cd0fbf54197c,0b30a443affb03e05a876a083857de9164f899feb7b4d261da02c485c9a3e3b6,20260725,1.0,0.9,1
run1,OHLC,OHLC_0091,2,100.01210021972656,100.03959655761719,99.98233032226562,100.0120849609375,100.01210021972656,100.03959655761719,99.98233032226562,100.0120849609375,False,True,True,0.0,0.0,0.0,0.0,KronosPredictor,a7d5f37e2e9fbd9891f7d7d4f72574512dd1f704fee14223e0a8cd0fbf54197c,0b30a443affb03e05a876a083857de9164f899feb7b4d261da02c485c9a3e3b6,20260725,1.0,0.9,1
run1,OHLC,OHLC_0091,3,99.98643493652344,100.01468658447266,99.99824523925781,100.01336669921875,99.98643493652344,100.01468658447266,99.98643493652344,100.01336669921875,False,True,True,0.0,0.011810302734375,0.011810302734375,0.00011809013466013347,KronosPredictor,a7d5f37e2e9fbd9891f7d7d4f72574512dd1f704fee14223e0a8cd0fbf54197c,0b30a443affb03e05a876a083857de9164f899feb7b4d261da02c485c9a3e3b6,20260725,1.0,0.9,1
run1,OHLC,OHLC_0091,4,99.984130859375,100.01673889160156,99.95970916748047,100.00907135009766,99.984130859375,100.01673889160156,99.95970916748047,100.00907135009766,False,True,True,0.0,0.0,0.0,0.0,KronosPredictor,a7d5f37e2e9fbd9891f7d7d4f72574512dd1f704fee14223e0a8cd0fbf54197c,0b30a443affb03e05a876a083857de9164f899feb7b4d261da02c485c9a3e3b6,20260725,1.0,0.9,1
run1,OHLC,OHLC_0091,5,99.9729995727539,100.02413177490234,99.94580841064453,100.00885009765625,99.9729995727539,100.02413177490234,99.94580841064453,100.00885009765625,False,True,True,0.0,0.0,0.0,0.0,KronosPredictor,a7d5f37e2e9fbd9891f7d7d4f72574512dd1f704fee14223e0a8cd0fbf54197c,0b30a443affb03e05a876a083857de9164f899feb7b4d261da02c485c9a3e3b6,20260725,1.0,0.9,1
run1,OHLC,OHLC_0092,1,99.93931579589844,100.00466918945312,99.96591186523438,100.00067138671875,99.93931579589844,100.00466918945312,99.93931579589844,100.00067138671875,False,True,True,0.0,0.0265960693359375,0.0265960693359375,0.00026595890774659106,KronosPredictor,a7d5f37e2e9fbd9891f7d7d4f72574512dd1f704fee14223e0a8cd0fbf54197c,0b30a443affb03e05a876a083857de9164f899feb7b4d261da02c485c9a3e3b6,20260725,1.0,0.9,1
run1,OHLC,OHLC_0092,2,100.01278686523438,100.00947570800781,99.98652648925781,99.99919891357422,100.01278686523438,100.01278686523438,99.98652648925781,99.99919891357422,False,True,True,0.0033111572265625,0.0,0.0033111572265625,3.311134996041897e-05,KronosPredictor,a7d5f37e2e9fbd9891f7d7d4f72574512dd1f704fee14223e0a8cd0fbf54197c,0b30a443affb03e05a876a083857de9164f899feb7b4d261da02c485c9a3e3b6,20260725,1.0,0.9,1
run1,OHLC,OHLC_0092,3,100.02799224853516,100.04043579101562,99.9891586303711,100.00040435791016,100.02799224853516,100.04043579101562,99.9891586303711,100.00040435791016,False,True,True,0.0,0.0,0.0,0.0,KronosPredictor,a7d5f37e2e9fbd9891f7d7d4f72574512dd1f704fee14223e0a8cd0fbf54197c,0b30a443affb03e05a876a083857de9164f899feb7b4d261da02c485c9a3e3b6,20260725,1.0,0.9,1
run1,OHLC,OHLC_0092,4,100.03350830078125,100.03453063964844,99.99505615234375,100.0002212524414,100.03350830078125,100.03453063964844,99.99505615234375,100.0002212524414,False,True,True,0.0,0.0,0.0,0.0,KronosPredictor,a7d5f37e2e9fbd9891f7d7d4f72574512dd1f704fee14223e0a8cd0fbf54197c,0b30a443affb03e05a876a083857de9164f899feb7b4d261da02c485c9a3e3b6,20260725,1.0,0.9,1
run1,OHLC,OHLC_0092,5,100.07044982910156,100.05284881591797,99.96389770507812,99.99637603759766,100.07044982910156,100.07044982910156,99.96389770507812,99.99637603759766,False,True,True,0.01760101318359375,0.0,0.01760101318359375,0.0001760089501352225,KronosPredictor,a7d5f37e2e9fbd9891f7d7d4f72574512dd1f704fee14223e0a8cd0fbf54197c,0b30a443affb03e05a876a083857de9164f899feb7b4d261da02c485c9a3e3b6,20260725,1.0,0.9,1
run1,OHLC,OHLC_0093,1,100.1365966796875,100.10383605957031,99.98723602294922,99.99673461914062,100.1365966796875,100.1365966796875,99.98723602294922,99.99673461914062,False,True,True,0.0327606201171875,0.0,0.0327606201171875,0.0003276168991113907,KronosPredictor,a7d5f37e2e9fbd9891f7d7d4f72574512dd1f704fee14223e0a8cd0fbf54197c,0b30a443affb03e05a876a083857de9164f899feb7b4d261da02c485c9a3e3b6,20260725,1.0,0.9,1
run1,OHLC,OHLC_0093,2,100.04851531982422,100.04219055175781,99.90274810791016,99.98670196533203,100.04851531982422,100.04851531982422,99.90274810791016,99.98670196533203,False,True,True,0.00632476806640625,0.0,0.00632476806640625,6.324974600916229e-05,KronosPredictor,a7d5f37e2e9fbd9891f7d7d4f72574512dd1f704fee14223e0a8cd0fbf54197c,0b30a443affb03e05a876a083857de9164f899feb7b4d261da02c485c9a3e3b6,20260725,1.0,0.9,1
run1,OHLC,OHLC_0093,3,99.91533660888672,100.01361846923828,99.90313720703125,99.99050903320312,99.91533660888672,100.01361846923828,99.90313720703125,99.99050903320312,False,True,True,0.0,0.0,0.0,0.0,KronosPredictor,a7d5f37e2e9fbd9891f7d7d4f72574512dd1f704fee14223e0a8cd0fbf54197c,0b30a443affb03e05a876a083857de9164f899feb7b4d261da02c485c9a3e3b6,20260725,1.0,0.9,1
run1,OHLC,OHLC_0093,4,100.0047836303711,100.09009552001953,99.90381622314453,99.98629760742188,100.0047836303711,100.09009552001953,99.90381622314453,99.98629760742188,False,True,True,0.0,0.0,0.0,0.0,KronosPredictor,a7d5f37e2e9fbd9891f7d7d4f72574512dd1f704fee14223e0a8cd0fbf54197c,0b30a443affb03e05a876a083857de9164f899feb7b4d261da02c485c9a3e3b6,20260725,1.0,0.9,1
run1,OHLC,OHLC_0093,5,100.04395294189453,100.09454345703125,99.9129867553711,99.98995208740234,100.04395294189453,100.09454345703125,99.9129867553711,99.98995208740234,False,True,True,0.0,0.0,0.0,0.0,KronosPredictor,a7d5f37e2e9fbd9891f7d7d4f72574512dd1f704fee14223e0a8cd0fbf54197c,0b30a443affb03e05a876a083857de9164f899feb7b4d261da02c485c9a3e3b6,20260725,1.0,0.9,1
run1,OHLC,OHLC_0094,1,100.0135726928711,100.03115844726562,99.9415054321289,100.00263214111328,100.0135726928711,100.03115844726562,99.9415054321289,100.00263214111328,False,True,True,0.0,0.0,0.0,0.0,KronosPredictor,a7d5f37e2e9fbd9891f7d7d4f72574512dd1f704fee14223e0a8cd0fbf54197c,0b30a443affb03e05a876a083857de9164f899feb7b4d261da02c485c9a3e3b6,20260725,1.0,0.9,1
run1,OHLC,OHLC_0094,2,99.9412841796875,99.99182891845703,99.94783020019531,100.00337219238281,99.9412841796875,100.00337219238281,99.9412841796875,100.00337219238281,False,True,True,0.01154327392578125,0.0065460205078125,0.01808929443359375,0.00018088818310370096,KronosPredictor,a7d5f37e2e9fbd9891f7d7d4f72574512dd1f704fee14223e0a8cd0fbf54197c,0b30a443affb03e05a876a083857de9164f899feb7b4d261da02c485c9a3e3b6,20260725,1.0,0.9,1
run1,OHLC,OHLC_0094,3,99.93311309814453,100.02032470703125,99.88506317138672,100.00287628173828,99.93311309814453,100.02032470703125,99.88506317138672,100.00287628173828,False,True,True,0.0,0.0,0.0,0.0,KronosPredictor,a7d5f37e2e9fbd9891f7d7d4f72574512dd1f704fee14223e0a8cd0fbf54197c,0b30a443affb03e05a876a083857de9164f899feb7b4d261da02c485c9a3e3b6,20260725,1.0,0.9,1
run1,OHLC,OHLC_0094,4,99.97875213623047,100.0183334350586,99.93225860595703,100.00389862060547,99.97875213623047,100.0183334350586,99.93225860595703,100.00389862060547,False,True,True,0.0,0.0,0.0,0.0,KronosPredictor,a7d5f37e2e9fbd9891f7d7d4f72574512dd1f704fee14223e0a8cd0fbf54197c,0b30a443affb03e05a876a083857de9164f899feb7b4d261da02c485c9a3e3b6,20260725,1.0,0.9,1
run1,OHLC,OHLC_0094,5,99.97799682617188,100.0390625,99.95723724365234,100.00678253173828,99.97799682617188,100.0390625,99.95723724365234,100.00678253173828,False,True,True,0.0,0.0,0.0,0.0,KronosPredictor,a7d5f37e2e9fbd9891f7d7d4f72574512dd1f704fee14223e0a8cd0fbf54197c,0b30a443affb03e05a876a083857de9164f899feb7b4d261da02c485c9a3e3b6,20260725,1.0,0.9,1
run1,OHLC,OHLC_0095,1,100.03987884521484,100.02722930908203,99.98330688476562,100.0145492553711,100.03987884521484,100.03987884521484,99.98330688476562,100.0145492553711,False,True,True,0.0126495361328125,0.0,0.0126495361328125,0.0001264769598722476,KronosPredictor,a7d5f37e2e9fbd9891f7d7d4f72574512dd1f704fee14223e0a8cd0fbf54197c,0b30a443affb03e05a876a083857de9164f899feb7b4d261da02c485c9a3e3b6,20260725,1.0,0.9,1
run1,OHLC,OHLC_0095,2,100.09868621826172,100.1650161743164,99.96269226074219,100.01240539550781,100.09868621826172,100.1650161743164,99.96269226074219,100.01240539550781,False,True,True,0.0,0.0,0.0,0.0,KronosPredictor,a7d5f37e2e9fbd9891f7d7d4f72574512dd1f704fee14223e0a8cd0fbf54197c,0b30a443affb03e05a876a083857de9164f899feb7b4d261da02c485c9a3e3b6,20260725,1.0,0.9,1
run1,OHLC,OHLC_0095,3,100.12886047363281,100.10841369628906,100.0126953125,100.01172637939453,100.12886047363281,100.12886047363281,100.01172637939453,100.01172637939453,False,True,True,0.02044677734375,0.00096893310546875,0.02141571044921875,0.00021412595076079552,KronosPredictor,a7d5f37e2e9fbd9891f7d7d4f72574512dd1f704fee14223e0a8cd0fbf54197c,0b30a443affb03e05a876a083857de9164f899feb7b4d261da02c485c9a3e3b6,20260725,1.0,0.9,1
run1,OHLC,OHLC_0095,4,100.1227798461914,100.09678649902344,100.01387023925781,100.00850677490234,100.1227798461914,100.1227798461914,100.00850677490234,100.00850677490234,False,True,True,0.02599334716796875,0.00536346435546875,0.0313568115234375,0.0003135225000451976,KronosPredictor,a7d5f37e2e9fbd9891f7d7d4f72574512dd1f704fee14223e0a8cd0fbf54197c,0b30a443affb03e05a876a083857de9164f899feb7b4d261da02c485c9a3e3b6,20260725,1.0,0.9,1
run1,OHLC,OHLC_0095,5,100.09657287597656,100.08728790283203,100.0169906616211,100.00796508789062,100.09657287597656,100.09657287597656,100.00796508789062,100.00796508789062,False,True,True,0.00928497314453125,0.00902557373046875,0.018310546875,0.00018307883214318106,KronosPredictor,a7d5f37e2e9fbd9891f7d7d4f72574512dd1f704fee14223e0a8cd0fbf54197c,0b30a443affb03e05a876a083857de9164f899feb7b4d261da02c485c9a3e3b6,20260725,1.0,0.9,1
run1,OHLC,OHLC_0096,1,100.14239501953125,100.15586853027344,100.0353775024414,100.01399993896484,100.14239501953125,100.15586853027344,100.01399993896484,100.01399993896484,False,True,True,0.0,0.0213775634765625,0.0213775634765625,0.0002137457104966155,KronosPredictor,a7d5f37e2e9fbd9891f7d7d4f72574512dd1f704fee14223e0a8cd0fbf54197c,0b30a443affb03e05a876a083857de9164f899feb7b4d261da02c485c9a3e3b6,20260725,1.0,0.9,1
run1,OHLC,OHLC_0096,2,100.19013214111328,100.16703033447266,100.05598449707031,100.01412963867188,100.19013214111328,100.19013214111328,100.01412963867188,100.01412963867188,False,True,True,0.023101806640625,0.0418548583984375,0.0649566650390625,0.0006494757241856475,KronosPredictor,a7d5f37e2e9fbd9891f7d7d4f72574512dd1f704fee14223e0a8cd0fbf54197c,0b30a443affb03e05a876a083857de9164f899feb7b4d261da02c485c9a3e3b6,20260725,1.0,0.9,1
run1,OHLC,OHLC_0096,3,100.19709777832031,100.17167663574219,100.05939483642578,100.01432800292969,100.19709777832031,100.19709777832031,100.01432800292969,100.01432800292969,False,True,True,0.025421142578125,0.04506683349609375,0.07048797607421875,0.000704781091819497,KronosPredictor,a7d5f37e2e9fbd9891f7d7d4f72574512dd1f704fee14223e0a8cd0fbf54197c,0b30a443affb03e05a876a083857de9164f899feb7b4d261da02c485c9a3e3b6,20260725,1.0,0.9,1
run1,OHLC,OHLC_0096,4,100.19963073730469,100.16500091552734,100.06060028076172,100.0139389038086,100.19963073730469,100.19963073730469,100.0139389038086,100.0139389038086,False,True,True,0.03462982177734375,0.046661376953125,0.08129119873046875,0.0008127981960533326,KronosPredictor,a7d5f37e2e9fbd9891f7d7d4f72574512dd1f704fee14223e0a8cd0fbf54197c,0b30a443affb03e05a876a083857de9164f899feb7b4d261da02c485c9a3e3b6,20260725,1.0,0.9,1
run1,OHLC,OHLC_0096,5,100.12565612792969,100.15336608886719,99.9996337890625,100.01526641845703,100.12565612792969,100.15336608886719,99.9996337890625,100.01526641845703,False,True,True,0.0,0.0,0.0,0.0,KronosPredictor,a7d5f37e2e9fbd9891f7d7d4f72574512dd1f704fee14223e0a8cd0fbf54197c,0b30a443affb03e05a876a083857de9164f899feb7b4d261da02c485c9a3e3b6,20260725,1.0,0.9,1
run1,OHLC,OHLC_0097,1,100.03675079345703,100.07438659667969,99.99457550048828,100.0227279663086,100.03675079345703,100.07438659667969,99.99457550048828,100.0227279663086,False,True,True,0.0,0.0,0.0,0.0,KronosPredictor,a7d5f37e2e9fbd9891f7d7d4f72574512dd1f704fee14223e0a8cd0fbf54197c,0b30a443affb03e05a876a083857de9164f899feb7b4d261da02c485c9a3e3b6,20260725,1.0,0.9,1
run1,OHLC,OHLC_0097,2,100.07323455810547,100.10503387451172,99.98912811279297,100.02114868164062,100.07323455810547,100.10503387451172,99.98912811279297,100.02114868164062,False,True,True,0.0,0.0,0.0,0.0,KronosPredictor,a7d5f37e2e9fbd9891f7d7d4f72574512dd1f704fee14223e0a8cd0fbf54197c,0b30a443affb03e05a876a083857de9164f899feb7b4d261da02c485c9a3e3b6,20260725,1.0,0.9,1
run1,OHLC,OHLC_0097,3,100.11673736572266,100.10330963134766,100.04214477539062,100.02335357666016,100.11673736572266,100.11673736572266,100.02335357666016,100.02335357666016,False,True,True,0.013427734375,0.01879119873046875,0.03221893310546875,0.0003221161206113204,KronosPredictor,a7d5f37e2e9fbd9891f7d7d4f72574512dd1f704fee14223e0a8cd0fbf54197c,0b30a443affb03e05a876a083857de9164f899feb7b4d261da02c485c9a3e3b6,20260725,1.0,0.9,1
run1,OHLC,OHLC_0097,4,100.01480102539062,100.09296417236328,99.99432373046875,100.02609252929688,100.01480102539062,100.09296417236328,99.99432373046875,100.02609252929688,False,True,True,0.0,0.0,0.0,0.0,KronosPredictor,a7d5f37e2e9fbd9891f7d7d4f72574512dd1f704fee14223e0a8cd0fbf54197c,0b30a443affb03e05a876a083857de9164f899feb7b4d261da02c485c9a3e3b6,20260725,1.0,0.9,1
run1,OHLC,OHLC_0097,5,100.06355285644531,100.06475067138672,99.9879379272461,100.01480865478516,100.06355285644531,100.06475067138672,99.9879379272461,100.01480865478516,False,True,True,0.0,0.0,0.0,0.0,KronosPredictor,a7d5f37e2e9fbd9891f7d7d4f72574512dd1f704fee14223e0a8cd0fbf54197c,0b30a443affb03e05a876a083857de9164f899feb7b4d261da02c485c9a3e3b6,20260725,1.0,0.9,1
run1,OHLC,OHLC_0098,1,99.95055389404297,100.01518249511719,99.9423828125,99.99050903320312,99.95055389404297,100.01518249511719,99.9423828125,99.99050903320312,False,True,True,0.0,0.0,0.0,0.0,KronosPredictor,a7d5f37e2e9fbd9891f7d7d4f72574512dd1f704fee14223e0a8cd0fbf54197c,0b30a443affb03e05a876a083857de9164f899feb7b4d261da02c485c9a3e3b6,20260725,1.0,0.9,1
run1,OHLC,OHLC_0098,2,99.99305725097656,100.06887817382812,99.8875503540039,99.98987579345703,99.99305725097656,100.06887817382812,99.8875503540039,99.98987579345703,False,True,True,0.0,0.0,0.0,0.0,KronosPredictor,a7d5f37e2e9fbd9891f7d7d4f72574512dd1f704fee14223e0a8cd0fbf54197c,0b30a443affb03e05a876a083857de9164f899feb7b4d261da02c485c9a3e3b6,20260725,1.0,0.9,1
run1,OHLC,OHLC_0098,3,100.04431915283203,100.06062316894531,99.90380096435547,99.98582458496094,100.04431915283203,100.06062316894531,99.90380096435547,99.98582458496094,False,True,True,0.0,0.0,0.0,0.0,KronosPredictor,a7d5f37e2e9fbd9891f7d7d4f72574512dd1f704fee14223e0a8cd0fbf54197c,0b30a443affb03e05a876a083857de9164f899feb7b4d261da02c485c9a3e3b6,20260725,1.0,0.9,1
run1,OHLC,OHLC_0098,4,100.0693359375,100.01634216308594,99.93740844726562,99.98717498779297,100.0693359375,100.0693359375,99.93740844726562,99.98717498779297,False,True,True,0.0529937744140625,0.0,0.0529937744140625,0.0005299880451300157,KronosPredictor,a7d5f37e2e9fbd9891f7d7d4f72574512dd1f704fee14223e0a8cd0fbf54197c,0b30a443affb03e05a876a083857de9164f899feb7b4d261da02c485c9a3e3b6,20260725,1.0,0.9,1
run1,OHLC,OHLC_0098,5,100.10323333740234,100.08619689941406,99.91575622558594,99.98719787597656,100.10323333740234,100.10323333740234,99.91575622558594,99.98719787597656,False,True,True,0.01703643798828125,0.0,0.01703643798828125,0.00017038055064430249,KronosPredictor,a7d5f37e2e9fbd9891f7d7d4f72574512dd1f704fee14223e0a8cd0fbf54197c,0b30a443affb03e05a876a083857de9164f899feb7b4d261da02c485c9a3e3b6,20260725,1.0,0.9,1
run1,OHLC,OHLC_0099,1,100.1700439453125,100.1527328491211,100.04557800292969,100.00821685791016,100.1700439453125,100.1700439453125,100.00821685791016,100.00821685791016,False,True,True,0.01731109619140625,0.03736114501953125,0.0546722412109375,0.000546677492396598,KronosPredictor,a7d5f37e2e9fbd9891f7d7d4f72574512dd1f704fee14223e0a8cd0fbf54197c,0b30a443affb03e05a876a083857de9164f899feb7b4d261da02c485c9a3e3b6,20260725,1.0,0.9,1
run1,OHLC,OHLC_0099,2,100.06462097167969,100.04761505126953,99.96627044677734,100.00617218017578,100.06462097167969,100.06462097167969,99.96627044677734,100.00617218017578,False,True,True,0.01700592041015625,0.0,0.01700592041015625,0.00017004523172648855,KronosPredictor,a7d5f37e2e9fbd9891f7d7d4f72574512dd1f704fee14223e0a8cd0fbf54197c,0b30a443affb03e05a876a083857de9164f899feb7b4d261da02c485c9a3e3b6,20260725,1.0,0.9,1
run1,OHLC,OHLC_0099,3,100.14899444580078,100.13240051269531,99.91459655761719,100.00440979003906,100.14899444580078,100.14899444580078,99.91459655761719,100.00440979003906,False,True,True,0.01659393310546875,0.0,0.01659393310546875,0.00016592569717591412,KronosPredictor,a7d5f37e2e9fbd9891f7d7d4f72574512dd1f704fee14223e0a8cd0fbf54197c,0b30a443affb03e05a876a083857de9164f899feb7b4d261da02c485c9a3e3b6,20260725,1.0,0.9,1
run1,OHLC,OHLC_0099,4,99.98843383789062,100.06964111328125,99.97420501708984,100.0082015991211,99.98843383789062,100.06964111328125,99.97420501708984,100.0082015991211,False,True,True,0.0,0.0,0.0,0.0,KronosPredictor,a7d5f37e2e9fbd9891f7d7d4f72574512dd1f704fee14223e0a8cd0fbf54197c,0b30a443affb03e05a876a083857de9164f899feb7b4d261da02c485c9a3e3b6,20260725,1.0,0.9,1
run1,OHLC,OHLC_0099,5,99.86858367919922,100.0835952758789,99.91739654541016,100.00799560546875,99.86858367919922,100.0835952758789,99.86858367919922,100.00799560546875,False,True,True,0.0,0.0488128662109375,0.0488128662109375,0.00048808855656620623,KronosPredictor,a7d5f37e2e9fbd9891f7d7d4f72574512dd1f704fee14223e0a8cd0fbf54197c,0b30a443affb03e05a876a083857de9164f899feb7b4d261da02c485c9a3e3b6,20260725,1.0,0.9,1
run1,OHLCV+amount,OHLCV+amount_0000,1,99.91809844970703,99.97705078125,99.92511749267578,99.9917221069336,99.91809844970703,99.9917221069336,99.91809844970703,99.9917221069336,False,True,True,0.01467132568359375,0.00701904296875,0.02169036865234375,0.0002169216430650883,KronosPredictor,a7d5f37e2e9fbd9891f7d7d4f72574512dd1f704fee14223e0a8cd0fbf54197c,0b30a443affb03e05a876a083857de9164f899feb7b4d261da02c485c9a3e3b6,20260725,1.0,0.9,1
run1,OHLCV+amount,OHLCV+amount_0000,2,99.90953063964844,100.03744506835938,99.90288543701172,99.99716186523438,99.90953063964844,100.03744506835938,99.90288543701172,99.99716186523438,False,True,True,0.0,0.0,0.0,0.0,KronosPredictor,a7d5f37e2e9fbd9891f7d7d4f72574512dd1f704fee14223e0a8cd0fbf54197c,0b30a443affb03e05a876a083857de9164f899feb7b4d261da02c485c9a3e3b6,20260725,1.0,0.9,1
run1,OHLCV+amount,OHLCV+amount_0000,3,99.97322082519531,99.98916625976562,99.941650390625,99.99251556396484,99.97322082519531,99.99251556396484,99.941650390625,99.99251556396484,False,True,True,0.00334930419921875,0.0,0.00334930419921875,3.349581473991339e-05,KronosPredictor,a7d5f37e2e9fbd9891f7d7d4f72574512dd1f704fee14223e0a8cd0fbf54197c,0b30a443affb03e05a876a083857de9164f899feb7b4d261da02c485c9a3e3b6,20260725,1.0,0.9,1
run1,OHLCV+amount,OHLCV+amount_0000,4,99.97412109375,99.98856353759766,99.90709686279297,99.9873275756836,99.97412109375,99.98856353759766,99.90709686279297,99.9873275756836,False,True,True,0.0,0.0,0.0,0.0,KronosPredictor,a7d5f37e2e9fbd9891f7d7d4f72574512dd1f704fee14223e0a8cd0fbf54197c,0b30a443affb03e05a876a083857de9164f899feb7b4d261da02c485c9a3e3b6,20260725,1.0,0.9,1
run1,OHLCV+amount,OHLCV+amount_0000,5,99.97416687011719,100.01265716552734,99.92280578613281,99.99459075927734,99.97416687011719,100.01265716552734,99.92280578613281,99.99459075927734,False,True,True,0.0,0.0,0.0,0.0,KronosPredictor,a7d5f37e2e9fbd9891f7d7d4f72574512dd1f704fee14223e0a8cd0fbf54197c,0b30a443affb03e05a876a083857de9164f899feb7b4d261da02c485c9a3e3b6,20260725,1.0,0.9,1
run1,OHLCV+amount,OHLCV+amount_0001,1,99.97599792480469,100.09616088867188,99.93116760253906,100.00682830810547,99.97599792480469,100.09616088867188,99.93116760253906,100.00682830810547,False,True,True,0.0,0.0,0.0,0.0,KronosPredictor,a7d5f37e2e9fbd9891f7d7d4f72574512dd1f704fee14223e0a8cd0fbf54197c,0b30a443affb03e05a876a083857de9164f899feb7b4d261da02c485c9a3e3b6,20260725,1.0,0.9,1
run1,OHLCV+amount,OHLCV+amount_0001,2,100.11833953857422,100.06182098388672,99.96836853027344,100.0042953491211,100.11833953857422,100.11833953857422,99.96836853027344,100.0042953491211,False,True,True,0.0565185546875,0.0,0.0565185546875,0.0005651469568995342,KronosPredictor,a7d5f37e2e9fbd9891f7d7d4f72574512dd1f704fee14223e0a8cd0fbf54197c,0b30a443affb03e05a876a083857de9164f899feb7b4d261da02c485c9a3e3b6,20260725,1.0,0.9,1
run1,OHLCV+amount,OHLCV+amount_0001,3,99.97097778320312,100.00018310546875,99.97811889648438,100.00537872314453,99.97097778320312,100.00537872314453,99.97097778320312,100.00537872314453,False,True,True,0.00519561767578125,0.00714111328125,0.01233673095703125,0.00012335888624548418,KronosPredictor,a7d5f37e2e9fbd9891f7d7d4f72574512dd1f704fee14223e0a8cd0fbf54197c,0b30a443affb03e05a876a083857de9164f899feb7b4d261da02c485c9a3e3b6,20260725,1.0,0.9,1
run1,OHLCV+amount,OHLCV+amount_0001,4,99.95326232910156,100.01099395751953,99.94273376464844,100.00352478027344,99.95326232910156,100.01099395751953,99.94273376464844,100.00352478027344,False,True,True,0.0,0.0,0.0,0.0,KronosPredictor,a7d5f37e2e9fbd9891f7d7d4f72574512dd1f704fee14223e0a8cd0fbf54197c,0b30a443affb03e05a876a083857de9164f899feb7b4d261da02c485c9a3e3b6,20260725,1.0,0.9,1
run1,OHLCV+amount,OHLCV+amount_0001,5,99.9793930053711,100.0288314819336,99.93280029296875,100.0014877319336,99.9793930053711,100.0288314819336,99.93280029296875,100.0014877319336,False,True,True,0.0,0.0,0.0,0.0,KronosPredictor,a7d5f37e2e9fbd9891f7d7d4f72574512dd1f704fee14223e0a8cd0fbf54197c,0b30a443affb03e05a876a083857de9164f899feb7b4d261da02c485c9a3e3b6,20260725,1.0,0.9,1
run1,OHLCV+amount,OHLCV+amount_0002,1,99.78140258789062,100.07625579833984,99.86005401611328,100.00495910644531,99.78140258789062,100.07625579833984,99.78140258789062,100.00495910644531,False,True,True,0.0,0.07865142822265625,0.07865142822265625,0.0007864752800802573,KronosPredictor,a7d5f37e2e9fbd9891f7d7d4f72574512dd1f704fee14223e0a8cd0fbf54197c,0b30a443affb03e05a876a083857de9164f899feb7b4d261da02c485c9a3e3b6,20260725,1.0,0.9,1
run1,OHLCV+amount,OHLCV+amount_0002,2,100.15908813476562,100.1286392211914,99.89944458007812,100.00044250488281,100.15908813476562,100.15908813476562,99.89944458007812,100.00044250488281,False,True,True,0.03044891357421875,0.0,0.03044891357421875,0.0003044740365506166,KronosPredictor,a7d5f37e2e9fbd9891f7d7d4f72574512dd1f704fee14223e0a8cd0fbf54197c,0b30a443affb03e05a876a083857de9164f899feb7b4d261da02c485c9a3e3b6,20260725,1.0,0.9,1
run1,OHLCV+amount,OHLCV+amount_0002,3,99.95135498046875,100.05577850341797,99.92727661132812,100.00325012207031,99.95135498046875,100.05577850341797,99.92727661132812,100.00325012207031,False,True,True,0.0,0.0,0.0,0.0,KronosPredictor,a7d5f37e2e9fbd9891f7d7d4f72574512dd1f704fee14223e0a8cd0fbf54197c,0b30a443affb03e05a876a083857de9164f899feb7b4d261da02c485c9a3e3b6,20260725,1.0,0.9,1
run1,OHLCV+amount,OHLCV+amount_0002,4,100.04837799072266,100.05534362792969,99.99430847167969,100.00255584716797,100.04837799072266,100.05534362792969,99.99430847167969,100.00255584716797,False,True,True,0.0,0.0,0.0,0.0,KronosPredictor,a7d5f37e2e9fbd9891f7d7d4f72574512dd1f704fee14223e0a8cd0fbf54197c,0b30a443affb03e05a876a083857de9164f899feb7b4d261da02c485c9a3e3b6,20260725,1.0,0.9,1
run1,OHLCV+amount,OHLCV+amount_0002,5,99.93434143066406,100.0770263671875,99.92743682861328,100.00447845458984,99.93434143066406,100.0770263671875,99.92743682861328,100.00447845458984,False,True,True,0.0,0.0,0.0,0.0,KronosPredictor,a7d5f37e2e9fbd9891f7d7d4f72574512dd1f704fee14223e0a8cd0fbf54197c,0b30a443affb03e05a876a083857de9164f899feb7b4d261da02c485c9a3e3b6,20260725,1.0,0.9,1
run1,OHLCV+amount,OHLCV+amount_0003,1,100.0726089477539,100.04728698730469,99.94180297851562,99.99604797363281,100.0726089477539,100.0726089477539,99.94180297851562,99.99604797363281,False,True,True,0.02532196044921875,0.0,0.02532196044921875,0.0002532296121932309,KronosPredictor,a7d5f37e2e9fbd9891f7d7d4f72574512dd1f704fee14223e0a8cd0fbf54197c,0b30a443affb03e05a876a083857de9164f899feb7b4d261da02c485c9a3e3b6,20260725,1.0,0.9,1
run1,OHLCV+amount,OHLCV+amount_0003,2,99.96934509277344,99.99364471435547,99.9314956665039,99.99603271484375,99.96934509277344,99.99603271484375,99.9314956665039,99.99603271484375,False,True,True,0.00238800048828125,0.0,0.00238800048828125,2.3880948664200443e-05,KronosPredictor,a7d5f37e2e9fbd9891f7d7d4f72574512dd1f704fee14223e0a8cd0fbf54197c,0b30a443affb03e05a876a083857de9164f899feb7b4d261da02c485c9a3e3b6,20260725,1.0,0.9,1
run1,OHLCV+amount,OHLCV+amount_0003,3,99.82881164550781,99.95086669921875,99.88243865966797,99.99568176269531,99.82881164550781,99.99568176269531,99.82881164550781,99.99568176269531,False,True,True,0.0448150634765625,0.05362701416015625,0.09844207763671875,0.000984459682473413,KronosPredictor,a7d5f37e2e9fbd9891f7d7d4f72574512dd1f704fee14223e0a8cd0fbf54197c,0b30a443affb03e05a876a083857de9164f899feb7b4d261da02c485c9a3e3b6,20260725,1.0,0.9,1
run1,OHLCV+amount,OHLCV+amount_0003,4,99.92843627929688,99.98275756835938,99.92105865478516,99.99614715576172,99.92843627929688,99.99614715576172,99.92105865478516,99.99614715576172,False,True,True,0.01338958740234375,0.0,0.01338958740234375,0.0001339011658328172,KronosPredictor,a7d5f37e2e9fbd9891f7d7d4f72574512dd1f704fee14223e0a8cd0fbf54197c,0b30a443affb03e05a876a083857de9164f899feb7b4d261da02c485c9a3e3b6,20260725,1.0,0.9,1
run1,OHLCV+amount,OHLCV+amount_0003,5,99.89813232421875,99.96290588378906,99.89323425292969,99.99498748779297,99.89813232421875,99.99498748779297,99.89323425292969,99.99498748779297,False,True,True,0.03208160400390625,0.0,0.03208160400390625,0.00032082871927464174,KronosPredictor,a7d5f37e2e9fbd9891f7d7d4f72574512dd1f704fee14223e0a8cd0fbf54197c,0b30a443affb03e05a876a083857de9164f899feb7b4d261da02c485c9a3e3b6,20260725,1.0,0.9,1
run1,OHLCV+amount,OHLCV+amount_0004,1,100.10623168945312,100.04248046875,99.94258880615234,99.99173736572266,100.10623168945312,100.10623168945312,99.94258880615234,99.99173736572266,False,True,True,0.063751220703125,0.0,0.063751220703125,0.0006375648866861176,KronosPredictor,a7d5f37e2e9fbd9891f7d7d4f72574512dd1f704fee14223e0a8cd0fbf54197c,0b30a443affb03e05a876a083857de9164f899feb7b4d261da02c485c9a3e3b6,20260725,1.0,0.9,1
run1,OHLCV+amount,OHLCV+amount_0004,2,99.9706039428711,99.99959564208984,99.94342041015625,99.99303436279297,99.9706039428711,99.99959564208984,99.94342041015625,99.99303436279297,False,True,True,0.0,0.0,0.0,0.0,KronosPredictor,a7d5f37e2e9fbd9891f7d7d4f72574512dd1f704fee14223e0a8cd0fbf54197c,0b30a443affb03e05a876a083857de9164f899feb7b4d261da02c485c9a3e3b6,20260725,1.0,0.9,1
run1,OHLCV+amount,OHLCV+amount_0004,3,99.93217468261719,100.11589050292969,99.91368103027344,99.99217987060547,99.93217468261719,100.11589050292969,99.91368103027344,99.99217987060547,False,True,True,0.0,0.0,0.0,0.0,KronosPredictor,a7d5f37e2e9fbd9891f7d7d4f72574512dd1f704fee14223e0a8cd0fbf54197c,0b30a443affb03e05a876a083857de9164f899feb7b4d261da02c485c9a3e3b6,20260725,1.0,0.9,1
run1,OHLCV+amount,OHLCV+amount_0004,4,100.09632873535156,100.0613784790039,99.9542007446289,99.99372863769531,100.09632873535156,100.09632873535156,99.9542007446289,99.99372863769531,False,True,True,0.03495025634765625,0.0,0.03495025634765625,0.000349531443981463,KronosPredictor,a7d5f37e2e9fbd9891f7d7d4f72574512dd1f704fee14223e0a8cd0fbf54197c,0b30a443affb03e05a876a083857de9164f899feb7b4d261da02c485c9a3e3b6,20260725,1.0,0.9,1
run1,OHLCV+amount,OHLCV+amount_0004,5,100.00509643554688,100.01286315917969,99.95250701904297,99.99356079101562,100.00509643554688,100.01286315917969,99.95250701904297,99.99356079101562,False,True,True,0.0,0.0,0.0,0.0,KronosPredictor,a7d5f37e2e9fbd9891f7d7d4f72574512dd1f704fee14223e0a8cd0fbf54197c,0b30a443affb03e05a876a083857de9164f899feb7b4d261da02c485c9a3e3b6,20260725,1.0,0.9,1
run1,OHLCV+amount,OHLCV+amount_0005,1,99.98956298828125,100.03153228759766,99.95995330810547,100.00543975830078,99.98956298828125,100.03153228759766,99.95995330810547,100.00543975830078,False,True,True,0.0,0.0,0.0,0.0,KronosPredictor,a7d5f37e2e9fbd9891f7d7d4f72574512dd1f704fee14223e0a8cd0fbf54197c,0b30a443affb03e05a876a083857de9164f899feb7b4d261da02c485c9a3e3b6,20260725,1.0,0.9,1
run1,OHLCV+amount,OHLCV+amount_0005,2,99.88490295410156,100.0207290649414,99.90313720703125,100.00560760498047,99.88490295410156,100.0207290649414,99.88490295410156,100.00560760498047,False,True,True,0.0,0.0182342529296875,0.0182342529296875,0.0001823326108435416,KronosPredictor,a7d5f37e2e9fbd9891f7d7d4f72574512dd1f704fee14223e0a8cd0fbf54197c,0b30a443affb03e05a876a083857de9164f899feb7b4d261da02c485c9a3e3b6,20260725,1.0,0.9,1
run1,OHLCV+amount,OHLCV+amount_0005,3,100.04299926757812,100.04912567138672,99.9491958618164,100.00296020507812,100.04299926757812,100.04912567138672,99.9491958618164,100.00296020507812,False,True,True,0.0,0.0,0.0,0.0,KronosPredictor,a7d5f37e2e9fbd9891f7d7d4f72574512dd1f704fee14223e0a8cd0fbf54197c,0b30a443affb03e05a876a083857de9164f899feb7b4d261da02c485c9a3e3b6,20260725,1.0,0.9,1
run1,OHLCV+amount,OHLCV+amount_0005,4,100.01385498046875,100.0616683959961,99.93882751464844,100.00346374511719,100.01385498046875,100.0616683959961,99.93882751464844,100.00346374511719,False,True,True,0.0,0.0,0.0,0.0,KronosPredictor,a7d5f37e2e9fbd9891f7d7d4f72574512dd1f704fee14223e0a8cd0fbf54197c,0b30a443affb03e05a876a083857de9164f899feb7b4d261da02c485c9a3e3b6,20260725,1.0,0.9,1
run1,OHLCV+amount,OHLCV+amount_0005,5,100.17733001708984,100.10318756103516,99.92896270751953,100.00045776367188,100.17733001708984,100.17733001708984,99.92896270751953,100.00045776367188,False,True,True,0.0741424560546875,0.0,0.0741424560546875,0.0007413842310366265,KronosPredictor,a7d5f37e2e9fbd9891f7d7d4f72574512dd1f704fee14223e0a8cd0fbf54197c,0b30a443affb03e05a876a083857de9164f899feb7b4d261da02c485c9a3e3b6,20260725,1.0,0.9,1
run1,OHLCV+amount,OHLCV+amount_0006,1,99.8642349243164,99.9994125366211,99.89067077636719,99.9906005859375,99.8642349243164,99.9994125366211,99.8642349243164,99.9906005859375,False,True,True,0.0,0.02643585205078125,0.02643585205078125,0.00026438337099556476,KronosPredictor,a7d5f37e2e9fbd9891f7d7d4f72574512dd1f704fee14223e0a8cd0fbf54197c,0b30a443affb03e05a876a083857de9164f899feb7b4d261da02c485c9a3e3b6,20260725,1.0,0.9,1
run1,OHLCV+amount,OHLCV+amount_0006,2,99.8875732421875,99.9874496459961,99.87202453613281,99.98786926269531,99.8875732421875,99.98786926269531,99.87202453613281,99.98786926269531,False,True,True,0.00041961669921875,0.0,0.00041961669921875,4.196561444374044e-06,KronosPredictor,a7d5f37e2e9fbd9891f7d7d4f72574512dd1f704fee14223e0a8cd0fbf54197c,0b30a443affb03e05a876a083857de9164f899feb7b4d261da02c485c9a3e3b6,20260725,1.0,0.9,1
run1,OHLCV+amount,OHLCV+amount_0006,3,99.88250732421875,99.97684478759766,99.86854553222656,99.98592376708984,99.88250732421875,99.98592376708984,99.86854553222656,99.98592376708984,False,True,True,0.0090789794921875,0.0,0.0090789794921875,9.079832943282022e-05,KronosPredictor,a7d5f37e2e9fbd9891f7d7d4f72574512dd1f704fee14223e0a8cd0fbf54197c,0b30a443affb03e05a876a083857de9164f899feb7b4d261da02c485c9a3e3b6,20260725,1.0,0.9,1
run1,OHLCV+amount,OHLCV+amount_0006,4,99.97516632080078,100.0538330078125,99.88621520996094,99.98603057861328,99.97516632080078,100.0538330078125,99.88621520996094,99.98603057861328,False,True,True,0.0,0.0,0.0,0.0,KronosPredictor,a7d5f37e2e9fbd9891f7d7d4f72574512dd1f704fee14223e0a8cd0fbf54197c,0b30a443affb03e05a876a083857de9164f899feb7b4d261da02c485c9a3e3b6,20260725,1.0,0.9,1
run1,OHLCV+amount,OHLCV+amount_0006,5,100.01368713378906,100.04894256591797,99.89633178710938,99.98710632324219,100.01368713378906,100.04894256591797,99.89633178710938,99.98710632324219,False,True,True,0.0,0.0,0.0,0.0,KronosPredictor,a7d5f37e2e9fbd9891f7d7d4f72574512dd1f704fee14223e0a8cd0fbf54197c,0b30a443affb03e05a876a083857de9164f899feb7b4d261da02c485c9a3e3b6,20260725,1.0,0.9,1
run1,OHLCV+amount,OHLCV+amount_0007,1,100.17617797851562,100.12037658691406,99.9506607055664,99.99542999267578,100.17617797851562,100.17617797851562,99.9506607055664,99.99542999267578,False,True,True,0.0558013916015625,0.0,0.0558013916015625,0.0005580394184579205,KronosPredictor,a7d5f37e2e9fbd9891f7d7d4f72574512dd1f704fee14223e0a8cd0fbf54197c,0b30a443affb03e05a876a083857de9164f899feb7b4d261da02c485c9a3e3b6,20260725,1.0,0.9,1
run1,OHLCV+amount,OHLCV+amount_0007,2,99.89430236816406,100.05247497558594,99.94036865234375,100.0015869140625,99.89430236816406,100.05247497558594,99.89430236816406,100.0015869140625,False,True,True,0.0,0.0460662841796875,0.0460662841796875,0.00046068389508462185,KronosPredictor,a7d5f37e2e9fbd9891f7d7d4f72574512dd1f704fee14223e0a8cd0fbf54197c,0b30a443affb03e05a876a083857de9164f899feb7b4d261da02c485c9a3e3b6,20260725,1.0,0.9,1
run1,OHLCV+amount,OHLCV+amount_0007,3,100.05048370361328,100.04438781738281,99.97095489501953,99.99833679199219,100.05048370361328,100.05048370361328,99.97095489501953,99.99833679199219,False,True,True,0.00609588623046875,0.0,0.00609588623046875,6.096164825647778e-05,KronosPredictor,a7d5f37e2e9fbd9891f7d7d4f72574512dd1f704fee14223e0a8cd0fbf54197c,0b30a443affb03e05a876a083857de9164f899feb7b4d261da02c485c9a3e3b6,20260725,1.0,0.9,1
run1,OHLCV+amount,OHLCV+amount_0007,4,99.998291015625,100.01548767089844,99.94164276123047,99.99427795410156,99.998291015625,100.01548767089844,99.94164276123047,99.99427795410156,False,True,True,0.0,0.0,0.0,0.0,KronosPredictor,a7d5f37e2e9fbd9891f7d7d4f72574512dd1f704fee14223e0a8cd0fbf54197c,0b30a443affb03e05a876a083857de9164f899feb7b4d261da02c485c9a3e3b6,20260725,1.0,0.9,1
run1,OHLCV+amount,OHLCV+amount_0007,5,99.97296142578125,100.05235290527344,99.93497467041016,99.99525451660156,99.97296142578125,100.05235290527344,99.93497467041016,99.99525451660156,False,True,True,0.0,0.0,0.0,0.0,KronosPredictor,a7d5f37e2e9fbd9891f7d7d4f72574512dd1f704fee14223e0a8cd0fbf54197c,0b30a443affb03e05a876a083857de9164f899feb7b4d261da02c485c9a3e3b6,20260725,1.0,0.9,1
run1,OHLCV+amount,OHLCV+amount_0008,1,100.08241271972656,100.13136291503906,99.99275207519531,100.00672149658203,100.08241271972656,100.13136291503906,99.99275207519531,100.00672149658203,False,True,True,0.0,0.0,0.0,0.0,KronosPredictor,a7d5f37e2e9fbd9891f7d7d4f72574512dd1f704fee14223e0a8cd0fbf54197c,0b30a443affb03e05a876a083857de9164f899feb7b4d261da02c485c9a3e3b6,20260725,1.0,0.9,1
run1,OHLCV+amount,OHLCV+amount_0008,2,100.17800903320312,100.1427993774414,100.044921875,100.01115417480469,100.17800903320312,100.17800903320312,100.01115417480469,100.01115417480469,False,True,True,0.03520965576171875,0.0337677001953125,0.06897735595703125,0.0006897271995801674,KronosPredictor,a7d5f37e2e9fbd9891f7d7d4f72574512dd1f704fee14223e0a8cd0fbf54197c,0b30a443affb03e05a876a083857de9164f899feb7b4d261da02c485c9a3e3b6,20260725,1.0,0.9,1
run1,OHLCV+amount,OHLCV+amount_0008,3,100.14212799072266,100.15728759765625,100.02587890625,100.01045989990234,100.14212799072266,100.15728759765625,100.01045989990234,100.01045989990234,False,True,True,0.0,0.01541900634765625,0.01541900634765625,0.0001541797002932771,KronosPredictor,a7d5f37e2e9fbd9891f7d7d4f72574512dd1f704fee14223e0a8cd0fbf54197c,0b30a443affb03e05a876a083857de9164f899feb7b4d261da02c485c9a3e3b6,20260725,1.0,0.9,1
run1,OHLCV+amount,OHLCV+amount_0008,4,100.00130462646484,100.10344696044922,99.9555892944336,100.009765625,100.00130462646484,100.10344696044922,99.9555892944336,100.009765625,False,True,True,0.0,0.0,0.0,0.0,KronosPredictor,a7d5f37e2e9fbd9891f7d7d4f72574512dd1f704fee14223e0a8cd0fbf54197c,0b30a443affb03e05a876a083857de9164f899feb7b4d261da02c485c9a3e3b6,20260725,1.0,0.9,1
run1,OHLCV+amount,OHLCV+amount_0008,5,100.1159896850586,100.1355209350586,100.01482391357422,100.00968933105469,100.1159896850586,100.1355209350586,100.00968933105469,100.00968933105469,False,True,True,0.0,0.00513458251953125,0.00513458251953125,5.134237421938421e-05,KronosPredictor,a7d5f37e2e9fbd9891f7d7d4f72574512dd1f704fee14223e0a8cd0fbf54197c,0b30a443affb03e05a876a083857de9164f899feb7b4d261da02c485c9a3e3b6,20260725,1.0,0.9,1
run1,OHLCV+amount,OHLCV+amount_0009,1,99.94062805175781,99.981201171875,99.89900970458984,99.98160552978516,99.94062805175781,99.98160552978516,99.89900970458984,99.98160552978516,False,True,True,0.00040435791015625,0.0,0.00040435791015625,4.044323033358263e-06,KronosPredictor,a7d5f37e2e9fbd9891f7d7d4f72574512dd1f704fee14223e0a8cd0fbf54197c,0b30a443affb03e05a876a083857de9164f899feb7b4d261da02c485c9a3e3b6,20260725,1.0,0.9,1
run1,OHLCV+amount,OHLCV+amount_0009,2,99.92333984375,99.97285461425781,99.92032623291016,99.9825668334961,99.92333984375,99.9825668334961,99.92032623291016,99.9825668334961,False,True,True,0.00971221923828125,0.0,0.00971221923828125,9.71400607823598e-05,KronosPredictor,a7d5f37e2e9fbd9891f7d7d4f72574512dd1f704fee14223e0a8cd0fbf54197c,0b30a443affb03e05a876a083857de9164f899feb7b4d261da02c485c9a3e3b6,20260725,1.0,0.9,1
run1,OHLCV+amount,OHLCV+amount_0009,3,99.95185089111328,100.03185272216797,99.89869689941406,99.97976684570312,99.95185089111328,100.03185272216797,99.89869689941406,99.97976684570312,False,True,True,0.0,0.0,0.0,0.0,KronosPredictor,a7d5f37e2e9fbd9891f7d7d4f72574512dd1f704fee14223e0a8cd0fbf54197c,0b30a443affb03e05a876a083857de9164f899feb7b4d261da02c485c9a3e3b6,20260725,1.0,0.9,1
run1,OHLCV+amount,OHLCV+amount_0009,4,99.8858871459961,100.05598449707031,99.84648132324219,99.98161315917969,99.8858871459961,100.05598449707031,99.84648132324219,99.98161315917969,False,True,True,0.0,0.0,0.0,0.0,KronosPredictor,a7d5f37e2e9fbd9891f7d7d4f72574512dd1f704fee14223e0a8cd0fbf54197c,0b30a443affb03e05a876a083857de9164f899feb7b4d261da02c485c9a3e3b6,20260725,1.0,0.9,1
run1,OHLCV+amount,OHLCV+amount_0009,5,99.92922973632812,100.07781219482422,99.8570785522461,99.98124694824219,99.92922973632812,100.07781219482422,99.8570785522461,99.98124694824219,False,True,True,0.0,0.0,0.0,0.0,KronosPredictor,a7d5f37e2e9fbd9891f7d7d4f72574512dd1f704fee14223e0a8cd0fbf54197c,0b30a443affb03e05a876a083857de9164f899feb7b4d261da02c485c9a3e3b6,20260725,1.0,0.9,1
run1,OHLCV+amount,OHLCV+amount_0010,1,100.06825256347656,100.0696029663086,99.959228515625,99.99459838867188,100.06825256347656,100.0696029663086,99.959228515625,99.99459838867188,False,True,True,0.0,0.0,0.0,0.0,KronosPredictor,a7d5f37e2e9fbd9891f7d7d4f72574512dd1f704fee14223e0a8cd0fbf54197c,0b30a443affb03e05a876a083857de9164f899feb7b4d261da02c485c9a3e3b6,20260725,1.0,0.9,1
run1,OHLCV+amount,OHLCV+amount_0010,2,100.1518325805664,100.12893676757812,99.9785385131836,99.99858093261719,100.1518325805664,100.1518325805664,99.9785385131836,99.99858093261719,False,True,True,0.02289581298828125,0.0,0.02289581298828125,0.0002289704979791694,KronosPredictor,a7d5f37e2e9fbd9891f7d7d4f72574512dd1f704fee14223e0a8cd0fbf54197c,0b30a443affb03e05a876a083857de9164f899feb7b4d261da02c485c9a3e3b6,20260725,1.0,0.9,1
run1,OHLCV+amount,OHLCV+amount_0010,3,100.17412567138672,100.11512756347656,99.93937683105469,99.99288177490234,100.17412567138672,100.17412567138672,99.93937683105469,99.99288177490234,False,True,True,0.05899810791015625,0.0,0.05899810791015625,0.0005900129493078697,KronosPredictor,a7d5f37e2e9fbd9891f7d7d4f72574512dd1f704fee14223e0a8cd0fbf54197c,0b30a443affb03e05a876a083857de9164f899feb7b4d261da02c485c9a3e3b6,20260725,1.0,0.9,1
run1,OHLCV+amount,OHLCV+amount_0010,4,99.94751739501953,100.10460662841797,99.88592529296875,100.00096130371094,99.94751739501953,100.10460662841797,99.88592529296875,100.00096130371094,False,True,True,0.0,0.0,0.0,0.0,KronosPredictor,a7d5f37e2e9fbd9891f7d7d4f72574512dd1f704fee14223e0a8cd0fbf54197c,0b30a443affb03e05a876a083857de9164f899feb7b4d261da02c485c9a3e3b6,20260725,1.0,0.9,1
run1,OHLCV+amount,OHLCV+amount_0010,5,99.99076080322266,100.087158203125,99.90081787109375,99.99382781982422,99.99076080322266,100.087158203125,99.90081787109375,99.99382781982422,False,True,True,0.0,0.0,0.0,0.0,KronosPredictor,a7d5f37e2e9fbd9891f7d7d4f72574512dd1f704fee14223e0a8cd0fbf54197c,0b30a443affb03e05a876a083857de9164f899feb7b4d261da02c485c9a3e3b6,20260725,1.0,0.9,1
run1,OHLCV+amount,OHLCV+amount_0011,1,99.99302673339844,100.0496826171875,99.92074584960938,100.00020599365234,99.99302673339844,100.0496826171875,99.92074584960938,100.00020599365234,False,True,True,0.0,0.0,0.0,0.0,KronosPredictor,a7d5f37e2e9fbd9891f7d7d4f72574512dd1f704fee14223e0a8cd0fbf54197c,0b30a443affb03e05a876a083857de9164f899feb7b4d261da02c485c9a3e3b6,20260725,1.0,0.9,1
run1,OHLCV+amount,OHLCV+amount_0011,2,99.90908813476562,100.0435562133789,99.85860443115234,99.99969482421875,99.90908813476562,100.0435562133789,99.85860443115234,99.99969482421875,False,True,True,0.0,0.0,0.0,0.0,KronosPredictor,a7d5f37e2e9fbd9891f7d7d4f72574512dd1f704fee14223e0a8cd0fbf54197c,0b30a443affb03e05a876a083857de9164f899feb7b4d261da02c485c9a3e3b6,20260725,1.0,0.9,1
run1,OHLCV+amount,OHLCV+amount_0011,3,99.93827056884766,100.02021026611328,99.87315368652344,99.9990005493164,99.93827056884766,100.02021026611328,99.87315368652344,99.9990005493164,False,True,True,0.0,0.0,0.0,0.0,KronosPredictor,a7d5f37e2e9fbd9891f7d7d4f72574512dd1f704fee14223e0a8cd0fbf54197c,0b30a443affb03e05a876a083857de9164f899feb7b4d261da02c485c9a3e3b6,20260725,1.0,0.9,1
run1,OHLCV+amount,OHLCV+amount_0011,4,99.93714141845703,99.99456024169922,99.91801452636719,99.99942016601562,99.93714141845703,99.99942016601562,99.91801452636719,99.99942016601562,False,True,True,0.00485992431640625,0.0,0.00485992431640625,4.8599143052912716e-05,KronosPredictor,a7d5f37e2e9fbd9891f7d7d4f72574512dd1f704fee14223e0a8cd0fbf54197c,0b30a443affb03e05a876a083857de9164f899feb7b4d261da02c485c9a3e3b6,20260725,1.0,0.9,1
run1,OHLCV+amount,OHLCV+amount_0011,5,99.9048080444336,99.97730255126953,99.90843963623047,99.99948120117188,99.9048080444336,99.99948120117188,99.9048080444336,99.99948120117188,False,True,True,0.02217864990234375,0.003631591796875,0.02581024169921875,0.0002581018853186872,KronosPredictor,a7d5f37e2e9fbd9891f7d7d4f72574512dd1f704fee14223e0a8cd0fbf54197c,0b30a443affb03e05a876a083857de9164f899feb7b4d261da02c485c9a3e3b6,20260725,1.0,0.9,1
run1,OHLCV+amount,OHLCV+amount_0012,1,100.05158233642578,100.08477020263672,99.9913330078125,100.01969909667969,100.05158233642578,100.08477020263672,99.9913330078125,100.01969909667969,True,True,False,0.0,0.0,0.0,0.0,KronosPredictor,a7d5f37e2e9fbd9891f7d7d4f72574512dd1f704fee14223e0a8cd0fbf54197c,0b30a443affb03e05a876a083857de9164f899feb7b4d261da02c485c9a3e3b6,20260725,1.0,0.9,1
run1,OHLCV+amount,OHLCV+amount_0012,2,99.99547576904297,100.07547760009766,99.98301696777344,100.02164459228516,99.99547576904297,100.07547760009766,99.98301696777344,100.02164459228516,True,True,False,0.0,0.0,0.0,0.0,KronosPredictor,a7d5f37e2e9fbd9891f7d7d4f72574512dd1f704fee14223e0a8cd0fbf54197c,0b30a443affb03e05a876a083857de9164f899feb7b4d261da02c485c9a3e3b6,20260725,1.0,0.9,1
run1,OHLCV+amount,OHLCV+amount_0012,3,100.10311126708984,100.1086196899414,100.01416778564453,100.02053833007812,100.10311126708984,100.1086196899414,100.01416778564453,100.02053833007812,True,True,False,0.0,0.0,0.0,0.0,KronosPredictor,a7d5f37e2e9fbd9891f7d7d4f72574512dd1f704fee14223e0a8cd0fbf54197c,0b30a443affb03e05a876a083857de9164f899feb7b4d261da02c485c9a3e3b6,20260725,1.0,0.9,1
run1,OHLCV+amount,OHLCV+amount_0012,4,100.01848602294922,100.09774780273438,99.9924545288086,100.02316284179688,100.01848602294922,100.09774780273438,99.9924545288086,100.02316284179688,True,True,False,0.0,0.0,0.0,0.0,KronosPredictor,a7d5f37e2e9fbd9891f7d7d4f72574512dd1f704fee14223e0a8cd0fbf54197c,0b30a443affb03e05a876a083857de9164f899feb7b4d261da02c485c9a3e3b6,20260725,1.0,0.9,1
run1,OHLCV+amount,OHLCV+amount_0012,5,100.03346252441406,100.10237884521484,99.99575805664062,100.02355194091797,100.03346252441406,100.10237884521484,99.99575805664062,100.02355194091797,True,True,False,0.0,0.0,0.0,0.0,KronosPredictor,a7d5f37e2e9fbd9891f7d7d4f72574512dd1f704fee14223e0a8cd0fbf54197c,0b30a443affb03e05a876a083857de9164f899feb7b4d261da02c485c9a3e3b6,20260725,1.0,0.9,1
run1,OHLCV+amount,OHLCV+amount_0013,1,99.98065185546875,100.00955200195312,99.95645904541016,99.9952163696289,99.98065185546875,100.00955200195312,99.95645904541016,99.9952163696289,True,True,False,0.0,0.0,0.0,0.0,KronosPredictor,a7d5f37e2e9fbd9891f7d7d4f72574512dd1f704fee14223e0a8cd0fbf54197c,0b30a443affb03e05a876a083857de9164f899feb7b4d261da02c485c9a3e3b6,20260725,1.0,0.9,1
run1,OHLCV+amount,OHLCV+amount_0013,2,99.9999008178711,100.04957580566406,99.94437408447266,99.99441528320312,99.9999008178711,100.04957580566406,99.94437408447266,99.99441528320312,True,True,False,0.0,0.0,0.0,0.0,KronosPredictor,a7d5f37e2e9fbd9891f7d7d4f72574512dd1f704fee14223e0a8cd0fbf54197c,0b30a443affb03e05a876a083857de9164f899feb7b4d261da02c485c9a3e3b6,20260725,1.0,0.9,1
run1,OHLCV+amount,OHLCV+amount_0013,3,99.96924591064453,100.02877807617188,99.95968627929688,99.99795532226562,99.96924591064453,100.02877807617188,99.95968627929688,99.99795532226562,True,True,False,0.0,0.0,0.0,0.0,KronosPredictor,a7d5f37e2e9fbd9891f7d7d4f72574512dd1f704fee14223e0a8cd0fbf54197c,0b30a443affb03e05a876a083857de9164f899feb7b4d261da02c485c9a3e3b6,20260725,1.0,0.9,1
run1,OHLCV+amount,OHLCV+amount_0013,4,99.97657012939453,100.01141357421875,99.96138000488281,99.99675750732422,99.97657012939453,100.01141357421875,99.96138000488281,99.99675750732422,True,True,False,0.0,0.0,0.0,0.0,KronosPredictor,a7d5f37e2e9fbd9891f7d7d4f72574512dd1f704fee14223e0a8cd0fbf54197c,0b30a443affb03e05a876a083857de9164f899feb7b4d261da02c485c9a3e3b6,20260725,1.0,0.9,1
run1,OHLCV+amount,OHLCV+amount_0013,5,100.00790405273438,100.01531219482422,99.9658203125,99.9967269897461,100.00790405273438,100.01531219482422,99.9658203125,99.9967269897461,True,True,False,0.0,0.0,0.0,0.0,KronosPredictor,a7d5f37e2e9fbd9891f7d7d4f72574512dd1f704fee14223e0a8cd0fbf54197c,0b30a443affb03e05a876a083857de9164f899feb7b4d261da02c485c9a3e3b6,20260725,1.0,0.9,1
run1,OHLCV+amount,OHLCV+amount_0014,1,100.13621520996094,100.12799072265625,99.966552734375,100.00480651855469,100.13621520996094,100.13621520996094,99.966552734375,100.00480651855469,False,True,True,0.0082244873046875,0.0,0.0082244873046875,8.22409201217898e-05,KronosPredictor,a7d5f37e2e9fbd9891f7d7d4f72574512dd1f704fee14223e0a8cd0fbf54197c,0b30a443affb03e05a876a083857de9164f899feb7b4d261da02c485c9a3e3b6,20260725,1.0,0.9,1
run1,OHLCV+amount,OHLCV+amount_0014,2,100.08479309082031,100.11627197265625,99.98957061767578,100.01731872558594,100.08479309082031,100.11627197265625,99.98957061767578,100.01731872558594,False,True,True,0.0,0.0,0.0,0.0,KronosPredictor,a7d5f37e2e9fbd9891f7d7d4f72574512dd1f704fee14223e0a8cd0fbf54197c,0b30a443affb03e05a876a083857de9164f899feb7b4d261da02c485c9a3e3b6,20260725,1.0,0.9,1
run1,OHLCV+amount,OHLCV+amount_0014,3,100.07576751708984,100.11099243164062,99.98685455322266,100.01773834228516,100.07576751708984,100.11099243164062,99.98685455322266,100.01773834228516,False,True,True,0.0,0.0,0.0,0.0,KronosPredictor,a7d5f37e2e9fbd9891f7d7d4f72574512dd1f704fee14223e0a8cd0fbf54197c,0b30a443affb03e05a876a083857de9164f899feb7b4d261da02c485c9a3e3b6,20260725,1.0,0.9,1
run1,OHLCV+amount,OHLCV+amount_0014,4,100.07759094238281,100.08628845214844,100.00163269042969,100.01248931884766,100.07759094238281,100.08628845214844,100.00163269042969,100.01248931884766,False,True,True,0.0,0.0,0.0,0.0,KronosPredictor,a7d5f37e2e9fbd9891f7d7d4f72574512dd1f704fee14223e0a8cd0fbf54197c,0b30a443affb03e05a876a083857de9164f899feb7b4d261da02c485c9a3e3b6,20260725,1.0,0.9,1
run1,OHLCV+amount,OHLCV+amount_0014,5,100.1111068725586,100.0905990600586,99.99887084960938,100.00940704345703,100.1111068725586,100.1111068725586,99.99887084960938,100.00940704345703,False,True,True,0.0205078125,0.0,0.0205078125,0.0002050682683556317,KronosPredictor,a7d5f37e2e9fbd9891f7d7d4f72574512dd1f704fee14223e0a8cd0fbf54197c,0b30a443affb03e05a876a083857de9164f899feb7b4d261da02c485c9a3e3b6,20260725,1.0,0.9,1
run1,OHLCV+amount,OHLCV+amount_0015,1,99.8134765625,99.98271179199219,99.86441040039062,99.98358917236328,99.8134765625,99.98358917236328,99.8134765625,99.98358917236328,False,True,True,0.00087738037109375,0.050933837890625,0.05181121826171875,0.0005181972230702838,KronosPredictor,a7d5f37e2e9fbd9891f7d7d4f72574512dd1f704fee14223e0a8cd0fbf54197c,0b30a443affb03e05a876a083857de9164f899feb7b4d261da02c485c9a3e3b6,20260725,1.0,0.9,1
run1,OHLCV+amount,OHLCV+amount_0015,2,99.93202209472656,99.99392700195312,99.90573120117188,99.98313903808594,99.93202209472656,99.99392700195312,99.90573120117188,99.98313903808594,False,True,True,0.0,0.0,0.0,0.0,KronosPredictor,a7d5f37e2e9fbd9891f7d7d4f72574512dd1f704fee14223e0a8cd0fbf54197c,0b30a443affb03e05a876a083857de9164f899feb7b4d261da02c485c9a3e3b6,20260725,1.0,0.9,1
run1,OHLCV+amount,OHLCV+amount_0015,3,99.89679718017578,99.99308013916016,99.90331268310547,99.98280334472656,99.89679718017578,99.99308013916016,99.89679718017578,99.98280334472656,False,True,True,0.0,0.0065155029296875,0.0065155029296875,6.516572353144197e-05,KronosPredictor,a7d5f37e2e9fbd9891f7d7d4f72574512dd1f704fee14223e0a8cd0fbf54197c,0b30a443affb03e05a876a083857de9164f899feb7b4d261da02c485c9a3e3b6,20260725,1.0,0.9,1
run1,OHLCV+amount,OHLCV+amount_0015,4,99.9352798461914,99.98468780517578,99.91094970703125,99.98092651367188,99.9352798461914,99.98468780517578,99.91094970703125,99.98092651367188,False,True,True,0.0,0.0,0.0,0.0,KronosPredictor,a7d5f37e2e9fbd9891f7d7d4f72574512dd1f704fee14223e0a8cd0fbf54197c,0b30a443affb03e05a876a083857de9164f899feb7b4d261da02c485c9a3e3b6,20260725,1.0,0.9,1
run1,OHLCV+amount,OHLCV+amount_0015,5,99.88755798339844,99.97077941894531,99.89738464355469,99.98088073730469,99.88755798339844,99.98088073730469,99.88755798339844,99.98088073730469,False,True,True,0.010101318359375,0.00982666015625,0.019927978515625,0.0001993124939860965,KronosPredictor,a7d5f37e2e9fbd9891f7d7d4f72574512dd1f704fee14223e0a8cd0fbf54197c,0b30a443affb03e05a876a083857de9164f899feb7b4d261da02c485c9a3e3b6,20260725,1.0,0.9,1
run1,OHLCV+amount,OHLCV+amount_0016,1,99.94261932373047,100.08612060546875,99.9400405883789,100.01089477539062,99.94261932373047,100.08612060546875,99.9400405883789,100.01089477539062,False,True,True,0.0,0.0,0.0,0.0,KronosPredictor,a7d5f37e2e9fbd9891f7d7d4f72574512dd1f704fee14223e0a8cd0fbf54197c,0b30a443affb03e05a876a083857de9164f899feb7b4d261da02c485c9a3e3b6,20260725,1.0,0.9,1
run1,OHLCV+amount,OHLCV+amount_0016,2,100.01951599121094,100.07803344726562,99.99405670166016,100.01068115234375,100.01951599121094,100.07803344726562,99.99405670166016,100.01068115234375,False,True,True,0.0,0.0,0.0,0.0,KronosPredictor,a7d5f37e2e9fbd9891f7d7d4f72574512dd1f704fee14223e0a8cd0fbf54197c,0b30a443affb03e05a876a083857de9164f899feb7b4d261da02c485c9a3e3b6,20260725,1.0,0.9,1
run1,OHLCV+amount,OHLCV+amount_0016,3,100.0670394897461,100.0715560913086,100.01329803466797,100.00983428955078,100.0670394897461,100.0715560913086,100.00983428955078,100.00983428955078,False,True,True,0.0,0.0034637451171875,0.0034637451171875,3.4633677910457145e-05,KronosPredictor,a7d5f37e2e9fbd9891f7d7d4f72574512dd1f704fee14223e0a8cd0fbf54197c,0b30a443affb03e05a876a083857de9164f899feb7b4d261da02c485c9a3e3b6,20260725,1.0,0.9,1
run1,OHLCV+amount,OHLCV+amount_0016,4,99.97007751464844,100.06902313232422,99.9730453491211,100.01119232177734,99.97007751464844,100.06902313232422,99.97007751464844,100.01119232177734,False,True,True,0.0,0.00296783447265625,0.00296783447265625,2.967511168979698e-05,KronosPredictor,a7d5f37e2e9fbd9891f7d7d4f72574512dd1f704fee14223e0a8cd0fbf54197c,0b30a443affb03e05a876a083857de9164f899feb7b4d261da02c485c9a3e3b6,20260725,1.0,0.9,1
run1,OHLCV+amount,OHLCV+amount_0016,5,99.98350524902344,100.0362319946289,99.96619415283203,100.00782775878906,99.98350524902344,100.0362319946289,99.96619415283203,100.00782775878906,False,True,True,0.0,0.0,0.0,0.0,KronosPredictor,a7d5f37e2e9fbd9891f7d7d4f72574512dd1f704fee14223e0a8cd0fbf54197c,0b30a443affb03e05a876a083857de9164f899feb7b4d261da02c485c9a3e3b6,20260725,1.0,0.9,1
run1,OHLCV+amount,OHLCV+amount_0017,1,99.95280456542969,99.99395751953125,99.94209289550781,99.99444580078125,99.95280456542969,99.99444580078125,99.94209289550781,99.99444580078125,False,True,True,0.00048828125,0.0,0.00048828125,4.883083716197616e-06,KronosPredictor,a7d5f37e2e9fbd9891f7d7d4f72574512dd1f704fee14223e0a8cd0fbf54197c,0b30a443affb03e05a876a083857de9164f899feb7b4d261da02c485c9a3e3b6,20260725,1.0,0.9,1
run1,OHLCV+amount,OHLCV+amount_0017,2,99.8691635131836,100.07294464111328,99.89878845214844,99.99778747558594,99.8691635131836,100.07294464111328,99.8691635131836,99.99778747558594,False,True,True,0.0,0.02962493896484375,0.02962493896484375,0.0002962658448436772,KronosPredictor,a7d5f37e2e9fbd9891f7d7d4f72574512dd1f704fee14223e0a8cd0fbf54197c,0b30a443affb03e05a876a083857de9164f899feb7b4d261da02c485c9a3e3b6,20260725,1.0,0.9,1
run1,OHLCV+amount,OHLCV+amount_0017,3,100.06891632080078,100.07058715820312,99.94168090820312,99.99403381347656,100.06891632080078,100.07058715820312,99.94168090820312,99.99403381347656,False,True,True,0.0,0.0,0.0,0.0,KronosPredictor,a7d5f37e2e9fbd9891f7d7d4f72574512dd1f704fee14223e0a8cd0fbf54197c,0b30a443affb03e05a876a083857de9164f899feb7b4d261da02c485c9a3e3b6,20260725,1.0,0.9,1
run1,OHLCV+amount,OHLCV+amount_0017,4,100.004150390625,100.02969360351562,99.95903015136719,99.99546813964844,100.004150390625,100.02969360351562,99.95903015136719,99.99546813964844,False,True,True,0.0,0.0,0.0,0.0,KronosPredictor,a7d5f37e2e9fbd9891f7d7d4f72574512dd1f704fee14223e0a8cd0fbf54197c,0b30a443affb03e05a876a083857de9164f899feb7b4d261da02c485c9a3e3b6,20260725,1.0,0.9,1
run1,OHLCV+amount,OHLCV+amount_0017,5,99.9660415649414,100.01351165771484,99.92503356933594,99.9943618774414,99.9660415649414,100.01351165771484,99.92503356933594,99.9943618774414,False,True,True,0.0,0.0,0.0,0.0,KronosPredictor,a7d5f37e2e9fbd9891f7d7d4f72574512dd1f704fee14223e0a8cd0fbf54197c,0b30a443affb03e05a876a083857de9164f899feb7b4d261da02c485c9a3e3b6,20260725,1.0,0.9,1
run1,OHLCV+amount,OHLCV+amount_0018,1,100.09071350097656,100.08037567138672,99.96271514892578,99.99369812011719,100.09071350097656,100.09071350097656,99.96271514892578,99.99369812011719,False,True,True,0.01033782958984375,0.0,0.01033782958984375,0.00010338481108504915,KronosPredictor,a7d5f37e2e9fbd9891f7d7d4f72574512dd1f704fee14223e0a8cd0fbf54197c,0b30a443affb03e05a876a083857de9164f899feb7b4d261da02c485c9a3e3b6,20260725,1.0,0.9,1
run1,OHLCV+amount,OHLCV+amount_0018,2,100.07169342041016,100.17122650146484,99.95384216308594,99.99373626708984,100.07169342041016,100.17122650146484,99.95384216308594,99.99373626708984,False,True,True,0.0,0.0,0.0,0.0,KronosPredictor,a7d5f37e2e9fbd9891f7d7d4f72574512dd1f704fee14223e0a8cd0fbf54197c,0b30a443affb03e05a876a083857de9164f899feb7b4d261da02c485c9a3e3b6,20260725,1.0,0.9,1
run1,OHLCV+amount,OHLCV+amount_0018,3,100.0479965209961,100.08336639404297,99.97041320800781,99.99484252929688,100.0479965209961,100.08336639404297,99.97041320800781,99.99484252929688,False,True,True,0.0,0.0,0.0,0.0,KronosPredictor,a7d5f37e2e9fbd9891f7d7d4f72574512dd1f704fee14223e0a8cd0fbf54197c,0b30a443affb03e05a876a083857de9164f899feb7b4d261da02c485c9a3e3b6,20260725,1.0,0.9,1
run1,OHLCV+amount,OHLCV+amount_0018,4,100.0047836303711,100.05196380615234,99.9596939086914,99.99504852294922,100.0047836303711,100.05196380615234,99.9596939086914,99.99504852294922,False,True,True,0.0,0.0,0.0,0.0,KronosPredictor,a7d5f37e2e9fbd9891f7d7d4f72574512dd1f704fee14223e0a8cd0fbf54197c,0b30a443affb03e05a876a083857de9164f899feb7b4d261da02c485c9a3e3b6,20260725,1.0,0.9,1
run1,OHLCV+amount,OHLCV+amount_0018,5,99.96477508544922,99.99852752685547,99.9464111328125,99.9918212890625,99.96477508544922,99.99852752685547,99.9464111328125,99.9918212890625,False,True,True,0.0,0.0,0.0,0.0,KronosPredictor,a7d5f37e2e9fbd9891f7d7d4f72574512dd1f704fee14223e0a8cd0fbf54197c,0b30a443affb03e05a876a083857de9164f899feb7b4d261da02c485c9a3e3b6,20260725,1.0,0.9,1
run1,OHLCV+amount,OHLCV+amount_0019,1,99.99612426757812,100.0478286743164,99.95427703857422,100.00865173339844,99.99612426757812,100.0478286743164,99.95427703857422,100.00865173339844,False,True,True,0.0,0.0,0.0,0.0,KronosPredictor,a7d5f37e2e9fbd9891f7d7d4f72574512dd1f704fee14223e0a8cd0fbf54197c,0b30a443affb03e05a876a083857de9164f899feb7b4d261da02c485c9a3e3b6,20260725,1.0,0.9,1
run1,OHLCV+amount,OHLCV+amount_0019,2,100.05317687988281,100.13561248779297,99.9317626953125,100.00760650634766,100.05317687988281,100.13561248779297,99.9317626953125,100.00760650634766,False,True,True,0.0,0.0,0.0,0.0,KronosPredictor,a7d5f37e2e9fbd9891f7d7d4f72574512dd1f704fee14223e0a8cd0fbf54197c,0b30a443affb03e05a876a083857de9164f899feb7b4d261da02c485c9a3e3b6,20260725,1.0,0.9,1
run1,OHLCV+amount,OHLCV+amount_0019,3,99.99874877929688,100.038330078125,99.9683609008789,100.00794982910156,99.99874877929688,100.038330078125,99.9683609008789,100.00794982910156,False,True,True,0.0,0.0,0.0,0.0,KronosPredictor,a7d5f37e2e9fbd9891f7d7d4f72574512dd1f704fee14223e0a8cd0fbf54197c,0b30a443affb03e05a876a083857de9164f899feb7b4d261da02c485c9a3e3b6,20260725,1.0,0.9,1
run1,OHLCV+amount,OHLCV+amount_0019,4,99.9260025024414,100.068603515625,99.93624877929688,100.01387023925781,99.9260025024414,100.068603515625,99.9260025024414,100.01387023925781,False,True,True,0.0,0.01024627685546875,0.01024627685546875,0.00010245390451601248,KronosPredictor,a7d5f37e2e9fbd9891f7d7d4f72574512dd1f704fee14223e0a8cd0fbf54197c,0b30a443affb03e05a876a083857de9164f899feb7b4d261da02c485c9a3e3b6,20260725,1.0,0.9,1
run1,OHLCV+amount,OHLCV+amount_0019,5,100.18008422851562,100.09908294677734,99.98603057861328,100.00827026367188,100.18008422851562,100.18008422851562,99.98603057861328,100.00827026367188,False,True,True,0.08100128173828125,0.0,0.08100128173828125,0.0008099427432959825,KronosPredictor,a7d5f37e2e9fbd9891f7d7d4f72574512dd1f704fee14223e0a8cd0fbf54197c,0b30a443affb03e05a876a083857de9164f899feb7b4d261da02c485c9a3e3b6,20260725,1.0,0.9,1
run1,OHLCV+amount,OHLCV+amount_0020,1,99.91999816894531,99.95991516113281,99.87646484375,99.99150848388672,99.91999816894531,99.99150848388672,99.87646484375,99.99150848388672,False,True,True,0.03159332275390625,0.0,0.03159332275390625,0.00031596005733824294,KronosPredictor,a7d5f37e2e9fbd9891f7d7d4f72574512dd1f704fee14223e0a8cd0fbf54197c,0b30a443affb03e05a876a083857de9164f899feb7b4d261da02c485c9a3e3b6,20260725,1.0,0.9,1
run1,OHLCV+amount,OHLCV+amount_0020,2,100.0639877319336,100.00666809082031,99.90837860107422,99.99330139160156,100.0639877319336,100.0639877319336,99.90837860107422,99.99330139160156,False,True,True,0.05731964111328125,0.0,0.05731964111328125,0.0005732450883318568,KronosPredictor,a7d5f37e2e9fbd9891f7d7d4f72574512dd1f704fee14223e0a8cd0fbf54197c,0b30a443affb03e05a876a083857de9164f899feb7b4d261da02c485c9a3e3b6,20260725,1.0,0.9,1
run1,OHLCV+amount,OHLCV+amount_0020,3,99.95970916748047,100.10423278808594,99.91677856445312,99.99974822998047,99.95970916748047,100.10423278808594,99.91677856445312,99.99974822998047,False,True,True,0.0,0.0,0.0,0.0,KronosPredictor,a7d5f37e2e9fbd9891f7d7d4f72574512dd1f704fee14223e0a8cd0fbf54197c,0b30a443affb03e05a876a083857de9164f899feb7b4d261da02c485c9a3e3b6,20260725,1.0,0.9,1
run1,OHLCV+amount,OHLCV+amount_0020,4,99.96894836425781,99.99292755126953,99.9304428100586,99.99523162841797,99.96894836425781,99.99523162841797,99.9304428100586,99.99523162841797,False,True,True,0.0023040771484375,0.0,0.0023040771484375,2.304272816134976e-05,KronosPredictor,a7d5f37e2e9fbd9891f7d7d4f72574512dd1f704fee14223e0a8cd0fbf54197c,0b30a443affb03e05a876a083857de9164f899feb7b4d261da02c485c9a3e3b6,20260725,1.0,0.9,1
run1,OHLCV+amount,OHLCV+amount_0020,5,100.02308654785156,100.03107452392578,99.97140502929688,99.99840545654297,100.02308654785156,100.03107452392578,99.97140502929688,99.99840545654297,False,True,True,0.0,0.0,0.0,0.0,KronosPredictor,a7d5f37e2e9fbd9891f7d7d4f72574512dd1f704fee14223e0a8cd0fbf54197c,0b30a443affb03e05a876a083857de9164f899feb7b4d261da02c485c9a3e3b6,20260725,1.0,0.9,1
run1,OHLCV+amount,OHLCV+amount_0021,1,100.0318374633789,100.03433990478516,99.93785858154297,99.98812103271484,100.0318374633789,100.03433990478516,99.93785858154297,99.98812103271484,False,True,True,0.0,0.0,0.0,0.0,KronosPredictor,a7d5f37e2e9fbd9891f7d7d4f72574512dd1f704fee14223e0a8cd0fbf54197c,0b30a443affb03e05a876a083857de9164f899feb7b4d261da02c485c9a3e3b6,20260725,1.0,0.9,1
run1,OHLCV+amount,OHLCV+amount_0021,2,99.91411590576172,99.9792709350586,99.92141723632812,99.98713684082031,99.91411590576172,99.98713684082031,99.91411590576172,99.98713684082031,False,True,True,0.00786590576171875,0.00730133056640625,0.015167236328125,0.00015169038253216573,KronosPredictor,a7d5f37e2e9fbd9891f7d7d4f72574512dd1f704fee14223e0a8cd0fbf54197c,0b30a443affb03e05a876a083857de9164f899feb7b4d261da02c485c9a3e3b6,20260725,1.0,0.9,1
run1,OHLCV+amount,OHLCV+amount_0021,3,99.88093566894531,99.97412872314453,99.89971160888672,99.987060546875,99.88093566894531,99.987060546875,99.88093566894531,99.987060546875,False,True,True,0.01293182373046875,0.01877593994140625,0.031707763671875,0.00031711530674229414,KronosPredictor,a7d5f37e2e9fbd9891f7d7d4f72574512dd1f704fee14223e0a8cd0fbf54197c,0b30a443affb03e05a876a083857de9164f899feb7b4d261da02c485c9a3e3b6,20260725,1.0,0.9,1
run1,OHLCV+amount,OHLCV+amount_0021,4,99.91497039794922,99.97376251220703,99.90985107421875,99.98553466796875,99.91497039794922,99.98553466796875,99.90985107421875,99.98553466796875,False,True,True,0.01177215576171875,0.0,0.01177215576171875,0.00011773554338386907,KronosPredictor,a7d5f37e2e9fbd9891f7d7d4f72574512dd1f704fee14223e0a8cd0fbf54197c,0b30a443affb03e05a876a083857de9164f899feb7b4d261da02c485c9a3e3b6,20260725,1.0,0.9,1
run1,OHLCV+amount,OHLCV+amount_0021,5,99.98975372314453,100.0054702758789,99.91506958007812,99.98518371582031,99.98975372314453,100.0054702758789,99.91506958007812,99.98518371582031,False,True,True,0.0,0.0,0.0,0.0,KronosPredictor,a7d5f37e2e9fbd9891f7d7d4f72574512dd1f704fee14223e0a8cd0fbf54197c,0b30a443affb03e05a876a083857de9164f899feb7b4d261da02c485c9a3e3b6,20260725,1.0,0.9,1
run1,OHLCV+amount,OHLCV+amount_0022,1,100.0787353515625,100.05741882324219,99.94776153564453,99.99887084960938,100.0787353515625,100.0787353515625,99.94776153564453,99.99887084960938,False,True,True,0.0213165283203125,0.0,0.0213165283203125,0.00021316769018693142,KronosPredictor,a7d5f37e2e9fbd9891f7d7d4f72574512dd1f704fee14223e0a8cd0fbf54197c,0b30a443affb03e05a876a083857de9164f899feb7b4d261da02c485c9a3e3b6,20260725,1.0,0.9,1
run1,OHLCV+amount,OHLCV+amount_0022,2,99.96588897705078,100.03470611572266,99.9463119506836,100.0013427734375,99.96588897705078,100.03470611572266,99.9463119506836,100.0013427734375,False,True,True,0.0,0.0,0.0,0.0,KronosPredictor,a7d5f37e2e9fbd9891f7d7d4f72574512dd1f704fee14223e0a8cd0fbf54197c,0b30a443affb03e05a876a083857de9164f899feb7b4d261da02c485c9a3e3b6,20260725,1.0,0.9,1
run1,OHLCV+amount,OHLCV+amount_0022,3,99.97657775878906,100.04719543457031,99.96148681640625,100.0041732788086,99.97657775878906,100.04719543457031,99.96148681640625,100.0041732788086,False,True,True,0.0,0.0,0.0,0.0,KronosPredictor,a7d5f37e2e9fbd9891f7d7d4f72574512dd1f704fee14223e0a8cd0fbf54197c,0b30a443affb03e05a876a083857de9164f899feb7b4d261da02c485c9a3e3b6,20260725,1.0,0.9,1
run1,OHLCV+amount,OHLCV+amount_0022,4,100.05377960205078,100.00889587402344,99.96480560302734,99.99913787841797,100.05377960205078,100.05377960205078,99.96480560302734,99.99913787841797,False,True,True,0.04488372802734375,0.0,0.04488372802734375,0.0004488423483785675,KronosPredictor,a7d5f37e2e9fbd9891f7d7d4f72574512dd1f704fee14223e0a8cd0fbf54197c,0b30a443affb03e05a876a083857de9164f899feb7b4d261da02c485c9a3e3b6,20260725,1.0,0.9,1
run1,OHLCV+amount,OHLCV+amount_0022,5,99.96123504638672,100.00664520263672,99.95494079589844,100.00122833251953,99.96123504638672,100.00664520263672,99.95494079589844,100.00122833251953,False,True,True,0.0,0.0,0.0,0.0,KronosPredictor,a7d5f37e2e9fbd9891f7d7d4f72574512dd1f704fee14223e0a8cd0fbf54197c,0b30a443affb03e05a876a083857de9164f899feb7b4d261da02c485c9a3e3b6,20260725,1.0,0.9,1
run1,OHLCV+amount,OHLCV+amount_0023,1,99.93758392333984,100.15853881835938,99.85926055908203,99.9975814819336,99.93758392333984,100.15853881835938,99.85926055908203,99.9975814819336,False,True,True,0.0,0.0,0.0,0.0,KronosPredictor,a7d5f37e2e9fbd9891f7d7d4f72574512dd1f704fee14223e0a8cd0fbf54197c,0b30a443affb03e05a876a083857de9164f899feb7b4d261da02c485c9a3e3b6,20260725,1.0,0.9,1
run1,OHLCV+amount,OHLCV+amount_0023,2,100.12793731689453,100.18706512451172,99.81661987304688,99.9959945678711,100.12793731689453,100.18706512451172,99.81661987304688,99.9959945678711,False,True,True,0.0,0.0,0.0,0.0,KronosPredictor,a7d5f37e2e9fbd9891f7d7d4f72574512dd1f704fee14223e0a8cd0fbf54197c,0b30a443affb03e05a876a083857de9164f899feb7b4d261da02c485c9a3e3b6,20260725,1.0,0.9,1
run1,OHLCV+amount,OHLCV+amount_0023,3,99.9356689453125,100.0864028930664,99.86763763427734,99.99720764160156,99.9356689453125,100.0864028930664,99.86763763427734,99.99720764160156,False,True,True,0.0,0.0,0.0,0.0,KronosPredictor,a7d5f37e2e9fbd9891f7d7d4f72574512dd1f704fee14223e0a8cd0fbf54197c,0b30a443affb03e05a876a083857de9164f899feb7b4d261da02c485c9a3e3b6,20260725,1.0,0.9,1
run1,OHLCV+amount,OHLCV+amount_0023,4,99.98309326171875,100.02938079833984,99.9488296508789,99.99858856201172,99.98309326171875,100.02938079833984,99.9488296508789,99.99858856201172,False,True,True,0.0,0.0,0.0,0.0,KronosPredictor,a7d5f37e2e9fbd9891f7d7d4f72574512dd1f704fee14223e0a8cd0fbf54197c,0b30a443affb03e05a876a083857de9164f899feb7b4d261da02c485c9a3e3b6,20260725,1.0,0.9,1
run1,OHLCV+amount,OHLCV+amount_0023,5,99.94295501708984,99.97512817382812,99.94448852539062,99.99736022949219,99.94295501708984,99.99736022949219,99.94295501708984,99.99736022949219,False,True,True,0.0222320556640625,0.00153350830078125,0.02376556396484375,0.00023766138753203184,KronosPredictor,a7d5f37e2e9fbd9891f7d7d4f72574512dd1f704fee14223e0a8cd0fbf54197c,0b30a443affb03e05a876a083857de9164f899feb7b4d261da02c485c9a3e3b6,20260725,1.0,0.9,1
run1,OHLCV+amount,OHLCV+amount_0024,1,100.10417938232422,100.13370513916016,100.01568603515625,100.01278686523438,100.10417938232422,100.13370513916016,100.01278686523438,100.01278686523438,False,True,True,0.0,0.002899169921875,0.002899169921875,2.898799256320679e-05,KronosPredictor,a7d5f37e2e9fbd9891f7d7d4f72574512dd1f704fee14223e0a8cd0fbf54197c,0b30a443affb03e05a876a083857de9164f899feb7b4d261da02c485c9a3e3b6,20260725,1.0,0.9,1
run1,OHLCV+amount,OHLCV+amount_0024,2,99.98756408691406,100.08441162109375,99.96083068847656,100.01022338867188,99.98756408691406,100.08441162109375,99.96083068847656,100.01022338867188,False,True,True,0.0,0.0,0.0,0.0,KronosPredictor,a7d5f37e2e9fbd9891f7d7d4f72574512dd1f704fee14223e0a8cd0fbf54197c,0b30a443affb03e05a876a083857de9164f899feb7b4d261da02c485c9a3e3b6,20260725,1.0,0.9,1
run1,OHLCV+amount,OHLCV+amount_0024,3,99.99170684814453,100.06669616699219,99.969970703125,100.00839233398438,99.99170684814453,100.06669616699219,99.969970703125,100.00839233398438,False,True,True,0.0,0.0,0.0,0.0,KronosPredictor,a7d5f37e2e9fbd9891f7d7d4f72574512dd1f704fee14223e0a8cd0fbf54197c,0b30a443affb03e05a876a083857de9164f899feb7b4d261da02c485c9a3e3b6,20260725,1.0,0.9,1
run1,OHLCV+amount,OHLCV+amount_0024,4,99.88810729980469,100.087890625,99.92797088623047,100.01068115234375,99.88810729980469,100.087890625,99.88810729980469,100.01068115234375,False,True,True,0.0,0.03986358642578125,0.03986358642578125,0.00039858489774409337,KronosPredictor,a7d5f37e2e9fbd9891f7d7d4f72574512dd1f704fee14223e0a8cd0fbf54197c,0b30a443affb03e05a876a083857de9164f899feb7b4d261da02c485c9a3e3b6,20260725,1.0,0.9,1
run1,OHLCV+amount,OHLCV+amount_0024,5,100.00774383544922,100.09744262695312,99.97544860839844,100.01363372802734,100.00774383544922,100.09744262695312,99.97544860839844,100.01363372802734,False,True,True,0.0,0.0,0.0,0.0,KronosPredictor,a7d5f37e2e9fbd9891f7d7d4f72574512dd1f704fee14223e0a8cd0fbf54197c,0b30a443affb03e05a876a083857de9164f899feb7b4d261da02c485c9a3e3b6,20260725,1.0,0.9,1
run1,OHLCV+amount,OHLCV+amount_0025,1,99.93604278564453,99.99402618408203,99.9327621459961,99.99584197998047,99.93604278564453,99.99584197998047,99.9327621459961,99.99584197998047,False,True,True,0.0018157958984375,0.0,0.0018157958984375,1.8158714027339545e-05,KronosPredictor,a7d5f37e2e9fbd9891f7d7d4f72574512dd1f704fee14223e0a8cd0fbf54197c,0b30a443affb03e05a876a083857de9164f899feb7b4d261da02c485c9a3e3b6,20260725,1.0,0.9,1
run1,OHLCV+amount,OHLCV+amount_0025,2,99.93875885009766,100.0392837524414,99.88906860351562,99.99427032470703,99.93875885009766,100.0392837524414,99.88906860351562,99.99427032470703,False,True,True,0.0,0.0,0.0,0.0,KronosPredictor,a7d5f37e2e9fbd9891f7d7d4f72574512dd1f704fee14223e0a8cd0fbf54197c,0b30a443affb03e05a876a083857de9164f899feb7b4d261da02c485c9a3e3b6,20260725,1.0,0.9,1
run1,OHLCV+amount,OHLCV+amount_0025,3,99.91545867919922,99.9717788696289,99.92485046386719,99.99419403076172,99.91545867919922,99.99419403076172,99.91545867919922,99.99419403076172,False,True,True,0.0224151611328125,0.00939178466796875,0.03180694580078125,0.0003180826839494898,KronosPredictor,a7d5f37e2e9fbd9891f7d7d4f72574512dd1f704fee14223e0a8cd0fbf54197c,0b30a443affb03e05a876a083857de9164f899feb7b4d261da02c485c9a3e3b6,20260725,1.0,0.9,1
run1,OHLCV+amount,OHLCV+amount_0025,4,99.94276428222656,99.98357391357422,99.93470001220703,99.9945297241211,99.94276428222656,99.9945297241211,99.93470001220703,99.9945297241211,False,True,True,0.010955810546875,0.0,0.010955810546875,0.00010956266110613272,KronosPredictor,a7d5f37e2e9fbd9891f7d7d4f72574512dd1f704fee14223e0a8cd0fbf54197c,0b30a443affb03e05a876a083857de9164f899feb7b4d261da02c485c9a3e3b6,20260725,1.0,0.9,1
run1,OHLCV+amount,OHLCV+amount_0025,5,99.94605255126953,99.99465942382812,99.93719482421875,99.99598693847656,99.94605255126953,99.99598693847656,99.93719482421875,99.99598693847656,False,True,True,0.0013275146484375,0.0,0.0013275146484375,1.327569849057597e-05,KronosPredictor,a7d5f37e2e9fbd9891f7d7d4f72574512dd1f704fee14223e0a8cd0fbf54197c,0b30a443affb03e05a876a083857de9164f899feb7b4d261da02c485c9a3e3b6,20260725,1.0,0.9,1
run1,OHLCV+amount,OHLCV+amount_0026,1,100.0434341430664,100.12091827392578,99.9574966430664,99.99595642089844,100.0434341430664,100.12091827392578,99.9574966430664,99.99595642089844,False,True,True,0.0,0.0,0.0,0.0,KronosPredictor,a7d5f37e2e9fbd9891f7d7d4f72574512dd1f704fee14223e0a8cd0fbf54197c,0b30a443affb03e05a876a083857de9164f899feb7b4d261da02c485c9a3e3b6,20260725,1.0,0.9,1
run1,OHLCV+amount,OHLCV+amount_0026,2,100.07695770263672,100.10157775878906,99.9913101196289,99.99689483642578,100.07695770263672,100.10157775878906,99.9913101196289,99.99689483642578,False,True,True,0.0,0.0,0.0,0.0,KronosPredictor,a7d5f37e2e9fbd9891f7d7d4f72574512dd1f704fee14223e0a8cd0fbf54197c,0b30a443affb03e05a876a083857de9164f899feb7b4d261da02c485c9a3e3b6,20260725,1.0,0.9,1
run1,OHLCV+amount,OHLCV+amount_0026,3,100.01422119140625,100.0811538696289,99.94353485107422,99.99557495117188,100.01422119140625,100.0811538696289,99.94353485107422,99.99557495117188,False,True,True,0.0,0.0,0.0,0.0,KronosPredictor,a7d5f37e2e9fbd9891f7d7d4f72574512dd1f704fee14223e0a8cd0fbf54197c,0b30a443affb03e05a876a083857de9164f899feb7b4d261da02c485c9a3e3b6,20260725,1.0,0.9,1
run1,OHLCV+amount,OHLCV+amount_0026,4,100.12403106689453,100.08611297607422,99.94853210449219,99.99224853515625,100.12403106689453,100.12403106689453,99.94853210449219,99.99224853515625,False,True,True,0.0379180908203125,0.0,0.0379180908203125,0.00037919624130309225,KronosPredictor,a7d5f37e2e9fbd9891f7d7d4f72574512dd1f704fee14223e0a8cd0fbf54197c,0b30a443affb03e05a876a083857de9164f899feb7b4d261da02c485c9a3e3b6,20260725,1.0,0.9,1
run1,OHLCV+amount,OHLCV+amount_0026,5,100.0550537109375,100.09236907958984,99.9618911743164,99.99353790283203,100.0550537109375,100.09236907958984,99.9618911743164,99.99353790283203,False,True,True,0.0,0.0,0.0,0.0,KronosPredictor,a7d5f37e2e9fbd9891f7d7d4f72574512dd1f704fee14223e0a8cd0fbf54197c,0b30a443affb03e05a876a083857de9164f899feb7b4d261da02c485c9a3e3b6,20260725,1.0,0.9,1
run1,OHLCV+amount,OHLCV+amount_0027,1,100.0601806640625,100.04532623291016,99.96147918701172,100.00924682617188,100.0601806640625,100.0601806640625,99.96147918701172,100.00924682617188,False,True,True,0.01485443115234375,0.0,0.01485443115234375,0.0001485305771591555,KronosPredictor,a7d5f37e2e9fbd9891f7d7d4f72574512dd1f704fee14223e0a8cd0fbf54197c,0b30a443affb03e05a876a083857de9164f899feb7b4d261da02c485c9a3e3b6,20260725,1.0,0.9,1
run1,OHLCV+amount,OHLCV+amount_0027,2,100.02482604980469,100.07430267333984,99.95002746582031,100.00878143310547,100.02482604980469,100.07430267333984,99.95002746582031,100.00878143310547,False,True,True,0.0,0.0,0.0,0.0,KronosPredictor,a7d5f37e2e9fbd9891f7d7d4f72574512dd1f704fee14223e0a8cd0fbf54197c,0b30a443affb03e05a876a083857de9164f899feb7b4d261da02c485c9a3e3b6,20260725,1.0,0.9,1
run1,OHLCV+amount,OHLCV+amount_0027,3,99.99750518798828,100.04825592041016,99.97433471679688,100.01398468017578,99.99750518798828,100.04825592041016,99.97433471679688,100.01398468017578,False,True,True,0.0,0.0,0.0,0.0,KronosPredictor,a7d5f37e2e9fbd9891f7d7d4f72574512dd1f704fee14223e0a8cd0fbf54197c,0b30a443affb03e05a876a083857de9164f899feb7b4d261da02c485c9a3e3b6,20260725,1.0,0.9,1
run1,OHLCV+amount,OHLCV+amount_0027,4,100.0346450805664,100.12052917480469,99.94176483154297,100.00947570800781,100.0346450805664,100.12052917480469,99.94176483154297,100.00947570800781,False,True,True,0.0,0.0,0.0,0.0,KronosPredictor,a7d5f37e2e9fbd9891f7d7d4f72574512dd1f704fee14223e0a8cd0fbf54197c,0b30a443affb03e05a876a083857de9164f899feb7b4d261da02c485c9a3e3b6,20260725,1.0,0.9,1
run1,OHLCV+amount,OHLCV+amount_0027,5,99.98474884033203,100.010986328125,99.95176696777344,100.00865173339844,99.98474884033203,100.010986328125,99.95176696777344,100.00865173339844,False,True,True,0.0,0.0,0.0,0.0,KronosPredictor,a7d5f37e2e9fbd9891f7d7d4f72574512dd1f704fee14223e0a8cd0fbf54197c,0b30a443affb03e05a876a083857de9164f899feb7b4d261da02c485c9a3e3b6,20260725,1.0,0.9,1
run1,OHLCV+amount,OHLCV+amount_0028,1,100.1331787109375,100.07984161376953,99.96028137207031,100.00172424316406,100.1331787109375,100.1331787109375,99.96028137207031,100.00172424316406,False,True,True,0.05333709716796875,0.0,0.05333709716796875,0.0005333617752257384,KronosPredictor,a7d5f37e2e9fbd9891f7d7d4f72574512dd1f704fee14223e0a8cd0fbf54197c,0b30a443affb03e05a876a083857de9164f899feb7b4d261da02c485c9a3e3b6,20260725,1.0,0.9,1
run1,OHLCV+amount,OHLCV+amount_0028,2,100.03284454345703,100.12879180908203,99.90753173828125,100.00047302246094,100.03284454345703,100.12879180908203,99.90753173828125,100.00047302246094,False,True,True,0.0,0.0,0.0,0.0,KronosPredictor,a7d5f37e2e9fbd9891f7d7d4f72574512dd1f704fee14223e0a8cd0fbf54197c,0b30a443affb03e05a876a083857de9164f899feb7b4d261da02c485c9a3e3b6,20260725,1.0,0.9,1
run1,OHLCV+amount,OHLCV+amount_0028,3,99.90460968017578,100.02723693847656,99.89035034179688,99.99935913085938,99.90460968017578,100.02723693847656,99.89035034179688,99.99935913085938,False,True,True,0.0,0.0,0.0,0.0,KronosPredictor,a7d5f37e2e9fbd9891f7d7d4f72574512dd1f704fee14223e0a8cd0fbf54197c,0b30a443affb03e05a876a083857de9164f899feb7b4d261da02c485c9a3e3b6,20260725,1.0,0.9,1
run1,OHLCV+amount,OHLCV+amount_0028,4,99.95475006103516,99.98284912109375,99.8993911743164,99.99776458740234,99.95475006103516,99.99776458740234,99.8993911743164,99.99776458740234,False,True,True,0.01491546630859375,0.0,0.01491546630859375,0.0001491520913411985,KronosPredictor,a7d5f37e2e9fbd9891f7d7d4f72574512dd1f704fee14223e0a8cd0fbf54197c,0b30a443affb03e05a876a083857de9164f899feb7b4d261da02c485c9a3e3b6,20260725,1.0,0.9,1
run1,OHLCV+amount,OHLCV+amount_0028,5,99.85847473144531,99.95927429199219,99.89983367919922,99.99877166748047,99.85847473144531,99.99877166748047,99.85847473144531,99.99877166748047,False,True,True,0.03949737548828125,0.04135894775390625,0.0808563232421875,0.0008085492910659957,KronosPredictor,a7d5f37e2e9fbd9891f7d7d4f72574512dd1f704fee14223e0a8cd0fbf54197c,0b30a443affb03e05a876a083857de9164f899feb7b4d261da02c485c9a3e3b6,20260725,1.0,0.9,1
run1,OHLCV+amount,OHLCV+amount_0029,1,99.80473327636719,100.03083038330078,99.85011291503906,99.99734497070312,99.80473327636719,100.03083038330078,99.80473327636719,99.99734497070312,False,True,True,0.0,0.045379638671875,0.045379638671875,0.0004538084354656633,KronosPredictor,a7d5f37e2e9fbd9891f7d7d4f72574512dd1f704fee14223e0a8cd0fbf54197c,0b30a443affb03e05a876a083857de9164f899feb7b4d261da02c485c9a3e3b6,20260725,1.0,0.9,1
run1,OHLCV+amount,OHLCV+amount_0029,2,100.0983657836914,100.07588958740234,100.02283477783203,99.99981689453125,100.0983657836914,100.0983657836914,99.99981689453125,99.99981689453125,False,True,True,0.0224761962890625,0.02301788330078125,0.04549407958984375,0.00045495287503055653,KronosPredictor,a7d5f37e2e9fbd9891f7d7d4f72574512dd1f704fee14223e0a8cd0fbf54197c,0b30a443affb03e05a876a083857de9164f899feb7b4d261da02c485c9a3e3b6,20260725,1.0,0.9,1
run1,OHLCV+amount,OHLCV+amount_0029,3,99.96983337402344,100.05830383300781,99.97041320800781,99.99974060058594,99.96983337402344,100.05830383300781,99.96983337402344,99.99974060058594,False,True,True,0.0,0.000579833984375,0.000579833984375,5.798493795459047e-06,KronosPredictor,a7d5f37e2e9fbd9891f7d7d4f72574512dd1f704fee14223e0a8cd0fbf54197c,0b30a443affb03e05a876a083857de9164f899feb7b4d261da02c485c9a3e3b6,20260725,1.0,0.9,1
run1,OHLCV+amount,OHLCV+amount_0029,4,100.04022979736328,100.05005645751953,99.99011993408203,99.99779510498047,100.04022979736328,100.05005645751953,99.99011993408203,99.99779510498047,False,True,True,0.0,0.0,0.0,0.0,KronosPredictor,a7d5f37e2e9fbd9891f7d7d4f72574512dd1f704fee14223e0a8cd0fbf54197c,0b30a443affb03e05a876a083857de9164f899feb7b4d261da02c485c9a3e3b6,20260725,1.0,0.9,1
run1,OHLCV+amount,OHLCV+amount_0029,5,99.94697570800781,100.06304931640625,99.85813903808594,99.9979019165039,99.94697570800781,100.06304931640625,99.85813903808594,99.9979019165039,False,True,True,0.0,0.0,0.0,0.0,KronosPredictor,a7d5f37e2e9fbd9891f7d7d4f72574512dd1f704fee14223e0a8cd0fbf54197c,0b30a443affb03e05a876a083857de9164f899feb7b4d261da02c485c9a3e3b6,20260725,1.0,0.9,1
run1,OHLCV+amount,OHLCV+amount_0030,1,99.98502349853516,100.01641082763672,99.9443130493164,99.9875259399414,99.98502349853516,100.01641082763672,99.9443130493164,99.9875259399414,False,True,True,0.0,0.0,0.0,0.0,KronosPredictor,a7d5f37e2e9fbd9891f7d7d4f72574512dd1f704fee14223e0a8cd0fbf54197c,0b30a443affb03e05a876a083857de9164f899feb7b4d261da02c485c9a3e3b6,20260725,1.0,0.9,1
run1,OHLCV+amount,OHLCV+amount_0030,2,100.077880859375,100.06690979003906,99.93991088867188,99.98716735839844,100.077880859375,100.077880859375,99.93991088867188,99.98716735839844,False,True,True,0.0109710693359375,0.0,0.0109710693359375,0.00010972438044449056,KronosPredictor,a7d5f37e2e9fbd9891f7d7d4f72574512dd1f704fee14223e0a8cd0fbf54197c,0b30a443affb03e05a876a083857de9164f899feb7b4d261da02c485c9a3e3b6,20260725,1.0,0.9,1
run1,OHLCV+amount,OHLCV+amount_0030,3,99.91927337646484,99.96937561035156,99.89691925048828,99.9830551147461,99.91927337646484,99.9830551147461,99.89691925048828,99.9830551147461,False,True,True,0.01367950439453125,0.0,0.01367950439453125,0.0001368121099700776,KronosPredictor,a7d5f37e2e9fbd9891f7d7d4f72574512dd1f704fee14223e0a8cd0fbf54197c,0b30a443affb03e05a876a083857de9164f899feb7b4d261da02c485c9a3e3b6,20260725,1.0,0.9,1
run1,OHLCV+amount,OHLCV+amount_0030,4,100.07341003417969,100.04744720458984,99.91439056396484,99.9850845336914,100.07341003417969,100.07341003417969,99.91439056396484,99.9850845336914,False,True,True,0.02596282958984375,0.0,0.02596282958984375,0.0002596606861283737,KronosPredictor,a7d5f37e2e9fbd9891f7d7d4f72574512dd1f704fee14223e0a8cd0fbf54197c,0b30a443affb03e05a876a083857de9164f899feb7b4d261da02c485c9a3e3b6,20260725,1.0,0.9,1
run1,OHLCV+amount,OHLCV+amount_0030,5,100.05221557617188,100.04161071777344,99.91893005371094,99.98587799072266,100.05221557617188,100.05221557617188,99.91893005371094,99.98587799072266,False,True,True,0.0106048583984375,0.0,0.0106048583984375,0.0001060618141987774,KronosPredictor,a7d5f37e2e9fbd9891f7d7d4f72574512dd1f704fee14223e0a8cd0fbf54197c,0b30a443affb03e05a876a083857de9164f899feb7b4d261da02c485c9a3e3b6,20260725,1.0,0.9,1
run1,OHLCV+amount,OHLCV+amount_0031,1,99.9484634399414,100.00057983398438,99.94847106933594,99.99442291259766,99.9484634399414,100.00057983398438,99.9484634399414,99.99442291259766,False,True,True,0.0,7.62939453125e-06,7.62939453125e-06,7.629820052982996e-08,KronosPredictor,a7d5f37e2e9fbd9891f7d7d4f72574512dd1f704fee14223e0a8cd0fbf54197c,0b30a443affb03e05a876a083857de9164f899feb7b4d261da02c485c9a3e3b6,20260725,1.0,0.9,1
run1,OHLCV+amount,OHLCV+amount_0031,2,99.99898529052734,100.02275085449219,99.94489288330078,99.9939193725586,99.99898529052734,100.02275085449219,99.94489288330078,99.9939193725586,False,True,True,0.0,0.0,0.0,0.0,KronosPredictor,a7d5f37e2e9fbd9891f7d7d4f72574512dd1f704fee14223e0a8cd0fbf54197c,0b30a443affb03e05a876a083857de9164f899feb7b4d261da02c485c9a3e3b6,20260725,1.0,0.9,1
run1,OHLCV+amount,OHLCV+amount_0031,3,99.87430572509766,100.03038024902344,99.89785766601562,99.99617767333984,99.87430572509766,100.03038024902344,99.87430572509766,99.99617767333984,False,True,True,0.0,0.02355194091796875,0.02355194091796875,0.0002355325450355851,KronosPredictor,a7d5f37e2e9fbd9891f7d7d4f72574512dd1f704fee14223e0a8cd0fbf54197c,0b30a443affb03e05a876a083857de9164f899feb7b4d261da02c485c9a3e3b6,20260725,1.0,0.9,1
run1,OHLCV+amount,OHLCV+amount_0031,4,100.00428009033203,100.0057373046875,99.9293441772461,99.9927749633789,100.00428009033203,100.0057373046875,99.9293441772461,99.9927749633789,False,True,True,0.0,0.0,0.0,0.0,KronosPredictor,a7d5f37e2e9fbd9891f7d7d4f72574512dd1f704fee14223e0a8cd0fbf54197c,0b30a443affb03e05a876a083857de9164f899feb7b4d261da02c485c9a3e3b6,20260725,1.0,0.9,1
run1,OHLCV+amount,OHLCV+amount_0031,5,99.99710845947266,100.02791595458984,99.96123504638672,99.99532318115234,99.99710845947266,100.02791595458984,99.96123504638672,99.99532318115234,False,True,True,0.0,0.0,0.0,0.0,KronosPredictor,a7d5f37e2e9fbd9891f7d7d4f72574512dd1f704fee14223e0a8cd0fbf54197c,0b30a443affb03e05a876a083857de9164f899feb7b4d261da02c485c9a3e3b6,20260725,1.0,0.9,1
run1,OHLCV+amount,OHLCV+amount_0032,1,100.07520294189453,100.13895416259766,100.0178451538086,100.0277328491211,100.07520294189453,100.13895416259766,100.0178451538086,100.0277328491211,False,True,True,0.0,0.0,0.0,0.0,KronosPredictor,a7d5f37e2e9fbd9891f7d7d4f72574512dd1f704fee14223e0a8cd0fbf54197c,0b30a443affb03e05a876a083857de9164f899feb7b4d261da02c485c9a3e3b6,20260725,1.0,0.9,1
run1,OHLCV+amount,OHLCV+amount_0032,2,100.13591766357422,100.12823486328125,99.98210906982422,100.01636505126953,100.13591766357422,100.13591766357422,99.98210906982422,100.01636505126953,False,True,True,0.00768280029296875,0.0,0.00768280029296875,7.68067022428396e-05,KronosPredictor,a7d5f37e2e9fbd9891f7d7d4f72574512dd1f704fee14223e0a8cd0fbf54197c,0b30a443affb03e05a876a083857de9164f899feb7b4d261da02c485c9a3e3b6,20260725,1.0,0.9,1
run1,OHLCV+amount,OHLCV+amount_0032,3,100.00794982910156,100.15702056884766,99.94910430908203,100.02510833740234,100.00794982910156,100.15702056884766,99.94910430908203,100.02510833740234,False,True,True,0.0,0.0,0.0,0.0,KronosPredictor,a7d5f37e2e9fbd9891f7d7d4f72574512dd1f704fee14223e0a8cd0fbf54197c,0b30a443affb03e05a876a083857de9164f899feb7b4d261da02c485c9a3e3b6,20260725,1.0,0.9,1
run1,OHLCV+amount,OHLCV+amount_0032,4,100.21986389160156,100.18440246582031,99.98211669921875,100.01637268066406,100.21986389160156,100.21986389160156,99.98211669921875,100.01637268066406,False,True,True,0.03546142578125,0.0,0.03546142578125,0.0003545159404416271,KronosPredictor,a7d5f37e2e9fbd9891f7d7d4f72574512dd1f704fee14223e0a8cd0fbf54197c,0b30a443affb03e05a876a083857de9164f899feb7b4d261da02c485c9a3e3b6,20260725,1.0,0.9,1
run1,OHLCV+amount,OHLCV+amount_0032,5,100.13245391845703,100.10841369628906,99.99200439453125,100.01775360107422,100.13245391845703,100.13245391845703,99.99200439453125,100.01775360107422,False,True,True,0.02404022216796875,0.0,0.02404022216796875,0.00024033556977873645,KronosPredictor,a7d5f37e2e9fbd9891f7d7d4f72574512dd1f704fee14223e0a8cd0fbf54197c,0b30a443affb03e05a876a083857de9164f899feb7b4d261da02c485c9a3e3b6,20260725,1.0,0.9,1
run1,OHLCV+amount,OHLCV+amount_0033,1,99.96050262451172,99.98558807373047,99.90380859375,99.99540710449219,99.96050262451172,99.99540710449219,99.90380859375,99.99540710449219,False,True,True,0.00981903076171875,0.0,0.00981903076171875,9.819481760255408e-05,KronosPredictor,a7d5f37e2e9fbd9891f7d7d4f72574512dd1f704fee14223e0a8cd0fbf54197c,0b30a443affb03e05a876a083857de9164f899feb7b4d261da02c485c9a3e3b6,20260725,1.0,0.9,1
run1,OHLCV+amount,OHLCV+amount_0033,2,99.88191223144531,100.06131744384766,99.8526840209961,99.99475860595703,99.88191223144531,100.06131744384766,99.8526840209961,99.99475860595703,False,True,True,0.0,0.0,0.0,0.0,KronosPredictor,a7d5f37e2e9fbd9891f7d7d4f72574512dd1f704fee14223e0a8cd0fbf54197c,0b30a443affb03e05a876a083857de9164f899feb7b4d261da02c485c9a3e3b6,20260725,1.0,0.9,1
run1,OHLCV+amount,OHLCV+amount_0033,3,99.87152099609375,99.95890045166016,99.89929962158203,99.99647521972656,99.87152099609375,99.99647521972656,99.87152099609375,99.99647521972656,False,True,True,0.03757476806640625,0.02777862548828125,0.0653533935546875,0.0006535639530563156,KronosPredictor,a7d5f37e2e9fbd9891f7d7d4f72574512dd1f704fee14223e0a8cd0fbf54197c,0b30a443affb03e05a876a083857de9164f899feb7b4d261da02c485c9a3e3b6,20260725,1.0,0.9,1
run1,OHLCV+amount,OHLCV+amount_0033,4,99.89122772216797,99.96621704101562,99.90191650390625,99.99690246582031,99.89122772216797,99.99690246582031,99.89122772216797,99.99690246582031,False,True,True,0.0306854248046875,0.01068878173828125,0.04137420654296875,0.00041376106904324065,KronosPredictor,a7d5f37e2e9fbd9891f7d7d4f72574512dd1f704fee14223e0a8cd0fbf54197c,0b30a443affb03e05a876a083857de9164f899feb7b4d261da02c485c9a3e3b6,20260725,1.0,0.9,1
run1,OHLCV+amount,OHLCV+amount_0033,5,99.90586853027344,100.01409149169922,99.90802764892578,99.99852752685547,99.90586853027344,100.01409149169922,99.90586853027344,99.99852752685547,False,True,True,0.0,0.00215911865234375,0.00215911865234375,2.1592178229621446e-05,KronosPredictor,a7d5f37e2e9fbd9891f7d7d4f72574512dd1f704fee14223e0a8cd0fbf54197c,0b30a443affb03e05a876a083857de9164f899feb7b4d261da02c485c9a3e3b6,20260725,1.0,0.9,1
run1,OHLCV+amount,OHLCV+amount_0034,1,99.95333099365234,100.072265625,99.92235565185547,100.0068588256836,99.95333099365234,100.072265625,99.92235565185547,100.0068588256836,False,True,True,0.0,0.0,0.0,0.0,KronosPredictor,a7d5f37e2e9fbd9891f7d7d4f72574512dd1f704fee14223e0a8cd0fbf54197c,0b30a443affb03e05a876a083857de9164f899feb7b4d261da02c485c9a3e3b6,20260725,1.0,0.9,1
run1,OHLCV+amount,OHLCV+amount_0034,2,100.04303741455078,100.06336975097656,99.9637680053711,100.00360107421875,100.04303741455078,100.06336975097656,99.9637680053711,100.00360107421875,False,True,True,0.0,0.0,0.0,0.0,KronosPredictor,a7d5f37e2e9fbd9891f7d7d4f72574512dd1f704fee14223e0a8cd0fbf54197c,0b30a443affb03e05a876a083857de9164f899feb7b4d261da02c485c9a3e3b6,20260725,1.0,0.9,1
run1,OHLCV+amount,OHLCV+amount_0034,3,100.05408477783203,100.06817626953125,99.99739074707031,100.00584411621094,100.05408477783203,100.06817626953125,99.99739074707031,100.00584411621094,False,True,True,0.0,0.0,0.0,0.0,KronosPredictor,a7d5f37e2e9fbd9891f7d7d4f72574512dd1f704fee14223e0a8cd0fbf54197c,0b30a443affb03e05a876a083857de9164f899feb7b4d261da02c485c9a3e3b6,20260725,1.0,0.9,1
run1,OHLCV+amount,OHLCV+amount_0034,4,100.00514221191406,100.03437042236328,99.96105194091797,100.0021743774414,100.00514221191406,100.03437042236328,99.96105194091797,100.0021743774414,False,True,True,0.0,0.0,0.0,0.0,KronosPredictor,a7d5f37e2e9fbd9891f7d7d4f72574512dd1f704fee14223e0a8cd0fbf54197c,0b30a443affb03e05a876a083857de9164f899feb7b4d261da02c485c9a3e3b6,20260725,1.0,0.9,1
run1,OHLCV+amount,OHLCV+amount_0034,5,99.84722900390625,100.04847717285156,99.8871078491211,100.00679016113281,99.84722900390625,100.04847717285156,99.84722900390625,100.00679016113281,False,True,True,0.0,0.03987884521484375,0.03987884521484375,0.00039876110181956973,KronosPredictor,a7d5f37e2e9fbd9891f7d7d4f72574512dd1f704fee14223e0a8cd0fbf54197c,0b30a443affb03e05a876a083857de9164f899feb7b4d261da02c485c9a3e3b6,20260725,1.0,0.9,1
run1,OHLCV+amount,OHLCV+amount_0035,1,100.0941390991211,100.12000274658203,99.98857116699219,100.01105499267578,100.0941390991211,100.12000274658203,99.98857116699219,100.01105499267578,False,True,True,0.0,0.0,0.0,0.0,KronosPredictor,a7d5f37e2e9fbd9891f7d7d4f72574512dd1f704fee14223e0a8cd0fbf54197c,0b30a443affb03e05a876a083857de9164f899feb7b4d261da02c485c9a3e3b6,20260725,1.0,0.9,1
run1,OHLCV+amount,OHLCV+amount_0035,2,100.01799011230469,100.10404205322266,99.9603500366211,100.01271057128906,100.01799011230469,100.10404205322266,99.9603500366211,100.01271057128906,False,True,True,0.0,0.0,0.0,0.0,KronosPredictor,a7d5f37e2e9fbd9891f7d7d4f72574512dd1f704fee14223e0a8cd0fbf54197c,0b30a443affb03e05a876a083857de9164f899feb7b4d261da02c485c9a3e3b6,20260725,1.0,0.9,1
run1,OHLCV+amount,OHLCV+amount_0035,3,100.14916229248047,100.16899108886719,100.00311279296875,100.01000213623047,100.14916229248047,100.16899108886719,100.00311279296875,100.01000213623047,False,True,True,0.0,0.0,0.0,0.0,KronosPredictor,a7d5f37e2e9fbd9891f7d7d4f72574512dd1f704fee14223e0a8cd0fbf54197c,0b30a443affb03e05a876a083857de9164f899feb7b4d261da02c485c9a3e3b6,20260725,1.0,0.9,1
run1,OHLCV+amount,OHLCV+amount_0035,4,100.10912322998047,100.12480926513672,100.02499389648438,100.01582336425781,100.10912322998047,100.12480926513672,100.01582336425781,100.01582336425781,False,True,True,0.0,0.0091705322265625,0.0091705322265625,9.169518536959834e-05,KronosPredictor,a7d5f37e2e9fbd9891f7d7d4f72574512dd1f704fee14223e0a8cd0fbf54197c,0b30a443affb03e05a876a083857de9164f899feb7b4d261da02c485c9a3e3b6,20260725,1.0,0.9,1
run1,OHLCV+amount,OHLCV+amount_0035,5,100.21556091308594,100.19309997558594,99.93350982666016,100.00466918945312,100.21556091308594,100.21556091308594,99.93350982666016,100.00466918945312,False,True,True,0.0224609375,0.0,0.0224609375,0.00022458454719475669,KronosPredictor,a7d5f37e2e9fbd9891f7d7d4f72574512dd1f704fee14223e0a8cd0fbf54197c,0b30a443affb03e05a876a083857de9164f899feb7b4d261da02c485c9a3e3b6,20260725,1.0,0.9,1
run1,OHLCV+amount,OHLCV+amount_0036,1,99.88969421386719,99.94662475585938,99.89839172363281,99.98033142089844,99.88969421386719,99.98033142089844,99.88969421386719,99.98033142089844,False,True,True,0.0337066650390625,0.008697509765625,0.0424041748046875,0.00042412516744092275,KronosPredictor,a7d5f37e2e9fbd9891f7d7d4f72574512dd1f704fee14223e0a8cd0fbf54197c,0b30a443affb03e05a876a083857de9164f899feb7b4d261da02c485c9a3e3b6,20260725,1.0,0.9,1
run1,OHLCV+amount,OHLCV+amount_0036,2,99.94042205810547,99.97443389892578,99.92288208007812,99.98321533203125,99.94042205810547,99.98321533203125,99.92288208007812,99.98321533203125,False,True,True,0.00878143310546875,0.0,0.00878143310546875,8.783160628364557e-05,KronosPredictor,a7d5f37e2e9fbd9891f7d7d4f72574512dd1f704fee14223e0a8cd0fbf54197c,0b30a443affb03e05a876a083857de9164f899feb7b4d261da02c485c9a3e3b6,20260725,1.0,0.9,1
run1,OHLCV+amount,OHLCV+amount_0036,3,99.93589782714844,99.98028564453125,99.91634368896484,99.98301696777344,99.93589782714844,99.98301696777344,99.91634368896484,99.98301696777344,False,True,True,0.0027313232421875,0.0,0.0027313232421875,2.7318605603427556e-05,KronosPredictor,a7d5f37e2e9fbd9891f7d7d4f72574512dd1f704fee14223e0a8cd0fbf54197c,0b30a443affb03e05a876a083857de9164f899feb7b4d261da02c485c9a3e3b6,20260725,1.0,0.9,1
run1,OHLCV+amount,OHLCV+amount_0036,4,99.98489379882812,99.99576568603516,99.90909576416016,99.97969818115234,99.98489379882812,99.99576568603516,99.90909576416016,99.97969818115234,False,True,True,0.0,0.0,0.0,0.0,KronosPredictor,a7d5f37e2e9fbd9891f7d7d4f72574512dd1f704fee14223e0a8cd0fbf54197c,0b30a443affb03e05a876a083857de9164f899feb7b4d261da02c485c9a3e3b6,20260725,1.0,0.9,1
run1,OHLCV+amount,OHLCV+amount_0036,5,99.93984985351562,99.99436950683594,99.90387725830078,99.98113250732422,99.93984985351562,99.99436950683594,99.90387725830078,99.98113250732422,False,True,True,0.0,0.0,0.0,0.0,KronosPredictor,a7d5f37e2e9fbd9891f7d7d4f72574512dd1f704fee14223e0a8cd0fbf54197c,0b30a443affb03e05a876a083857de9164f899feb7b4d261da02c485c9a3e3b6,20260725,1.0,0.9,1
run1,OHLCV+amount,OHLCV+amount_0037,1,99.92620849609375,99.98982238769531,99.9283447265625,99.99217224121094,99.92620849609375,99.99217224121094,99.92620849609375,99.99217224121094,False,True,True,0.002349853515625,0.00213623046875,0.004486083984375,4.486435171698468e-05,KronosPredictor,a7d5f37e2e9fbd9891f7d7d4f72574512dd1f704fee14223e0a8cd0fbf54197c,0b30a443affb03e05a876a083857de9164f899feb7b4d261da02c485c9a3e3b6,20260725,1.0,0.9,1
run1,OHLCV+amount,OHLCV+amount_0037,2,99.94188690185547,99.98471069335938,99.91667175292969,99.99161529541016,99.94188690185547,99.99161529541016,99.91667175292969,99.99161529541016,False,True,True,0.00690460205078125,0.0,0.00690460205078125,6.905142568685568e-05,KronosPredictor,a7d5f37e2e9fbd9891f7d7d4f72574512dd1f704fee14223e0a8cd0fbf54197c,0b30a443affb03e05a876a083857de9164f899feb7b4d261da02c485c9a3e3b6,20260725,1.0,0.9,1
run1,OHLCV+amount,OHLCV+amount_0037,3,99.87422180175781,100.05329895019531,99.88652801513672,99.99473571777344,99.87422180175781,100.05329895019531,99.87422180175781,99.99473571777344,False,True,True,0.0,0.01230621337890625,0.01230621337890625,0.00012307176755016377,KronosPredictor,a7d5f37e2e9fbd9891f7d7d4f72574512dd1f704fee14223e0a8cd0fbf54197c,0b30a443affb03e05a876a083857de9164f899feb7b4d261da02c485c9a3e3b6,20260725,1.0,0.9,1
run1,OHLCV+amount,OHLCV+amount_0037,4,100.04427337646484,100.03594207763672,99.96359252929688,99.99333190917969,100.04427337646484,100.04427337646484,99.96359252929688,99.99333190917969,False,True,True,0.008331298828125,0.0,0.008331298828125,8.331951033154298e-05,KronosPredictor,a7d5f37e2e9fbd9891f7d7d4f72574512dd1f704fee14223e0a8cd0fbf54197c,0b30a443affb03e05a876a083857de9164f899feb7b4d261da02c485c9a3e3b6,20260725,1.0,0.9,1
run1,OHLCV+amount,OHLCV+amount_0037,5,99.86566925048828,99.9582748413086,99.88603973388672,99.9886703491211,99.86566925048828,99.9886703491211,99.86566925048828,99.9886703491211,False,True,True,0.0303955078125,0.0203704833984375,0.0507659912109375,0.0005076996536136327,KronosPredictor,a7d5f37e2e9fbd9891f7d7d4f72574512dd1f704fee14223e0a8cd0fbf54197c,0b30a443affb03e05a876a083857de9164f899feb7b4d261da02c485c9a3e3b6,20260725,1.0,0.9,1
run1,OHLCV+amount,OHLCV+amount_0038,1,99.94808959960938,100.06819152832031,99.93070983886719,100.00264739990234,99.94808959960938,100.06819152832031,99.93070983886719,100.00264739990234,True,True,False,0.0,0.0,0.0,0.0,KronosPredictor,a7d5f37e2e9fbd9891f7d7d4f72574512dd1f704fee14223e0a8cd0fbf54197c,0b30a443affb03e05a876a083857de9164f899feb7b4d261da02c485c9a3e3b6,20260725,1.0,0.9,1
run1,OHLCV+amount,OHLCV+amount_0038,2,99.9926528930664,100.05465698242188,99.9461441040039,100.0002212524414,99.9926528930664,100.05465698242188,99.9461441040039,100.0002212524414,True,True,False,0.0,0.0,0.0,0.0,KronosPredictor,a7d5f37e2e9fbd9891f7d7d4f72574512dd1f704fee14223e0a8cd0fbf54197c,0b30a443affb03e05a876a083857de9164f899feb7b4d261da02c485c9a3e3b6,20260725,1.0,0.9,1
run1,OHLCV+amount,OHLCV+amount_0038,3,99.90983581542969,100.08833312988281,99.88507080078125,100.00282287597656,99.90983581542969,100.08833312988281,99.88507080078125,100.00282287597656,True,True,False,0.0,0.0,0.0,0.0,KronosPredictor,a7d5f37e2e9fbd9891f7d7d4f72574512dd1f704fee14223e0a8cd0fbf54197c,0b30a443affb03e05a876a083857de9164f899feb7b4d261da02c485c9a3e3b6,20260725,1.0,0.9,1
run1,OHLCV+amount,OHLCV+amount_0038,4,100.0390625,100.05133819580078,99.97840881347656,99.99860382080078,100.0390625,100.05133819580078,99.97840881347656,99.99860382080078,True,True,False,0.0,0.0,0.0,0.0,KronosPredictor,a7d5f37e2e9fbd9891f7d7d4f72574512dd1f704fee14223e0a8cd0fbf54197c,0b30a443affb03e05a876a083857de9164f899feb7b4d261da02c485c9a3e3b6,20260725,1.0,0.9,1
run1,OHLCV+amount,OHLCV+amount_0038,5,100.0339126586914,100.08515167236328,99.97395324707031,100.00062561035156,100.0339126586914,100.08515167236328,99.97395324707031,100.00062561035156,True,True,False,0.0,0.0,0.0,0.0,KronosPredictor,a7d5f37e2e9fbd9891f7d7d4f72574512dd1f704fee14223e0a8cd0fbf54197c,0b30a443affb03e05a876a083857de9164f899feb7b4d261da02c485c9a3e3b6,20260725,1.0,0.9,1
run1,OHLCV+amount,OHLCV+amount_0039,1,100.00678253173828,100.0875015258789,99.96742248535156,100.00833892822266,100.00678253173828,100.0875015258789,99.96742248535156,100.00833892822266,False,True,True,0.0,0.0,0.0,0.0,KronosPredictor,a7d5f37e2e9fbd9891f7d7d4f72574512dd1f704fee14223e0a8cd0fbf54197c,0b30a443affb03e05a876a083857de9164f899feb7b4d261da02c485c9a3e3b6,20260725,1.0,0.9,1
run1,OHLCV+amount,OHLCV+amount_0039,2,99.99928283691406,100.08589935302734,99.911376953125,100.00835418701172,99.99928283691406,100.08589935302734,99.911376953125,100.00835418701172,False,True,True,0.0,0.0,0.0,0.0,KronosPredictor,a7d5f37e2e9fbd9891f7d7d4f72574512dd1f704fee14223e0a8cd0fbf54197c,0b30a443affb03e05a876a083857de9164f899feb7b4d261da02c485c9a3e3b6,20260725,1.0,0.9,1
run1,OHLCV+amount,OHLCV+amount_0039,3,100.16639709472656,100.12339782714844,99.96015930175781,100.00596618652344,100.16639709472656,100.16639709472656,99.96015930175781,100.00596618652344,False,True,True,0.042999267578125,0.0,0.042999267578125,0.0004299568219904758,KronosPredictor,a7d5f37e2e9fbd9891f7d7d4f72574512dd1f704fee14223e0a8cd0fbf54197c,0b30a443affb03e05a876a083857de9164f899feb7b4d261da02c485c9a3e3b6,20260725,1.0,0.9,1
run1,OHLCV+amount,OHLCV+amount_0039,4,100.1583480834961,100.1035385131836,99.92649841308594,100.00147247314453,100.1583480834961,100.1583480834961,99.92649841308594,100.00147247314453,False,True,True,0.0548095703125,0.0,0.0548095703125,0.0005480500016287399,KronosPredictor,a7d5f37e2e9fbd9891f7d7d4f72574512dd1f704fee14223e0a8cd0fbf54197c,0b30a443affb03e05a876a083857de9164f899feb7b4d261da02c485c9a3e3b6,20260725,1.0,0.9,1
run1,OHLCV+amount,OHLCV+amount_0039,5,99.83220672607422,100.04979705810547,99.86587524414062,100.0066909790039,99.83220672607422,100.04979705810547,99.83220672607422,100.0066909790039,False,True,True,0.0,0.03366851806640625,0.03366851806640625,0.0003366571070695475,KronosPredictor,a7d5f37e2e9fbd9891f7d7d4f72574512dd1f704fee14223e0a8cd0fbf54197c,0b30a443affb03e05a876a083857de9164f899feb7b4d261da02c485c9a3e3b6,20260725,1.0,0.9,1
run1,OHLCV+amount,OHLCV+amount_0040,1,99.91898345947266,100.07109069824219,99.90914154052734,99.98773956298828,99.91898345947266,100.07109069824219,99.90914154052734,99.98773956298828,False,True,True,0.0,0.0,0.0,0.0,KronosPredictor,a7d5f37e2e9fbd9891f7d7d4f72574512dd1f704fee14223e0a8cd0fbf54197c,0b30a443affb03e05a876a083857de9164f899feb7b4d261da02c485c9a3e3b6,20260725,1.0,0.9,1
run1,OHLCV+amount,OHLCV+amount_0040,2,100.21285247802734,100.12214660644531,100.01052856445312,99.98809814453125,100.21285247802734,100.21285247802734,99.98809814453125,99.98809814453125,False,True,True,0.09070587158203125,0.022430419921875,0.11313629150390625,0.001131501642085177,KronosPredictor,a7d5f37e2e9fbd9891f7d7d4f72574512dd1f704fee14223e0a8cd0fbf54197c,0b30a443affb03e05a876a083857de9164f899feb7b4d261da02c485c9a3e3b6,20260725,1.0,0.9,1
run1,OHLCV+amount,OHLCV+amount_0040,3,99.99850463867188,100.07489776611328,99.95968627929688,99.9900894165039,99.99850463867188,100.07489776611328,99.95968627929688,99.9900894165039,False,True,True,0.0,0.0,0.0,0.0,KronosPredictor,a7d5f37e2e9fbd9891f7d7d4f72574512dd1f704fee14223e0a8cd0fbf54197c,0b30a443affb03e05a876a083857de9164f899feb7b4d261da02c485c9a3e3b6,20260725,1.0,0.9,1
run1,OHLCV+amount,OHLCV+amount_0040,4,100.06489562988281,100.05801391601562,99.97008514404297,99.98570251464844,100.06489562988281,100.06489562988281,99.97008514404297,99.98570251464844,False,True,True,0.0068817138671875,0.0,0.0068817138671875,6.882557698838961e-05,KronosPredictor,a7d5f37e2e9fbd9891f7d7d4f72574512dd1f704fee14223e0a8cd0fbf54197c,0b30a443affb03e05a876a083857de9164f899feb7b4d261da02c485c9a3e3b6,20260725,1.0,0.9,1
run1,OHLCV+amount,OHLCV+amount_0040,5,100.13780212402344,100.09200286865234,100.02153015136719,99.9891586303711,100.13780212402344,100.13780212402344,99.9891586303711,99.9891586303711,False,True,True,0.04579925537109375,0.03237152099609375,0.0781707763671875,0.000781803616211796,KronosPredictor,a7d5f37e2e9fbd9891f7d7d4f72574512dd1f704fee14223e0a8cd0fbf54197c,0b30a443affb03e05a876a083857de9164f899feb7b4d261da02c485c9a3e3b6,20260725,1.0,0.9,1
run1,OHLCV+amount,OHLCV+amount_0041,1,100.12367248535156,100.10581970214844,99.92459869384766,100.00286865234375,100.12367248535156,100.12367248535156,99.92459869384766,100.00286865234375,False,True,True,0.017852783203125,0.0,0.017852783203125,0.0001785227108353215,KronosPredictor,a7d5f37e2e9fbd9891f7d7d4f72574512dd1f704fee14223e0a8cd0fbf54197c,0b30a443affb03e05a876a083857de9164f899feb7b4d261da02c485c9a3e3b6,20260725,1.0,0.9,1
run1,OHLCV+amount,OHLCV+amount_0041,2,99.86187744140625,100.06349182128906,99.88441467285156,100.00479125976562,99.86187744140625,100.06349182128906,99.86187744140625,100.00479125976562,False,True,True,0.0,0.0225372314453125,0.0225372314453125,0.00022536584949040157,KronosPredictor,a7d5f37e2e9fbd9891f7d7d4f72574512dd1f704fee14223e0a8cd0fbf54197c,0b30a443affb03e05a876a083857de9164f899feb7b4d261da02c485c9a3e3b6,20260725,1.0,0.9,1
run1,OHLCV+amount,OHLCV+amount_0041,3,100.12408447265625,100.08768463134766,99.9103012084961,99.99404907226562,100.12408447265625,100.12408447265625,99.9103012084961,99.99404907226562,False,True,True,0.03639984130859375,0.0,0.03639984130859375,0.00036398797153646106,KronosPredictor,a7d5f37e2e9fbd9891f7d7d4f72574512dd1f704fee14223e0a8cd0fbf54197c,0b30a443affb03e05a876a083857de9164f899feb7b4d261da02c485c9a3e3b6,20260725,1.0,0.9,1
run1,OHLCV+amount,OHLCV+amount_0041,4,100.09052276611328,100.08419036865234,99.9778060913086,100.00870513916016,100.09052276611328,100.09052276611328,99.9778060913086,100.00870513916016,False,True,True,0.0063323974609375,0.0,0.0063323974609375,6.332215811680207e-05,KronosPredictor,a7d5f37e2e9fbd9891f7d7d4f72574512dd1f704fee14223e0a8cd0fbf54197c,0b30a443affb03e05a876a083857de9164f899feb7b4d261da02c485c9a3e3b6,20260725,1.0,0.9,1
run1,OHLCV+amount,OHLCV+amount_0041,5,100.1037368774414,100.07875061035156,100.05387878417969,100.00918579101562,100.1037368774414,100.1037368774414,100.00918579101562,100.00918579101562,False,True,True,0.02498626708984375,0.0446929931640625,0.06967926025390625,0.0006967726145551245,KronosPredictor,a7d5f37e2e9fbd9891f7d7d4f72574512dd1f704fee14223e0a8cd0fbf54197c,0b30a443affb03e05a876a083857de9164f899feb7b4d261da02c485c9a3e3b6,20260725,1.0,0.9,1
run1,OHLCV+amount,OHLCV+amount_0042,1,99.92993927001953,100.01811218261719,99.91185760498047,100.00312805175781,99.92993927001953,100.01811218261719,99.91185760498047,100.00312805175781,False,True,True,0.0,0.0,0.0,0.0,KronosPredictor,a7d5f37e2e9fbd9891f7d7d4f72574512dd1f704fee14223e0a8cd0fbf54197c,0b30a443affb03e05a876a083857de9164f899feb7b4d261da02c485c9a3e3b6,20260725,1.0,0.9,1
run1,OHLCV+amount,OHLCV+amount_0042,2,99.88875579833984,100.03678894042969,99.8993148803711,100.00618743896484,99.88875579833984,100.03678894042969,99.88875579833984,100.00618743896484,False,True,True,0.0,0.01055908203125,0.01055908203125,0.00010558751748030343,KronosPredictor,a7d5f37e2e9fbd9891f7d7d4f72574512dd1f704fee14223e0a8cd0fbf54197c,0b30a443affb03e05a876a083857de9164f899feb7b4d261da02c485c9a3e3b6,20260725,1.0,0.9,1
run1,OHLCV+amount,OHLCV+amount_0042,3,99.94621276855469,100.01875305175781,99.93960571289062,100.00535583496094,99.94621276855469,100.01875305175781,99.93960571289062,100.00535583496094,False,True,True,0.0,0.0,0.0,0.0,KronosPredictor,a7d5f37e2e9fbd9891f7d7d4f72574512dd1f704fee14223e0a8cd0fbf54197c,0b30a443affb03e05a876a083857de9164f899feb7b4d261da02c485c9a3e3b6,20260725,1.0,0.9,1
run1,OHLCV+amount,OHLCV+amount_0042,4,100.0677719116211,100.0285873413086,99.96654510498047,100.0032730102539,100.0677719116211,100.0677719116211,99.96654510498047,100.0032730102539,False,True,True,0.0391845703125,0.0,0.0391845703125,0.00039183344637199304,KronosPredictor,a7d5f37e2e9fbd9891f7d7d4f72574512dd1f704fee14223e0a8cd0fbf54197c,0b30a443affb03e05a876a083857de9164f899feb7b4d261da02c485c9a3e3b6,20260725,1.0,0.9,1
run1,OHLCV+amount,OHLCV+amount_0042,5,99.96366882324219,100.0151596069336,99.95055389404297,100.00428009033203,99.96366882324219,100.0151596069336,99.95055389404297,100.00428009033203,False,True,True,0.0,0.0,0.0,0.0,KronosPredictor,a7d5f37e2e9fbd9891f7d7d4f72574512dd1f704fee14223e0a8cd0fbf54197c,0b30a443affb03e05a876a083857de9164f899feb7b4d261da02c485c9a3e3b6,20260725,1.0,0.9,1
run1,OHLCV+amount,OHLCV+amount_0043,1,100.17564392089844,100.15545654296875,100.06652069091797,100.00299835205078,100.17564392089844,100.17564392089844,100.00299835205078,100.00299835205078,False,True,True,0.0201873779296875,0.0635223388671875,0.083709716796875,0.0008370720696011846,KronosPredictor,a7d5f37e2e9fbd9891f7d7d4f72574512dd1f704fee14223e0a8cd0fbf54197c,0b30a443affb03e05a876a083857de9164f899feb7b4d261da02c485c9a3e3b6,20260725,1.0,0.9,1
run1,OHLCV+amount,OHLCV+amount_0043,2,100.13103485107422,100.16300201416016,99.9827880859375,100.00346374511719,100.13103485107422,100.16300201416016,99.9827880859375,100.00346374511719,False,True,True,0.0,0.0,0.0,0.0,KronosPredictor,a7d5f37e2e9fbd9891f7d7d4f72574512dd1f704fee14223e0a8cd0fbf54197c,0b30a443affb03e05a876a083857de9164f899feb7b4d261da02c485c9a3e3b6,20260725,1.0,0.9,1
run1,OHLCV+amount,OHLCV+amount_0043,3,100.2051773071289,100.1560287475586,100.05541229248047,99.99990844726562,100.2051773071289,100.2051773071289,99.99990844726562,99.99990844726562,False,True,True,0.0491485595703125,0.05550384521484375,0.10465240478515625,0.0010464926703171208,KronosPredictor,a7d5f37e2e9fbd9891f7d7d4f72574512dd1f704fee14223e0a8cd0fbf54197c,0b30a443affb03e05a876a083857de9164f899feb7b4d261da02c485c9a3e3b6,20260725,1.0,0.9,1
run1,OHLCV+amount,OHLCV+amount_0043,4,100.11372375488281,100.13506317138672,99.97928619384766,99.99858856201172,100.11372375488281,100.13506317138672,99.97928619384766,99.99858856201172,False,True,True,0.0,0.0,0.0,0.0,KronosPredictor,a7d5f37e2e9fbd9891f7d7d4f72574512dd1f704fee14223e0a8cd0fbf54197c,0b30a443affb03e05a876a083857de9164f899feb7b4d261da02c485c9a3e3b6,20260725,1.0,0.9,1
run1,OHLCV+amount,OHLCV+amount_0043,5,100.09903717041016,100.15301513671875,99.92170715332031,99.99458312988281,100.09903717041016,100.15301513671875,99.92170715332031,99.99458312988281,False,True,True,0.0,0.0,0.0,0.0,KronosPredictor,a7d5f37e2e9fbd9891f7d7d4f72574512dd1f704fee14223e0a8cd0fbf54197c,0b30a443affb03e05a876a083857de9164f899feb7b4d261da02c485c9a3e3b6,20260725,1.0,0.9,1
run1,OHLCV+amount,OHLCV+amount_0044,1,99.90896606445312,99.98344421386719,99.91072082519531,99.97856903076172,99.90896606445312,99.98344421386719,99.90896606445312,99.97856903076172,False,True,True,0.0,0.0017547607421875,0.0017547607421875,1.7551368850334213e-05,KronosPredictor,a7d5f37e2e9fbd9891f7d7d4f72574512dd1f704fee14223e0a8cd0fbf54197c,0b30a443affb03e05a876a083857de9164f899feb7b4d261da02c485c9a3e3b6,20260725,1.0,0.9,1
run1,OHLCV+amount,OHLCV+amount_0044,2,99.96253967285156,100.02291870117188,99.93041229248047,99.98168182373047,99.96253967285156,100.02291870117188,99.93041229248047,99.98168182373047,False,True,True,0.0,0.0,0.0,0.0,KronosPredictor,a7d5f37e2e9fbd9891f7d7d4f72574512dd1f704fee14223e0a8cd0fbf54197c,0b30a443affb03e05a876a083857de9164f899feb7b4d261da02c485c9a3e3b6,20260725,1.0,0.9,1
run1,OHLCV+amount,OHLCV+amount_0044,3,99.98866271972656,100.0168685913086,99.95429229736328,99.98369598388672,99.98866271972656,100.0168685913086,99.95429229736328,99.98369598388672,False,True,True,0.0,0.0,0.0,0.0,KronosPredictor,a7d5f37e2e9fbd9891f7d7d4f72574512dd1f704fee14223e0a8cd0fbf54197c,0b30a443affb03e05a876a083857de9164f899feb7b4d261da02c485c9a3e3b6,20260725,1.0,0.9,1
run1,OHLCV+amount,OHLCV+amount_0044,4,100.0641098022461,100.05474853515625,99.90738677978516,99.97518920898438,100.0641098022461,100.0641098022461,99.90738677978516,99.97518920898438,False,True,True,0.00936126708984375,0.0,0.00936126708984375,9.363273730156556e-05,KronosPredictor,a7d5f37e2e9fbd9891f7d7d4f72574512dd1f704fee14223e0a8cd0fbf54197c,0b30a443affb03e05a876a083857de9164f899feb7b4d261da02c485c9a3e3b6,20260725,1.0,0.9,1
run1,OHLCV+amount,OHLCV+amount_0044,5,99.89218139648438,100.0458984375,99.90864562988281,99.98554229736328,99.89218139648438,100.0458984375,99.89218139648438,99.98554229736328,False,True,True,0.0,0.0164642333984375,0.0164642333984375,0.00016467762599574448,KronosPredictor,a7d5f37e2e9fbd9891f7d7d4f72574512dd1f704fee14223e0a8cd0fbf54197c,0b30a443affb03e05a876a083857de9164f899feb7b4d261da02c485c9a3e3b6,20260725,1.0,0.9,1
run1,OHLCV+amount,OHLCV+amount_0045,1,100.07127380371094,100.10245513916016,99.97290802001953,100.00670623779297,100.07127380371094,100.10245513916016,99.97290802001953,100.00670623779297,False,True,True,0.0,0.0,0.0,0.0,KronosPredictor,a7d5f37e2e9fbd9891f7d7d4f72574512dd1f704fee14223e0a8cd0fbf54197c,0b30a443affb03e05a876a083857de9164f899feb7b4d261da02c485c9a3e3b6,20260725,1.0,0.9,1
run1,OHLCV+amount,OHLCV+amount_0045,2,100.02806091308594,100.03245544433594,99.96712493896484,100.00399017333984,100.02806091308594,100.03245544433594,99.96712493896484,100.00399017333984,False,True,True,0.0,0.0,0.0,0.0,KronosPredictor,a7d5f37e2e9fbd9891f7d7d4f72574512dd1f704fee14223e0a8cd0fbf54197c,0b30a443affb03e05a876a083857de9164f899feb7b4d261da02c485c9a3e3b6,20260725,1.0,0.9,1
run1,OHLCV+amount,OHLCV+amount_0045,3,100.1148681640625,100.08212280273438,99.9482192993164,100.00439453125,100.1148681640625,100.1148681640625,99.9482192993164,100.00439453125,False,True,True,0.032745361328125,0.0,0.032745361328125,0.0003274316549358605,KronosPredictor,a7d5f37e2e9fbd9891f7d7d4f72574512dd1f704fee14223e0a8cd0fbf54197c,0b30a443affb03e05a876a083857de9164f899feb7b4d261da02c485c9a3e3b6,20260725,1.0,0.9,1
run1,OHLCV+amount,OHLCV+amount_0045,4,100.04075622558594,100.09429931640625,99.95608520507812,100.00810241699219,100.04075622558594,100.09429931640625,99.95608520507812,100.00810241699219,False,True,True,0.0,0.0,0.0,0.0,KronosPredictor,a7d5f37e2e9fbd9891f7d7d4f72574512dd1f704fee14223e0a8cd0fbf54197c,0b30a443affb03e05a876a083857de9164f899feb7b4d261da02c485c9a3e3b6,20260725,1.0,0.9,1
run1,OHLCV+amount,OHLCV+amount_0045,5,100.15113830566406,100.09610748291016,99.97069549560547,100.0053939819336,100.15113830566406,100.15113830566406,99.97069549560547,100.0053939819336,False,True,True,0.05503082275390625,0.0,0.05503082275390625,0.0005502713250354991,KronosPredictor,a7d5f37e2e9fbd9891f7d7d4f72574512dd1f704fee14223e0a8cd0fbf54197c,0b30a443affb03e05a876a083857de9164f899feb7b4d261da02c485c9a3e3b6,20260725,1.0,0.9,1
run1,OHLCV+amount,OHLCV+amount_0046,1,99.96893310546875,99.97920227050781,99.91497802734375,99.98799133300781,99.96893310546875,99.98799133300781,99.91497802734375,99.98799133300781,False,True,True,0.0087890625,0.0,0.0087890625,8.790118076007967e-05,KronosPredictor,a7d5f37e2e9fbd9891f7d7d4f72574512dd1f704fee14223e0a8cd0fbf54197c,0b30a443affb03e05a876a083857de9164f899feb7b4d261da02c485c9a3e3b6,20260725,1.0,0.9,1
run1,OHLCV+amount,OHLCV+amount_0046,2,99.91815948486328,99.95539093017578,99.91393280029297,99.98784637451172,99.91815948486328,99.98784637451172,99.91393280029297,99.98784637451172,False,True,True,0.0324554443359375,0.0,0.0324554443359375,0.0003245934227025859,KronosPredictor,a7d5f37e2e9fbd9891f7d7d4f72574512dd1f704fee14223e0a8cd0fbf54197c,0b30a443affb03e05a876a083857de9164f899feb7b4d261da02c485c9a3e3b6,20260725,1.0,0.9,1
run1,OHLCV+amount,OHLCV+amount_0046,3,100.01637268066406,100.00608825683594,99.9064712524414,99.98509979248047,100.01637268066406,100.01637268066406,99.9064712524414,99.98509979248047,False,True,True,0.010284423828125,0.0,0.010284423828125,0.00010285658998662102,KronosPredictor,a7d5f37e2e9fbd9891f7d7d4f72574512dd1f704fee14223e0a8cd0fbf54197c,0b30a443affb03e05a876a083857de9164f899feb7b4d261da02c485c9a3e3b6,20260725,1.0,0.9,1
run1,OHLCV+amount,OHLCV+amount_0046,4,99.85104370117188,99.98458862304688,99.86425018310547,99.98973083496094,99.85104370117188,99.98973083496094,99.85104370117188,99.98973083496094,False,True,True,0.0051422119140625,0.01320648193359375,0.01834869384765625,0.00018350897545832607,KronosPredictor,a7d5f37e2e9fbd9891f7d7d4f72574512dd1f704fee14223e0a8cd0fbf54197c,0b30a443affb03e05a876a083857de9164f899feb7b4d261da02c485c9a3e3b6,20260725,1.0,0.9,1
run1,OHLCV+amount,OHLCV+amount_0046,5,99.91624450683594,100.00166320800781,99.91072845458984,99.99382781982422,99.91624450683594,100.00166320800781,99.91072845458984,99.99382781982422,False,True,True,0.0,0.0,0.0,0.0,KronosPredictor,a7d5f37e2e9fbd9891f7d7d4f72574512dd1f704fee14223e0a8cd0fbf54197c,0b30a443affb03e05a876a083857de9164f899feb7b4d261da02c485c9a3e3b6,20260725,1.0,0.9,1
run1,OHLCV+amount,OHLCV+amount_0047,1,99.92008209228516,99.99520111083984,99.92744445800781,99.99958801269531,99.92008209228516,99.99958801269531,99.92008209228516,99.99958801269531,False,True,True,0.00438690185546875,0.00736236572265625,0.011749267578125,0.0001174931598381524,KronosPredictor,a7d5f37e2e9fbd9891f7d7d4f72574512dd1f704fee14223e0a8cd0fbf54197c,0b30a443affb03e05a876a083857de9164f899feb7b4d261da02c485c9a3e3b6,20260725,1.0,0.9,1
run1,OHLCV+amount,OHLCV+amount_0047,2,99.98953247070312,100.02693939208984,99.95616149902344,100.00137329101562,99.98953247070312,100.02693939208984,99.95616149902344,100.00137329101562,False,True,True,0.0,0.0,0.0,0.0,KronosPredictor,a7d5f37e2e9fbd9891f7d7d4f72574512dd1f704fee14223e0a8cd0fbf54197c,0b30a443affb03e05a876a083857de9164f899feb7b4d261da02c485c9a3e3b6,20260725,1.0,0.9,1
run1,OHLCV+amount,OHLCV+amount_0047,3,99.80503845214844,100.04876708984375,99.87677001953125,100.0064468383789,99.80503845214844,100.04876708984375,99.80503845214844,100.0064468383789,False,True,True,0.0,0.0717315673828125,0.0717315673828125,0.000717318629089811,KronosPredictor,a7d5f37e2e9fbd9891f7d7d4f72574512dd1f704fee14223e0a8cd0fbf54197c,0b30a443affb03e05a876a083857de9164f899feb7b4d261da02c485c9a3e3b6,20260725,1.0,0.9,1
run1,OHLCV+amount,OHLCV+amount_0047,4,99.94530487060547,99.99835205078125,99.9068374633789,99.99819946289062,99.94530487060547,99.99835205078125,99.9068374633789,99.99819946289062,False,True,True,0.0,0.0,0.0,0.0,KronosPredictor,a7d5f37e2e9fbd9891f7d7d4f72574512dd1f704fee14223e0a8cd0fbf54197c,0b30a443affb03e05a876a083857de9164f899feb7b4d261da02c485c9a3e3b6,20260725,1.0,0.9,1
run1,OHLCV+amount,OHLCV+amount_0047,5,100.07046508789062,100.03641510009766,99.93401336669922,99.9991455078125,100.07046508789062,100.07046508789062,99.93401336669922,99.9991455078125,False,True,True,0.03404998779296875,0.0,0.03404998779296875,0.0003405012807517365,KronosPredictor,a7d5f37e2e9fbd9891f7d7d4f72574512dd1f704fee14223e0a8cd0fbf54197c,0b30a443affb03e05a876a083857de9164f899feb7b4d261da02c485c9a3e3b6,20260725,1.0,0.9,1
run1,OHLCV+amount,OHLCV+amount_0048,1,99.88440704345703,100.04045867919922,99.92389678955078,99.99984741210938,99.88440704345703,100.04045867919922,99.88440704345703,99.99984741210938,False,True,True,0.0,0.03948974609375,0.03948974609375,0.0003948980635041252,KronosPredictor,a7d5f37e2e9fbd9891f7d7d4f72574512dd1f704fee14223e0a8cd0fbf54197c,0b30a443affb03e05a876a083857de9164f899feb7b4d261da02c485c9a3e3b6,20260725,1.0,0.9,1
run1,OHLCV+amount,OHLCV+amount_0048,2,100.19287872314453,100.12142944335938,99.96642303466797,99.99819946289062,100.19287872314453,100.19287872314453,99.96642303466797,99.99819946289062,False,True,True,0.07144927978515625,0.0,0.07144927978515625,0.000714493888082715,KronosPredictor,a7d5f37e2e9fbd9891f7d7d4f72574512dd1f704fee14223e0a8cd0fbf54197c,0b30a443affb03e05a876a083857de9164f899feb7b4d261da02c485c9a3e3b6,20260725,1.0,0.9,1
run1,OHLCV+amount,OHLCV+amount_0048,3,99.9973373413086,100.09300231933594,99.96746063232422,100.00151062011719,99.9973373413086,100.09300231933594,99.96746063232422,100.00151062011719,False,True,True,0.0,0.0,0.0,0.0,KronosPredictor,a7d5f37e2e9fbd9891f7d7d4f72574512dd1f704fee14223e0a8cd0fbf54197c,0b30a443affb03e05a876a083857de9164f899feb7b4d261da02c485c9a3e3b6,20260725,1.0,0.9,1
run1,OHLCV+amount,OHLCV+amount_0048,4,100.05875396728516,100.05936431884766,99.98746490478516,99.99938201904297,100.05875396728516,100.05936431884766,99.98746490478516,99.99938201904297,False,True,True,0.0,0.0,0.0,0.0,KronosPredictor,a7d5f37e2e9fbd9891f7d7d4f72574512dd1f704fee14223e0a8cd0fbf54197c,0b30a443affb03e05a876a083857de9164f899feb7b4d261da02c485c9a3e3b6,20260725,1.0,0.9,1
run1,OHLCV+amount,OHLCV+amount_0048,5,100.21891784667969,100.15308380126953,99.92703247070312,99.99673461914062,100.21891784667969,100.21891784667969,99.92703247070312,99.99673461914062,False,True,True,0.06583404541015625,0.0,0.06583404541015625,0.0006583414586509074,KronosPredictor,a7d5f37e2e9fbd9891f7d7d4f72574512dd1f704fee14223e0a8cd0fbf54197c,0b30a443affb03e05a876a083857de9164f899feb7b4d261da02c485c9a3e3b6,20260725,1.0,0.9,1
run1,OHLCV+amount,OHLCV+amount_0049,1,100.03329467773438,100.08407592773438,99.99591064453125,100.00041198730469,100.03329467773438,100.08407592773438,99.99591064453125,100.00041198730469,False,True,True,0.0,0.0,0.0,0.0,KronosPredictor,a7d5f37e2e9fbd9891f7d7d4f72574512dd1f704fee14223e0a8cd0fbf54197c,0b30a443affb03e05a876a083857de9164f899feb7b4d261da02c485c9a3e3b6,20260725,1.0,0.9,1
run1,OHLCV+amount,OHLCV+amount_0049,2,99.97531127929688,100.08805847167969,99.94901275634766,100.00114440917969,99.97531127929688,100.08805847167969,99.94901275634766,100.00114440917969,False,True,True,0.0,0.0,0.0,0.0,KronosPredictor,a7d5f37e2e9fbd9891f7d7d4f72574512dd1f704fee14223e0a8cd0fbf54197c,0b30a443affb03e05a876a083857de9164f899feb7b4d261da02c485c9a3e3b6,20260725,1.0,0.9,1
run1,OHLCV+amount,OHLCV+amount_0049,3,100.03551483154297,100.09026336669922,99.962890625,100.0007095336914,100.03551483154297,100.09026336669922,99.962890625,100.0007095336914,False,True,True,0.0,0.0,0.0,0.0,KronosPredictor,a7d5f37e2e9fbd9891f7d7d4f72574512dd1f704fee14223e0a8cd0fbf54197c,0b30a443affb03e05a876a083857de9164f899feb7b4d261da02c485c9a3e3b6,20260725,1.0,0.9,1
run1,OHLCV+amount,OHLCV+amount_0049,4,100.0624008178711,100.06136322021484,99.98960876464844,99.9958724975586,100.0624008178711,100.0624008178711,99.98960876464844,99.9958724975586,False,True,True,0.00103759765625,0.0,0.00103759765625,1.037593381496994e-05,KronosPredictor,a7d5f37e2e9fbd9891f7d7d4f72574512dd1f704fee14223e0a8cd0fbf54197c,0b30a443affb03e05a876a083857de9164f899feb7b4d261da02c485c9a3e3b6,20260725,1.0,0.9,1
run1,OHLCV+amount,OHLCV+amount_0049,5,99.9849624633789,100.06110382080078,99.94912719726562,99.99768829345703,99.9849624633789,100.06110382080078,99.94912719726562,99.99768829345703,False,True,True,0.0,0.0,0.0,0.0,KronosPredictor,a7d5f37e2e9fbd9891f7d7d4f72574512dd1f704fee14223e0a8cd0fbf54197c,0b30a443affb03e05a876a083857de9164f899feb7b4d261da02c485c9a3e3b6,20260725,1.0,0.9,1
run1,OHLCV+amount,OHLCV+amount_0050,1,100.04658508300781,100.01959228515625,99.8326187133789,99.95654296875,100.04658508300781,100.04658508300781,99.8326187133789,99.95654296875,False,True,True,0.0269927978515625,0.0,0.0269927978515625,0.00027004533220002834,KronosPredictor,a7d5f37e2e9fbd9891f7d7d4f72574512dd1f704fee14223e0a8cd0fbf54197c,0b30a443affb03e05a876a083857de9164f899feb7b4d261da02c485c9a3e3b6,20260725,1.0,0.9,1
run1,OHLCV+amount,OHLCV+amount_0050,2,99.97105407714844,99.98043823242188,99.90535736083984,99.97100067138672,99.97105407714844,99.98043823242188,99.90535736083984,99.97100067138672,False,True,True,0.0,0.0,0.0,0.0,KronosPredictor,a7d5f37e2e9fbd9891f7d7d4f72574512dd1f704fee14223e0a8cd0fbf54197c,0b30a443affb03e05a876a083857de9164f899feb7b4d261da02c485c9a3e3b6,20260725,1.0,0.9,1
run1,OHLCV+amount,OHLCV+amount_0050,3,99.94776916503906,100.10342407226562,99.90697479248047,99.98802185058594,99.94776916503906,100.10342407226562,99.90697479248047,99.98802185058594,False,True,True,0.0,0.0,0.0,0.0,KronosPredictor,a7d5f37e2e9fbd9891f7d7d4f72574512dd1f704fee14223e0a8cd0fbf54197c,0b30a443affb03e05a876a083857de9164f899feb7b4d261da02c485c9a3e3b6,20260725,1.0,0.9,1
run1,OHLCV+amount,OHLCV+amount_0050,4,100.01421356201172,100.0378189086914,99.9577407836914,99.98662567138672,100.01421356201172,100.0378189086914,99.9577407836914,99.98662567138672,False,True,True,0.0,0.0,0.0,0.0,KronosPredictor,a7d5f37e2e9fbd9891f7d7d4f72574512dd1f704fee14223e0a8cd0fbf54197c,0b30a443affb03e05a876a083857de9164f899feb7b4d261da02c485c9a3e3b6,20260725,1.0,0.9,1
run1,OHLCV+amount,OHLCV+amount_0050,5,100.0235595703125,100.01485443115234,99.93852233886719,99.97789764404297,100.0235595703125,100.0235595703125,99.93852233886719,99.97789764404297,False,True,True,0.00870513916015625,0.0,0.00870513916015625,8.708923799893509e-05,KronosPredictor,a7d5f37e2e9fbd9891f7d7d4f72574512dd1f704fee14223e0a8cd0fbf54197c,0b30a443affb03e05a876a083857de9164f899feb7b4d261da02c485c9a3e3b6,20260725,1.0,0.9,1
run1,OHLCV+amount,OHLCV+amount_0051,1,99.89885711669922,99.98225402832031,99.90347290039062,99.9967269897461,99.89885711669922,99.9967269897461,99.89885711669922,99.9967269897461,False,True,True,0.01447296142578125,0.00461578369140625,0.0190887451171875,0.00019089369914222198,KronosPredictor,a7d5f37e2e9fbd9891f7d7d4f72574512dd1f704fee14223e0a8cd0fbf54197c,0b30a443affb03e05a876a083857de9164f899feb7b4d261da02c485c9a3e3b6,20260725,1.0,0.9,1
run1,OHLCV+amount,OHLCV+amount_0051,2,99.87235260009766,100.05049896240234,99.8530502319336,100.00004577636719,99.87235260009766,100.05049896240234,99.8530502319336,100.00004577636719,False,True,True,0.0,0.0,0.0,0.0,KronosPredictor,a7d5f37e2e9fbd9891f7d7d4f72574512dd1f704fee14223e0a8cd0fbf54197c,0b30a443affb03e05a876a083857de9164f899feb7b4d261da02c485c9a3e3b6,20260725,1.0,0.9,1
run1,OHLCV+amount,OHLCV+amount_0051,3,100.02967834472656,100.03718566894531,99.9116439819336,99.99687194824219,100.02967834472656,100.03718566894531,99.9116439819336,99.99687194824219,False,True,True,0.0,0.0,0.0,0.0,KronosPredictor,a7d5f37e2e9fbd9891f7d7d4f72574512dd1f704fee14223e0a8cd0fbf54197c,0b30a443affb03e05a876a083857de9164f899feb7b4d261da02c485c9a3e3b6,20260725,1.0,0.9,1
run1,OHLCV+amount,OHLCV+amount_0051,4,99.98186492919922,100.05772399902344,99.912109375,99.99937438964844,99.98186492919922,100.05772399902344,99.912109375,99.99937438964844,False,True,True,0.0,0.0,0.0,0.0,KronosPredictor,a7d5f37e2e9fbd9891f7d7d4f72574512dd1f704fee14223e0a8cd0fbf54197c,0b30a443affb03e05a876a083857de9164f899feb7b4d261da02c485c9a3e3b6,20260725,1.0,0.9,1
run1,OHLCV+amount,OHLCV+amount_0051,5,99.96897888183594,100.0175552368164,99.94867706298828,99.99931335449219,99.96897888183594,100.0175552368164,99.94867706298828,99.99931335449219,False,True,True,0.0,0.0,0.0,0.0,KronosPredictor,a7d5f37e2e9fbd9891f7d7d4f72574512dd1f704fee14223e0a8cd0fbf54197c,0b30a443affb03e05a876a083857de9164f899feb7b4d261da02c485c9a3e3b6,20260725,1.0,0.9,1
run1,OHLCV+amount,OHLCV+amount_0052,1,100.3172378540039,100.19572448730469,99.96366882324219,100.00788116455078,100.3172378540039,100.3172378540039,99.96366882324219,100.00788116455078,False,True,True,0.12151336669921875,0.0,0.12151336669921875,0.001215037907855315,KronosPredictor,a7d5f37e2e9fbd9891f7d7d4f72574512dd1f704fee14223e0a8cd0fbf54197c,0b30a443affb03e05a876a083857de9164f899feb7b4d261da02c485c9a3e3b6,20260725,1.0,0.9,1
run1,OHLCV+amount,OHLCV+amount_0052,2,100.09593200683594,100.24442291259766,99.96688842773438,100.00923156738281,100.09593200683594,100.24442291259766,99.96688842773438,100.00923156738281,False,True,True,0.0,0.0,0.0,0.0,KronosPredictor,a7d5f37e2e9fbd9891f7d7d4f72574512dd1f704fee14223e0a8cd0fbf54197c,0b30a443affb03e05a876a083857de9164f899feb7b4d261da02c485c9a3e3b6,20260725,1.0,0.9,1
run1,OHLCV+amount,OHLCV+amount_0052,3,100.1847915649414,100.14987182617188,99.95423126220703,100.00721740722656,100.1847915649414,100.1847915649414,99.95423126220703,100.00721740722656,False,True,True,0.03491973876953125,0.0,0.03491973876953125,0.0003491698690433714,KronosPredictor,a7d5f37e2e9fbd9891f7d7d4f72574512dd1f704fee14223e0a8cd0fbf54197c,0b30a443affb03e05a876a083857de9164f899feb7b4d261da02c485c9a3e3b6,20260725,1.0,0.9,1
run1,OHLCV+amount,OHLCV+amount_0052,4,100.11068725585938,100.08643341064453,100.00312805175781,100.00899505615234,100.11068725585938,100.11068725585938,100.00312805175781,100.00899505615234,False,True,True,0.02425384521484375,0.0,0.02425384521484375,0.00024251933880027919,KronosPredictor,a7d5f37e2e9fbd9891f7d7d4f72574512dd1f704fee14223e0a8cd0fbf54197c,0b30a443affb03e05a876a083857de9164f899feb7b4d261da02c485c9a3e3b6,20260725,1.0,0.9,1
run1,OHLCV+amount,OHLCV+amount_0052,5,100.04814910888672,100.06513977050781,99.98300170898438,100.00784301757812,100.04814910888672,100.06513977050781,99.98300170898438,100.00784301757812,False,True,True,0.0,0.0,0.0,0.0,KronosPredictor,a7d5f37e2e9fbd9891f7d7d4f72574512dd1f704fee14223e0a8cd0fbf54197c,0b30a443affb03e05a876a083857de9164f899feb7b4d261da02c485c9a3e3b6,20260725,1.0,0.9,1
run1,OHLCV+amount,OHLCV+amount_0053,1,100.04320526123047,100.07196807861328,99.94036865234375,100.00186920166016,100.04320526123047,100.07196807861328,99.94036865234375,100.00186920166016,False,True,True,0.0,0.0,0.0,0.0,KronosPredictor,a7d5f37e2e9fbd9891f7d7d4f72574512dd1f704fee14223e0a8cd0fbf54197c,0b30a443affb03e05a876a083857de9164f899feb7b4d261da02c485c9a3e3b6,20260725,1.0,0.9,1
run1,OHLCV+amount,OHLCV+amount_0053,2,100.0479965209961,100.06610107421875,100.00234985351562,100.00311279296875,100.0479965209961,100.06610107421875,100.00234985351562,100.00311279296875,False,True,True,0.0,0.0,0.0,0.0,KronosPredictor,a7d5f37e2e9fbd9891f7d7d4f72574512dd1f704fee14223e0a8cd0fbf54197c,0b30a443affb03e05a876a083857de9164f899feb7b4d261da02c485c9a3e3b6,20260725,1.0,0.9,1
run1,OHLCV+amount,OHLCV+amount_0053,3,100.0076675415039,100.03406524658203,99.96432495117188,100.00072479248047,100.0076675415039,100.03406524658203,99.96432495117188,100.00072479248047,False,True,True,0.0,0.0,0.0,0.0,KronosPredictor,a7d5f37e2e9fbd9891f7d7d4f72574512dd1f704fee14223e0a8cd0fbf54197c,0b30a443affb03e05a876a083857de9164f899feb7b4d261da02c485c9a3e3b6,20260725,1.0,0.9,1
run1,OHLCV+amount,OHLCV+amount_0053,4,100.20153045654297,100.13699340820312,99.90254211425781,99.99852752685547,100.20153045654297,100.20153045654297,99.90254211425781,99.99852752685547,False,True,True,0.06453704833984375,0.0,0.06453704833984375,0.0006453584203481304,KronosPredictor,a7d5f37e2e9fbd9891f7d7d4f72574512dd1f704fee14223e0a8cd0fbf54197c,0b30a443affb03e05a876a083857de9164f899feb7b4d261da02c485c9a3e3b6,20260725,1.0,0.9,1
run1,OHLCV+amount,OHLCV+amount_0053,5,99.89806365966797,100.10610961914062,99.87965393066406,100.003173828125,99.89806365966797,100.10610961914062,99.87965393066406,100.003173828125,False,True,True,0.0,0.0,0.0,0.0,KronosPredictor,a7d5f37e2e9fbd9891f7d7d4f72574512dd1f704fee14223e0a8cd0fbf54197c,0b30a443affb03e05a876a083857de9164f899feb7b4d261da02c485c9a3e3b6,20260725,1.0,0.9,1
run1,OHLCV+amount,OHLCV+amount_0054,1,99.94786834716797,100.07618713378906,99.90396118164062,100.00028991699219,99.94786834716797,100.07618713378906,99.90396118164062,100.00028991699219,False,True,True,0.0,0.0,0.0,0.0,KronosPredictor,a7d5f37e2e9fbd9891f7d7d4f72574512dd1f704fee14223e0a8cd0fbf54197c,0b30a443affb03e05a876a083857de9164f899feb7b4d261da02c485c9a3e3b6,20260725,1.0,0.9,1
run1,OHLCV+amount,OHLCV+amount_0054,2,100.01786041259766,100.14564514160156,99.95047760009766,100.0018310546875,100.01786041259766,100.14564514160156,99.95047760009766,100.0018310546875,False,True,True,0.0,0.0,0.0,0.0,KronosPredictor,a7d5f37e2e9fbd9891f7d7d4f72574512dd1f704fee14223e0a8cd0fbf54197c,0b30a443affb03e05a876a083857de9164f899feb7b4d261da02c485c9a3e3b6,20260725,1.0,0.9,1
run1,OHLCV+amount,OHLCV+amount_0054,3,100.27062225341797,100.17601776123047,99.9359130859375,99.99657440185547,100.27062225341797,100.27062225341797,99.9359130859375,99.99657440185547,False,True,True,0.0946044921875,0.0,0.0946044921875,0.0009460421791379695,KronosPredictor,a7d5f37e2e9fbd9891f7d7d4f72574512dd1f704fee14223e0a8cd0fbf54197c,0b30a443affb03e05a876a083857de9164f899feb7b4d261da02c485c9a3e3b6,20260725,1.0,0.9,1
run1,OHLCV+amount,OHLCV+amount_0054,4,100.01361846923828,100.0394287109375,99.98314666748047,99.99857330322266,100.01361846923828,100.0394287109375,99.98314666748047,99.99857330322266,False,True,True,0.0,0.0,0.0,0.0,KronosPredictor,a7d5f37e2e9fbd9891f7d7d4f72574512dd1f704fee14223e0a8cd0fbf54197c,0b30a443affb03e05a876a083857de9164f899feb7b4d261da02c485c9a3e3b6,20260725,1.0,0.9,1
run1,OHLCV+amount,OHLCV+amount_0054,5,99.96199798583984,100.01851654052734,99.93634796142578,99.99678039550781,99.96199798583984,100.01851654052734,99.93634796142578,99.99678039550781,False,True,True,0.0,0.0,0.0,0.0,KronosPredictor,a7d5f37e2e9fbd9891f7d7d4f72574512dd1f704fee14223e0a8cd0fbf54197c,0b30a443affb03e05a876a083857de9164f899feb7b4d261da02c485c9a3e3b6,20260725,1.0,0.9,1
run1,OHLCV+amount,OHLCV+amount_0055,1,100.05602264404297,100.12030029296875,100.0252685546875,100.02022552490234,100.05602264404297,100.12030029296875,100.02022552490234,100.02022552490234,False,True,True,0.0,0.00504302978515625,0.00504302978515625,5.0420100121656607e-05,KronosPredictor,a7d5f37e2e9fbd9891f7d7d4f72574512dd1f704fee14223e0a8cd0fbf54197c,0b30a443affb03e05a876a083857de9164f899feb7b4d261da02c485c9a3e3b6,20260725,1.0,0.9,1
run1,OHLCV+amount,OHLCV+amount_0055,2,100.15933990478516,100.12191772460938,100.06834411621094,100.0192642211914,100.15933990478516,100.15933990478516,100.0192642211914,100.0192642211914,False,True,True,0.03742218017578125,0.04907989501953125,0.0865020751953125,0.0008648458323439374,KronosPredictor,a7d5f37e2e9fbd9891f7d7d4f72574512dd1f704fee14223e0a8cd0fbf54197c,0b30a443affb03e05a876a083857de9164f899feb7b4d261da02c485c9a3e3b6,20260725,1.0,0.9,1
run1,OHLCV+amount,OHLCV+amount_0055,3,100.1782455444336,100.13735961914062,100.08219146728516,100.02046966552734,100.1782455444336,100.1782455444336,100.02046966552734,100.02046966552734,False,True,True,0.04088592529296875,0.0617218017578125,0.10260772705078125,0.0010258697829593944,KronosPredictor,a7d5f37e2e9fbd9891f7d7d4f72574512dd1f704fee14223e0a8cd0fbf54197c,0b30a443affb03e05a876a083857de9164f899feb7b4d261da02c485c9a3e3b6,20260725,1.0,0.9,1
run1,OHLCV+amount,OHLCV+amount_0055,4,100.138427734375,100.09937286376953,99.96161651611328,100.01299285888672,100.138427734375,100.138427734375,99.96161651611328,100.01299285888672,False,True,True,0.03905487060546875,0.0,0.03905487060546875,0.00039046973150190647,KronosPredictor,a7d5f37e2e9fbd9891f7d7d4f72574512dd1f704fee14223e0a8cd0fbf54197c,0b30a443affb03e05a876a083857de9164f899feb7b4d261da02c485c9a3e3b6,20260725,1.0,0.9,1
run1,OHLCV+amount,OHLCV+amount_0055,5,100.05250549316406,100.09412384033203,100.00079345703125,100.0167007446289,100.05250549316406,100.09412384033203,100.00079345703125,100.0167007446289,False,True,True,0.0,0.0,0.0,0.0,KronosPredictor,a7d5f37e2e9fbd9891f7d7d4f72574512dd1f704fee14223e0a8cd0fbf54197c,0b30a443affb03e05a876a083857de9164f899feb7b4d261da02c485c9a3e3b6,20260725,1.0,0.9,1
run1,OHLCV+amount,OHLCV+amount_0056,1,100.13895416259766,100.12675476074219,99.9190902709961,99.99932861328125,100.13895416259766,100.13895416259766,99.9190902709961,99.99932861328125,False,True,True,0.01219940185546875,0.0,0.01219940185546875,0.00012199483761182479,KronosPredictor,a7d5f37e2e9fbd9891f7d7d4f72574512dd1f704fee14223e0a8cd0fbf54197c,0b30a443affb03e05a876a083857de9164f899feb7b4d261da02c485c9a3e3b6,20260725,1.0,0.9,1
run1,OHLCV+amount,OHLCV+amount_0056,2,100.04428100585938,100.09109497070312,99.95732879638672,100.00076293945312,100.04428100585938,100.09109497070312,99.95732879638672,100.00076293945312,False,True,True,0.0,0.0,0.0,0.0,KronosPredictor,a7d5f37e2e9fbd9891f7d7d4f72574512dd1f704fee14223e0a8cd0fbf54197c,0b30a443affb03e05a876a083857de9164f899feb7b4d261da02c485c9a3e3b6,20260725,1.0,0.9,1
run1,OHLCV+amount,OHLCV+amount_0056,3,100.15859985351562,100.10397338867188,99.95854187011719,100.00123596191406,100.15859985351562,100.15859985351562,99.95854187011719,100.00123596191406,False,True,True,0.05462646484375,0.0,0.05462646484375,0.0005462683160104224,KronosPredictor,a7d5f37e2e9fbd9891f7d7d4f72574512dd1f704fee14223e0a8cd0fbf54197c,0b30a443affb03e05a876a083857de9164f899feb7b4d261da02c485c9a3e3b6,20260725,1.0,0.9,1
run1,OHLCV+amount,OHLCV+amount_0056,4,99.9631576538086,100.06681823730469,99.94108581542969,100.00393676757812,99.9631576538086,100.06681823730469,99.94108581542969,100.00393676757812,False,True,True,0.0,0.0,0.0,0.0,KronosPredictor,a7d5f37e2e9fbd9891f7d7d4f72574512dd1f704fee14223e0a8cd0fbf54197c,0b30a443affb03e05a876a083857de9164f899feb7b4d261da02c485c9a3e3b6,20260725,1.0,0.9,1
run1,OHLCV+amount,OHLCV+amount_0056,5,99.87329864501953,100.05228424072266,99.89344787597656,100.0036849975586,99.87329864501953,100.05228424072266,99.87329864501953,100.0036849975586,False,True,True,0.0,0.02014923095703125,0.02014923095703125,0.0002014936623720008,KronosPredictor,a7d5f37e2e9fbd9891f7d7d4f72574512dd1f704fee14223e0a8cd0fbf54197c,0b30a443affb03e05a876a083857de9164f899feb7b4d261da02c485c9a3e3b6,20260725,1.0,0.9,1
run1,OHLCV+amount,OHLCV+amount_0057,1,99.9956283569336,100.0876693725586,99.9494400024414,100.01214599609375,99.9956283569336,100.0876693725586,99.9494400024414,100.01214599609375,False,True,True,0.0,0.0,0.0,0.0,KronosPredictor,a7d5f37e2e9fbd9891f7d7d4f72574512dd1f704fee14223e0a8cd0fbf54197c,0b30a443affb03e05a876a083857de9164f899feb7b4d261da02c485c9a3e3b6,20260725,1.0,0.9,1
run1,OHLCV+amount,OHLCV+amount_0057,2,100.0390396118164,100.06449127197266,99.99124145507812,100.01251983642578,100.0390396118164,100.06449127197266,99.99124145507812,100.01251983642578,False,True,True,0.0,0.0,0.0,0.0,KronosPredictor,a7d5f37e2e9fbd9891f7d7d4f72574512dd1f704fee14223e0a8cd0fbf54197c,0b30a443affb03e05a876a083857de9164f899feb7b4d261da02c485c9a3e3b6,20260725,1.0,0.9,1
run1,OHLCV+amount,OHLCV+amount_0057,3,99.95818328857422,100.00275421142578,99.94695281982422,100.00737762451172,99.95818328857422,100.00737762451172,99.94695281982422,100.00737762451172,False,True,True,0.0046234130859375,0.0,0.0046234130859375,4.622851594563405e-05,KronosPredictor,a7d5f37e2e9fbd9891f7d7d4f72574512dd1f704fee14223e0a8cd0fbf54197c,0b30a443affb03e05a876a083857de9164f899feb7b4d261da02c485c9a3e3b6,20260725,1.0,0.9,1
run1,OHLCV+amount,OHLCV+amount_0057,4,99.96713256835938,100.06721496582031,99.9521255493164,100.0115737915039,99.96713256835938,100.06721496582031,99.9521255493164,100.0115737915039,False,True,True,0.0,0.0,0.0,0.0,KronosPredictor,a7d5f37e2e9fbd9891f7d7d4f72574512dd1f704fee14223e0a8cd0fbf54197c,0b30a443affb03e05a876a083857de9164f899feb7b4d261da02c485c9a3e3b6,20260725,1.0,0.9,1
run1,OHLCV+amount,OHLCV+amount_0057,5,99.920654296875,100.06065368652344,99.9346694946289,100.01358032226562,99.920654296875,100.06065368652344,99.920654296875,100.01358032226562,False,True,True,0.0,0.01401519775390625,0.01401519775390625,0.00014013495675268935,KronosPredictor,a7d5f37e2e9fbd9891f7d7d4f72574512dd1f704fee14223e0a8cd0fbf54197c,0b30a443affb03e05a876a083857de9164f899feb7b4d261da02c485c9a3e3b6,20260725,1.0,0.9,1
run1,OHLCV+amount,OHLCV+amount_0058,1,100.15471649169922,100.12094116210938,99.94776153564453,99.99897003173828,100.15471649169922,100.15471649169922,99.94776153564453,99.99897003173828,False,True,True,0.03377532958984375,0.0,0.03377532958984375,0.00033775677468601855,KronosPredictor,a7d5f37e2e9fbd9891f7d7d4f72574512dd1f704fee14223e0a8cd0fbf54197c,0b30a443affb03e05a876a083857de9164f899feb7b4d261da02c485c9a3e3b6,20260725,1.0,0.9,1
run1,OHLCV+amount,OHLCV+amount_0058,2,100.01425170898438,100.01697540283203,99.94344329833984,99.9915542602539,100.01425170898438,100.01697540283203,99.94344329833984,99.9915542602539,False,True,True,0.0,0.0,0.0,0.0,KronosPredictor,a7d5f37e2e9fbd9891f7d7d4f72574512dd1f704fee14223e0a8cd0fbf54197c,0b30a443affb03e05a876a083857de9164f899feb7b4d261da02c485c9a3e3b6,20260725,1.0,0.9,1
run1,OHLCV+amount,OHLCV+amount_0058,3,99.99102783203125,100.01941680908203,99.94283294677734,99.99253845214844,99.99102783203125,100.01941680908203,99.94283294677734,99.99253845214844,False,True,True,0.0,0.0,0.0,0.0,KronosPredictor,a7d5f37e2e9fbd9891f7d7d4f72574512dd1f704fee14223e0a8cd0fbf54197c,0b30a443affb03e05a876a083857de9164f899feb7b4d261da02c485c9a3e3b6,20260725,1.0,0.9,1
run1,OHLCV+amount,OHLCV+amount_0058,4,99.9603271484375,100.0188980102539,99.95264434814453,99.9964599609375,99.9603271484375,100.0188980102539,99.95264434814453,99.9964599609375,False,True,True,0.0,0.0,0.0,0.0,KronosPredictor,a7d5f37e2e9fbd9891f7d7d4f72574512dd1f704fee14223e0a8cd0fbf54197c,0b30a443affb03e05a876a083857de9164f899feb7b4d261da02c485c9a3e3b6,20260725,1.0,0.9,1
run1,OHLCV+amount,OHLCV+amount_0058,5,100.056640625,100.04188537597656,99.9657974243164,99.99447631835938,100.056640625,100.056640625,99.9657974243164,99.99447631835938,False,True,True,0.0147552490234375,0.0,0.0147552490234375,0.00014755400999384683,KronosPredictor,a7d5f37e2e9fbd9891f7d7d4f72574512dd1f704fee14223e0a8cd0fbf54197c,0b30a443affb03e05a876a083857de9164f899feb7b4d261da02c485c9a3e3b6,20260725,1.0,0.9,1
run1,OHLCV+amount,OHLCV+amount_0059,1,100.0124282836914,100.07962036132812,99.91867065429688,100.00602722167969,100.0124282836914,100.07962036132812,99.91867065429688,100.00602722167969,False,True,True,0.0,0.0,0.0,0.0,KronosPredictor,a7d5f37e2e9fbd9891f7d7d4f72574512dd1f704fee14223e0a8cd0fbf54197c,0b30a443affb03e05a876a083857de9164f899feb7b4d261da02c485c9a3e3b6,20260725,1.0,0.9,1
run1,OHLCV+amount,OHLCV+amount_0059,2,99.98197174072266,100.10195922851562,99.9518051147461,100.00855255126953,99.98197174072266,100.10195922851562,99.9518051147461,100.00855255126953,False,True,True,0.0,0.0,0.0,0.0,KronosPredictor,a7d5f37e2e9fbd9891f7d7d4f72574512dd1f704fee14223e0a8cd0fbf54197c,0b30a443affb03e05a876a083857de9164f899feb7b4d261da02c485c9a3e3b6,20260725,1.0,0.9,1
run1,OHLCV+amount,OHLCV+amount_0059,3,100.07233428955078,100.08872985839844,99.96369934082031,100.00731658935547,100.07233428955078,100.08872985839844,99.96369934082031,100.00731658935547,False,True,True,0.0,0.0,0.0,0.0,KronosPredictor,a7d5f37e2e9fbd9891f7d7d4f72574512dd1f704fee14223e0a8cd0fbf54197c,0b30a443affb03e05a876a083857de9164f899feb7b4d261da02c485c9a3e3b6,20260725,1.0,0.9,1
run1,OHLCV+amount,OHLCV+amount_0059,4,100.02397918701172,100.0766830444336,99.95779418945312,100.007080078125,100.02397918701172,100.0766830444336,99.95779418945312,100.007080078125,False,True,True,0.0,0.0,0.0,0.0,KronosPredictor,a7d5f37e2e9fbd9891f7d7d4f72574512dd1f704fee14223e0a8cd0fbf54197c,0b30a443affb03e05a876a083857de9164f899feb7b4d261da02c485c9a3e3b6,20260725,1.0,0.9,1
run1,OHLCV+amount,OHLCV+amount_0059,5,100.13109588623047,100.11646270751953,99.947509765625,100.00406646728516,100.13109588623047,100.13109588623047,99.947509765625,100.00406646728516,False,True,True,0.0146331787109375,0.0,0.0146331787109375,0.0001463229678997314,KronosPredictor,a7d5f37e2e9fbd9891f7d7d4f72574512dd1f704fee14223e0a8cd0fbf54197c,0b30a443affb03e05a876a083857de9164f899feb7b4d261da02c485c9a3e3b6,20260725,1.0,0.9,1
run1,OHLCV+amount,OHLCV+amount_0060,1,100.00475311279297,100.05526733398438,99.9224624633789,99.99764251708984,100.00475311279297,100.05526733398438,99.9224624633789,99.99764251708984,False,True,True,0.0,0.0,0.0,0.0,KronosPredictor,a7d5f37e2e9fbd9891f7d7d4f72574512dd1f704fee14223e0a8cd0fbf54197c,0b30a443affb03e05a876a083857de9164f899feb7b4d261da02c485c9a3e3b6,20260725,1.0,0.9,1
run1,OHLCV+amount,OHLCV+amount_0060,2,100.0218734741211,100.03089141845703,99.96717834472656,99.99041748046875,100.0218734741211,100.03089141845703,99.96717834472656,99.99041748046875,False,True,True,0.0,0.0,0.0,0.0,KronosPredictor,a7d5f37e2e9fbd9891f7d7d4f72574512dd1f704fee14223e0a8cd0fbf54197c,0b30a443affb03e05a876a083857de9164f899feb7b4d261da02c485c9a3e3b6,20260725,1.0,0.9,1
run1,OHLCV+amount,OHLCV+amount_0060,3,100.0071029663086,100.07556915283203,99.94227600097656,99.99346923828125,100.0071029663086,100.07556915283203,99.94227600097656,99.99346923828125,False,True,True,0.0,0.0,0.0,0.0,KronosPredictor,a7d5f37e2e9fbd9891f7d7d4f72574512dd1f704fee14223e0a8cd0fbf54197c,0b30a443affb03e05a876a083857de9164f899feb7b4d261da02c485c9a3e3b6,20260725,1.0,0.9,1
run1,OHLCV+amount,OHLCV+amount_0060,4,99.99453735351562,100.02287292480469,99.96598052978516,99.99224090576172,99.99453735351562,100.02287292480469,99.96598052978516,99.99224090576172,False,True,True,0.0,0.0,0.0,0.0,KronosPredictor,a7d5f37e2e9fbd9891f7d7d4f72574512dd1f704fee14223e0a8cd0fbf54197c,0b30a443affb03e05a876a083857de9164f899feb7b4d261da02c485c9a3e3b6,20260725,1.0,0.9,1
run1,OHLCV+amount,OHLCV+amount_0060,5,100.08513641357422,100.0746841430664,99.9833755493164,99.99298858642578,100.08513641357422,100.08513641357422,99.9833755493164,99.99298858642578,False,True,True,0.0104522705078125,0.0,0.0104522705078125,0.00010452516924112667,KronosPredictor,a7d5f37e2e9fbd9891f7d7d4f72574512dd1f704fee14223e0a8cd0fbf54197c,0b30a443affb03e05a876a083857de9164f899feb7b4d261da02c485c9a3e3b6,20260725,1.0,0.9,1
run1,OHLCV+amount,OHLCV+amount_0061,1,99.94200134277344,100.11058807373047,99.93807983398438,100.01913452148438,99.94200134277344,100.11058807373047,99.93807983398438,100.01913452148438,False,True,True,0.0,0.0,0.0,0.0,KronosPredictor,a7d5f37e2e9fbd9891f7d7d4f72574512dd1f704fee14223e0a8cd0fbf54197c,0b30a443affb03e05a876a083857de9164f899feb7b4d261da02c485c9a3e3b6,20260725,1.0,0.9,1
run1,OHLCV+amount,OHLCV+amount_0061,2,100.08460235595703,100.13345336914062,99.9491958618164,100.01519012451172,100.08460235595703,100.13345336914062,99.9491958618164,100.01519012451172,False,True,True,0.0,0.0,0.0,0.0,KronosPredictor,a7d5f37e2e9fbd9891f7d7d4f72574512dd1f704fee14223e0a8cd0fbf54197c,0b30a443affb03e05a876a083857de9164f899feb7b4d261da02c485c9a3e3b6,20260725,1.0,0.9,1
run1,OHLCV+amount,OHLCV+amount_0061,3,99.9653549194336,100.10208129882812,99.96360778808594,100.01728820800781,99.9653549194336,100.10208129882812,99.96360778808594,100.01728820800781,False,True,True,0.0,0.0,0.0,0.0,KronosPredictor,a7d5f37e2e9fbd9891f7d7d4f72574512dd1f704fee14223e0a8cd0fbf54197c,0b30a443affb03e05a876a083857de9164f899feb7b4d261da02c485c9a3e3b6,20260725,1.0,0.9,1
run1,OHLCV+amount,OHLCV+amount_0061,4,100.13106536865234,100.10636138916016,100.02601623535156,100.01705169677734,100.13106536865234,100.13106536865234,100.01705169677734,100.01705169677734,False,True,True,0.0247039794921875,0.00896453857421875,0.03366851806640625,0.0003366207698905269,KronosPredictor,a7d5f37e2e9fbd9891f7d7d4f72574512dd1f704fee14223e0a8cd0fbf54197c,0b30a443affb03e05a876a083857de9164f899feb7b4d261da02c485c9a3e3b6,20260725,1.0,0.9,1
run1,OHLCV+amount,OHLCV+amount_0061,5,100.08763885498047,100.11781311035156,99.99510192871094,100.01702117919922,100.08763885498047,100.11781311035156,99.99510192871094,100.01702117919922,False,True,True,0.0,0.0,0.0,0.0,KronosPredictor,a7d5f37e2e9fbd9891f7d7d4f72574512dd1f704fee14223e0a8cd0fbf54197c,0b30a443affb03e05a876a083857de9164f899feb7b4d261da02c485c9a3e3b6,20260725,1.0,0.9,1
run1,OHLCV+amount,OHLCV+amount_0062,1,99.98387145996094,100.02436828613281,99.94834899902344,99.99193572998047,99.98387145996094,100.02436828613281,99.94834899902344,99.99193572998047,False,True,True,0.0,0.0,0.0,0.0,KronosPredictor,a7d5f37e2e9fbd9891f7d7d4f72574512dd1f704fee14223e0a8cd0fbf54197c,0b30a443affb03e05a876a083857de9164f899feb7b4d261da02c485c9a3e3b6,20260725,1.0,0.9,1
run1,OHLCV+amount,OHLCV+amount_0062,2,99.76234436035156,100.02149963378906,99.85708618164062,99.99288177490234,99.76234436035156,100.02149963378906,99.76234436035156,99.99288177490234,False,True,True,0.0,0.0947418212890625,0.0947418212890625,0.0009474946214153165,KronosPredictor,a7d5f37e2e9fbd9891f7d7d4f72574512dd1f704fee14223e0a8cd0fbf54197c,0b30a443affb03e05a876a083857de9164f899feb7b4d261da02c485c9a3e3b6,20260725,1.0,0.9,1
run1,OHLCV+amount,OHLCV+amount_0062,3,99.99118041992188,100.04806518554688,99.91809844970703,99.9923324584961,99.99118041992188,100.04806518554688,99.91809844970703,99.9923324584961,False,True,True,0.0,0.0,0.0,0.0,KronosPredictor,a7d5f37e2e9fbd9891f7d7d4f72574512dd1f704fee14223e0a8cd0fbf54197c,0b30a443affb03e05a876a083857de9164f899feb7b4d261da02c485c9a3e3b6,20260725,1.0,0.9,1
run1,OHLCV+amount,OHLCV+amount_0062,4,99.953369140625,99.97978973388672,99.92269134521484,99.98919677734375,99.953369140625,99.98919677734375,99.92269134521484,99.98919677734375,False,True,True,0.00940704345703125,0.0,0.00940704345703125,9.407802127597723e-05,KronosPredictor,a7d5f37e2e9fbd9891f7d7d4f72574512dd1f704fee14223e0a8cd0fbf54197c,0b30a443affb03e05a876a083857de9164f899feb7b4d261da02c485c9a3e3b6,20260725,1.0,0.9,1
run1,OHLCV+amount,OHLCV+amount_0062,5,99.85124206542969,100.02720642089844,99.88771057128906,99.9936752319336,99.85124206542969,100.02720642089844,99.85124206542969,99.9936752319336,False,True,True,0.0,0.036468505859375,0.036468505859375,0.0003647144701534235,KronosPredictor,a7d5f37e2e9fbd9891f7d7d4f72574512dd1f704fee14223e0a8cd0fbf54197c,0b30a443affb03e05a876a083857de9164f899feb7b4d261da02c485c9a3e3b6,20260725,1.0,0.9,1
run1,OHLCV+amount,OHLCV+amount_0063,1,100.0483627319336,100.08193969726562,99.98677825927734,100.01226043701172,100.0483627319336,100.08193969726562,99.98677825927734,100.01226043701172,False,True,True,0.0,0.0,0.0,0.0,KronosPredictor,a7d5f37e2e9fbd9891f7d7d4f72574512dd1f704fee14223e0a8cd0fbf54197c,0b30a443affb03e05a876a083857de9164f899feb7b4d261da02c485c9a3e3b6,20260725,1.0,0.9,1
run1,OHLCV+amount,OHLCV+amount_0063,2,100.02323913574219,100.0455093383789,100.00123596191406,100.00589752197266,100.02323913574219,100.0455093383789,100.00123596191406,100.00589752197266,False,True,True,0.0,0.0,0.0,0.0,KronosPredictor,a7d5f37e2e9fbd9891f7d7d4f72574512dd1f704fee14223e0a8cd0fbf54197c,0b30a443affb03e05a876a083857de9164f899feb7b4d261da02c485c9a3e3b6,20260725,1.0,0.9,1
run1,OHLCV+amount,OHLCV+amount_0063,3,99.92474365234375,100.00628662109375,99.9469985961914,100.00128173828125,99.92474365234375,100.00628662109375,99.92474365234375,100.00128173828125,False,True,True,0.0,0.02225494384765625,0.02225494384765625,0.00022252215628775372,KronosPredictor,a7d5f37e2e9fbd9891f7d7d4f72574512dd1f704fee14223e0a8cd0fbf54197c,0b30a443affb03e05a876a083857de9164f899feb7b4d261da02c485c9a3e3b6,20260725,1.0,0.9,1
run1,OHLCV+amount,OHLCV+amount_0063,4,99.96905517578125,100.01382446289062,99.95662689208984,100.00114440917969,99.96905517578125,100.01382446289062,99.95662689208984,100.00114440917969,False,True,True,0.0,0.0,0.0,0.0,KronosPredictor,a7d5f37e2e9fbd9891f7d7d4f72574512dd1f704fee14223e0a8cd0fbf54197c,0b30a443affb03e05a876a083857de9164f899feb7b4d261da02c485c9a3e3b6,20260725,1.0,0.9,1
run1,OHLCV+amount,OHLCV+amount_0063,5,99.99700927734375,100.04976654052734,99.97562408447266,100.00667572021484,99.99700927734375,100.04976654052734,99.97562408447266,100.00667572021484,False,True,True,0.0,0.0,0.0,0.0,KronosPredictor,a7d5f37e2e9fbd9891f7d7d4f72574512dd1f704fee14223e0a8cd0fbf54197c,0b30a443affb03e05a876a083857de9164f899feb7b4d261da02c485c9a3e3b6,20260725,1.0,0.9,1
run1,OHLCV+amount,OHLCV+amount_0064,1,99.94474792480469,100.00843048095703,99.93756866455078,99.99320220947266,99.94474792480469,100.00843048095703,99.93756866455078,99.99320220947266,False,True,True,0.0,0.0,0.0,0.0,KronosPredictor,a7d5f37e2e9fbd9891f7d7d4f72574512dd1f704fee14223e0a8cd0fbf54197c,0b30a443affb03e05a876a083857de9164f899feb7b4d261da02c485c9a3e3b6,20260725,1.0,0.9,1
run1,OHLCV+amount,OHLCV+amount_0064,2,99.97486114501953,100.00861358642578,99.94404602050781,99.99272155761719,99.97486114501953,100.00861358642578,99.94404602050781,99.99272155761719,False,True,True,0.0,0.0,0.0,0.0,KronosPredictor,a7d5f37e2e9fbd9891f7d7d4f72574512dd1f704fee14223e0a8cd0fbf54197c,0b30a443affb03e05a876a083857de9164f899feb7b4d261da02c485c9a3e3b6,20260725,1.0,0.9,1
run1,OHLCV+amount,OHLCV+amount_0064,3,99.95741271972656,99.9767837524414,99.91947174072266,99.99026489257812,99.95741271972656,99.99026489257812,99.91947174072266,99.99026489257812,False,True,True,0.01348114013671875,0.0,0.01348114013671875,0.00013482056618686466,KronosPredictor,a7d5f37e2e9fbd9891f7d7d4f72574512dd1f704fee14223e0a8cd0fbf54197c,0b30a443affb03e05a876a083857de9164f899feb7b4d261da02c485c9a3e3b6,20260725,1.0,0.9,1
run1,OHLCV+amount,OHLCV+amount_0064,4,99.80596160888672,100.01468658447266,99.8502426147461,99.99402618408203,99.80596160888672,100.01468658447266,99.80596160888672,99.99402618408203,False,True,True,0.0,0.044281005859375,0.044281005859375,0.00044284016194032964,KronosPredictor,a7d5f37e2e9fbd9891f7d7d4f72574512dd1f704fee14223e0a8cd0fbf54197c,0b30a443affb03e05a876a083857de9164f899feb7b4d261da02c485c9a3e3b6,20260725,1.0,0.9,1
run1,OHLCV+amount,OHLCV+amount_0064,5,99.89754486083984,100.02030181884766,99.90476989746094,99.99552917480469,99.89754486083984,100.02030181884766,99.89754486083984,99.99552917480469,False,True,True,0.0,0.00722503662109375,0.00722503662109375,7.225527797337907e-05,KronosPredictor,a7d5f37e2e9fbd9891f7d7d4f72574512dd1f704fee14223e0a8cd0fbf54197c,0b30a443affb03e05a876a083857de9164f899feb7b4d261da02c485c9a3e3b6,20260725,1.0,0.9,1
run1,OHLCV+amount,OHLCV+amount_0065,1,99.96170806884766,100.02420806884766,99.94525909423828,99.98926544189453,99.96170806884766,100.02420806884766,99.94525909423828,99.98926544189453,False,True,True,0.0,0.0,0.0,0.0,KronosPredictor,a7d5f37e2e9fbd9891f7d7d4f72574512dd1f704fee14223e0a8cd0fbf54197c,0b30a443affb03e05a876a083857de9164f899feb7b4d261da02c485c9a3e3b6,20260725,1.0,0.9,1
run1,OHLCV+amount,OHLCV+amount_0065,2,99.92140197753906,99.9899673461914,99.90831756591797,99.98594665527344,99.92140197753906,99.9899673461914,99.90831756591797,99.98594665527344,False,True,True,0.0,0.0,0.0,0.0,KronosPredictor,a7d5f37e2e9fbd9891f7d7d4f72574512dd1f704fee14223e0a8cd0fbf54197c,0b30a443affb03e05a876a083857de9164f899feb7b4d261da02c485c9a3e3b6,20260725,1.0,0.9,1
run1,OHLCV+amount,OHLCV+amount_0065,3,99.88136291503906,99.97297668457031,99.88641357421875,99.98518371582031,99.88136291503906,99.98518371582031,99.88136291503906,99.98518371582031,False,True,True,0.01220703125,0.0050506591796875,0.0172576904296875,0.00017259543165377327,KronosPredictor,a7d5f37e2e9fbd9891f7d7d4f72574512dd1f704fee14223e0a8cd0fbf54197c,0b30a443affb03e05a876a083857de9164f899feb7b4d261da02c485c9a3e3b6,20260725,1.0,0.9,1
run1,OHLCV+amount,OHLCV+amount_0065,4,99.97152709960938,100.0218734741211,99.78267669677734,99.97946166992188,99.97152709960938,100.0218734741211,99.78267669677734,99.97946166992188,False,True,True,0.0,0.0,0.0,0.0,KronosPredictor,a7d5f37e2e9fbd9891f7d7d4f72574512dd1f704fee14223e0a8cd0fbf54197c,0b30a443affb03e05a876a083857de9164f899feb7b4d261da02c485c9a3e3b6,20260725,1.0,0.9,1
run1,OHLCV+amount,OHLCV+amount_0065,5,99.94493865966797,99.99845123291016,99.91738891601562,99.98657989501953,99.94493865966797,99.99845123291016,99.91738891601562,99.98657989501953,False,True,True,0.0,0.0,0.0,0.0,KronosPredictor,a7d5f37e2e9fbd9891f7d7d4f72574512dd1f704fee14223e0a8cd0fbf54197c,0b30a443affb03e05a876a083857de9164f899feb7b4d261da02c485c9a3e3b6,20260725,1.0,0.9,1
run1,OHLCV+amount,OHLCV+amount_0066,1,99.86431121826172,100.0135269165039,99.88406372070312,99.994873046875,99.86431121826172,100.0135269165039,99.86431121826172,99.994873046875,False,True,True,0.0,0.01975250244140625,0.01975250244140625,0.00019753515194870832,KronosPredictor,a7d5f37e2e9fbd9891f7d7d4f72574512dd1f704fee14223e0a8cd0fbf54197c,0b30a443affb03e05a876a083857de9164f899feb7b4d261da02c485c9a3e3b6,20260725,1.0,0.9,1
run1,OHLCV+amount,OHLCV+amount_0066,2,99.95487213134766,99.9926986694336,99.90141296386719,99.99104309082031,99.95487213134766,99.9926986694336,99.90141296386719,99.99104309082031,False,True,True,0.0,0.0,0.0,0.0,KronosPredictor,a7d5f37e2e9fbd9891f7d7d4f72574512dd1f704fee14223e0a8cd0fbf54197c,0b30a443affb03e05a876a083857de9164f899feb7b4d261da02c485c9a3e3b6,20260725,1.0,0.9,1
run1,OHLCV+amount,OHLCV+amount_0066,3,99.94734954833984,100.01571655273438,99.88027954101562,99.99027252197266,99.94734954833984,100.01571655273438,99.88027954101562,99.99027252197266,False,True,True,0.0,0.0,0.0,0.0,KronosPredictor,a7d5f37e2e9fbd9891f7d7d4f72574512dd1f704fee14223e0a8cd0fbf54197c,0b30a443affb03e05a876a083857de9164f899feb7b4d261da02c485c9a3e3b6,20260725,1.0,0.9,1
run1,OHLCV+amount,OHLCV+amount_0066,4,99.85578155517578,99.9789810180664,99.90245819091797,99.99395751953125,99.85578155517578,99.99395751953125,99.85578155517578,99.99395751953125,False,True,True,0.01497650146484375,0.0466766357421875,0.06165313720703125,0.0006165629829654353,KronosPredictor,a7d5f37e2e9fbd9891f7d7d4f72574512dd1f704fee14223e0a8cd0fbf54197c,0b30a443affb03e05a876a083857de9164f899feb7b4d261da02c485c9a3e3b6,20260725,1.0,0.9,1
run1,OHLCV+amount,OHLCV+amount_0066,5,99.8760986328125,99.97662353515625,99.87492370605469,99.99224090576172,99.8760986328125,99.99224090576172,99.87492370605469,99.99224090576172,False,True,True,0.01561737060546875,0.0,0.01561737060546875,0.00015618171341792427,KronosPredictor,a7d5f37e2e9fbd9891f7d7d4f72574512dd1f704fee14223e0a8cd0fbf54197c,0b30a443affb03e05a876a083857de9164f899feb7b4d261da02c485c9a3e3b6,20260725,1.0,0.9,1
run1,OHLCV+amount,OHLCV+amount_0067,1,99.9167709350586,100.0567626953125,99.8627700805664,99.98567199707031,99.9167709350586,100.0567626953125,99.8627700805664,99.98567199707031,True,True,False,0.0,0.0,0.0,0.0,KronosPredictor,a7d5f37e2e9fbd9891f7d7d4f72574512dd1f704fee14223e0a8cd0fbf54197c,0b30a443affb03e05a876a083857de9164f899feb7b4d261da02c485c9a3e3b6,20260725,1.0,0.9,1
run1,OHLCV+amount,OHLCV+amount_0067,2,100.03619384765625,100.10311889648438,99.97367858886719,99.99037170410156,100.03619384765625,100.10311889648438,99.97367858886719,99.99037170410156,True,True,False,0.0,0.0,0.0,0.0,KronosPredictor,a7d5f37e2e9fbd9891f7d7d4f72574512dd1f704fee14223e0a8cd0fbf54197c,0b30a443affb03e05a876a083857de9164f899feb7b4d261da02c485c9a3e3b6,20260725,1.0,0.9,1
run1,OHLCV+amount,OHLCV+amount_0067,3,99.92373657226562,100.06993103027344,99.90235900878906,99.9889907836914,99.92373657226562,100.06993103027344,99.90235900878906,99.9889907836914,True,True,False,0.0,0.0,0.0,0.0,KronosPredictor,a7d5f37e2e9fbd9891f7d7d4f72574512dd1f704fee14223e0a8cd0fbf54197c,0b30a443affb03e05a876a083857de9164f899feb7b4d261da02c485c9a3e3b6,20260725,1.0,0.9,1
run1,OHLCV+amount,OHLCV+amount_0067,4,100.01275634765625,100.03877258300781,99.92066955566406,99.98657989501953,100.01275634765625,100.03877258300781,99.92066955566406,99.98657989501953,True,True,False,0.0,0.0,0.0,0.0,KronosPredictor,a7d5f37e2e9fbd9891f7d7d4f72574512dd1f704fee14223e0a8cd0fbf54197c,0b30a443affb03e05a876a083857de9164f899feb7b4d261da02c485c9a3e3b6,20260725,1.0,0.9,1
run1,OHLCV+amount,OHLCV+amount_0067,5,99.8896484375,100.01766204833984,99.88581085205078,99.9876480102539,99.8896484375,100.01766204833984,99.88581085205078,99.9876480102539,True,True,False,0.0,0.0,0.0,0.0,KronosPredictor,a7d5f37e2e9fbd9891f7d7d4f72574512dd1f704fee14223e0a8cd0fbf54197c,0b30a443affb03e05a876a083857de9164f899feb7b4d261da02c485c9a3e3b6,20260725,1.0,0.9,1
run1,OHLCV+amount,OHLCV+amount_0068,1,99.91756439208984,99.98472595214844,99.91552734375,100.00630187988281,99.91756439208984,100.00630187988281,99.91552734375,100.00630187988281,False,True,True,0.021575927734375,0.0,0.021575927734375,0.0002157456813100615,KronosPredictor,a7d5f37e2e9fbd9891f7d7d4f72574512dd1f704fee14223e0a8cd0fbf54197c,0b30a443affb03e05a876a083857de9164f899feb7b4d261da02c485c9a3e3b6,20260725,1.0,0.9,1
run1,OHLCV+amount,OHLCV+amount_0068,2,100.00240325927734,100.008544921875,99.92353820800781,100.00558471679688,100.00240325927734,100.008544921875,99.92353820800781,100.00558471679688,False,True,True,0.0,0.0,0.0,0.0,KronosPredictor,a7d5f37e2e9fbd9891f7d7d4f72574512dd1f704fee14223e0a8cd0fbf54197c,0b30a443affb03e05a876a083857de9164f899feb7b4d261da02c485c9a3e3b6,20260725,1.0,0.9,1
run1,OHLCV+amount,OHLCV+amount_0068,3,99.83248138427734,100.01042938232422,99.86739349365234,100.00865173339844,99.83248138427734,100.01042938232422,99.83248138427734,100.00865173339844,False,True,True,0.0,0.034912109375,0.034912109375,0.00034909909394442766,KronosPredictor,a7d5f37e2e9fbd9891f7d7d4f72574512dd1f704fee14223e0a8cd0fbf54197c,0b30a443affb03e05a876a083857de9164f899feb7b4d261da02c485c9a3e3b6,20260725,1.0,0.9,1
run1,OHLCV+amount,OHLCV+amount_0068,4,99.97866821289062,100.03392791748047,99.84200286865234,100.00254821777344,99.97866821289062,100.03392791748047,99.84200286865234,100.00254821777344,False,True,True,0.0,0.0,0.0,0.0,KronosPredictor,a7d5f37e2e9fbd9891f7d7d4f72574512dd1f704fee14223e0a8cd0fbf54197c,0b30a443affb03e05a876a083857de9164f899feb7b4d261da02c485c9a3e3b6,20260725,1.0,0.9,1
run1,OHLCV+amount,OHLCV+amount_0068,5,99.8915786743164,100.09794616699219,99.86662292480469,100.00552368164062,99.8915786743164,100.09794616699219,99.86662292480469,100.00552368164062,False,True,True,0.0,0.0,0.0,0.0,KronosPredictor,a7d5f37e2e9fbd9891f7d7d4f72574512dd1f704fee14223e0a8cd0fbf54197c,0b30a443affb03e05a876a083857de9164f899feb7b4d261da02c485c9a3e3b6,20260725,1.0,0.9,1
run1,OHLCV+amount,OHLCV+amount_0069,1,100.19701385498047,100.1442642211914,100.00252532958984,100.02450561523438,100.19701385498047,100.19701385498047,100.00252532958984,100.02450561523438,False,True,True,0.0527496337890625,0.0,0.0527496337890625,0.0005273671033374084,KronosPredictor,a7d5f37e2e9fbd9891f7d7d4f72574512dd1f704fee14223e0a8cd0fbf54197c,0b30a443affb03e05a876a083857de9164f899feb7b4d261da02c485c9a3e3b6,20260725,1.0,0.9,1
run1,OHLCV+amount,OHLCV+amount_0069,2,100.35929107666016,100.19369506835938,100.02202606201172,100.02732849121094,100.35929107666016,100.35929107666016,100.02202606201172,100.02732849121094,False,True,True,0.16559600830078125,0.0,0.16559600830078125,0.0016555543792216446,KronosPredictor,a7d5f37e2e9fbd9891f7d7d4f72574512dd1f704fee14223e0a8cd0fbf54197c,0b30a443affb03e05a876a083857de9164f899feb7b4d261da02c485c9a3e3b6,20260725,1.0,0.9,1
run1,OHLCV+amount,OHLCV+amount_0069,3,100.24636840820312,100.15850067138672,100.03724670410156,100.03038024902344,100.24636840820312,100.24636840820312,100.03038024902344,100.03038024902344,False,True,True,0.08786773681640625,0.006866455078125,0.09473419189453125,0.0009471098238560314,KronosPredictor,a7d5f37e2e9fbd9891f7d7d4f72574512dd1f704fee14223e0a8cd0fbf54197c,0b30a443affb03e05a876a083857de9164f899feb7b4d261da02c485c9a3e3b6,20260725,1.0,0.9,1
run1,OHLCV+amount,OHLCV+amount_0069,4,100.10942077636719,100.13798522949219,100.01919555664062,100.03276824951172,100.10942077636719,100.13798522949219,100.01919555664062,100.03276824951172,False,True,True,0.0,0.0,0.0,0.0,KronosPredictor,a7d5f37e2e9fbd9891f7d7d4f72574512dd1f704fee14223e0a8cd0fbf54197c,0b30a443affb03e05a876a083857de9164f899feb7b4d261da02c485c9a3e3b6,20260725,1.0,0.9,1
run1,OHLCV+amount,OHLCV+amount_0069,5,100.13035583496094,100.11308288574219,100.00679016113281,100.02617645263672,100.13035583496094,100.13035583496094,100.00679016113281,100.02617645263672,False,True,True,0.01727294921875,0.0,0.01727294921875,0.00017268717413304783,KronosPredictor,a7d5f37e2e9fbd9891f7d7d4f72574512dd1f704fee14223e0a8cd0fbf54197c,0b30a443affb03e05a876a083857de9164f899feb7b4d261da02c485c9a3e3b6,20260725,1.0,0.9,1
run1,OHLCV+amount,OHLCV+amount_0070,1,100.06051635742188,100.07136535644531,99.982666015625,100.0104751586914,100.06051635742188,100.07136535644531,99.982666015625,100.0104751586914,True,True,False,0.0,0.0,0.0,0.0,KronosPredictor,a7d5f37e2e9fbd9891f7d7d4f72574512dd1f704fee14223e0a8cd0fbf54197c,0b30a443affb03e05a876a083857de9164f899feb7b4d261da02c485c9a3e3b6,20260725,1.0,0.9,1
run1,OHLCV+amount,OHLCV+amount_0070,2,99.97929382324219,100.06414031982422,99.95314025878906,100.01959228515625,99.97929382324219,100.06414031982422,99.95314025878906,100.01959228515625,True,True,False,0.0,0.0,0.0,0.0,KronosPredictor,a7d5f37e2e9fbd9891f7d7d4f72574512dd1f704fee14223e0a8cd0fbf54197c,0b30a443affb03e05a876a083857de9164f899feb7b4d261da02c485c9a3e3b6,20260725,1.0,0.9,1
run1,OHLCV+amount,OHLCV+amount_0070,3,100.01117706298828,100.05419921875,99.9659423828125,100.01507568359375,100.01117706298828,100.05419921875,99.9659423828125,100.01507568359375,True,True,False,0.0,0.0,0.0,0.0,KronosPredictor,a7d5f37e2e9fbd9891f7d7d4f72574512dd1f704fee14223e0a8cd0fbf54197c,0b30a443affb03e05a876a083857de9164f899feb7b4d261da02c485c9a3e3b6,20260725,1.0,0.9,1
run1,OHLCV+amount,OHLCV+amount_0070,4,99.98351287841797,100.070556640625,99.95868682861328,100.01741790771484,99.98351287841797,100.070556640625,99.95868682861328,100.01741790771484,True,True,False,0.0,0.0,0.0,0.0,KronosPredictor,a7d5f37e2e9fbd9891f7d7d4f72574512dd1f704fee14223e0a8cd0fbf54197c,0b30a443affb03e05a876a083857de9164f899feb7b4d261da02c485c9a3e3b6,20260725,1.0,0.9,1
run1,OHLCV+amount,OHLCV+amount_0070,5,100.01313018798828,100.0596923828125,99.9641342163086,100.01666259765625,100.01313018798828,100.0596923828125,99.9641342163086,100.01666259765625,True,True,False,0.0,0.0,0.0,0.0,KronosPredictor,a7d5f37e2e9fbd9891f7d7d4f72574512dd1f704fee14223e0a8cd0fbf54197c,0b30a443affb03e05a876a083857de9164f899feb7b4d261da02c485c9a3e3b6,20260725,1.0,0.9,1
run1,OHLCV+amount,OHLCV+amount_0071,1,99.91212463378906,100.0486068725586,99.90303802490234,99.98713684082031,99.91212463378906,100.0486068725586,99.90303802490234,99.98713684082031,False,True,True,0.0,0.0,0.0,0.0,KronosPredictor,a7d5f37e2e9fbd9891f7d7d4f72574512dd1f704fee14223e0a8cd0fbf54197c,0b30a443affb03e05a876a083857de9164f899feb7b4d261da02c485c9a3e3b6,20260725,1.0,0.9,1
run1,OHLCV+amount,OHLCV+amount_0071,2,99.91761016845703,99.97129821777344,99.93283081054688,99.98851776123047,99.91761016845703,99.98851776123047,99.91761016845703,99.98851776123047,False,True,True,0.01721954345703125,0.01522064208984375,0.032440185546875,0.00032444358916407245,KronosPredictor,a7d5f37e2e9fbd9891f7d7d4f72574512dd1f704fee14223e0a8cd0fbf54197c,0b30a443affb03e05a876a083857de9164f899feb7b4d261da02c485c9a3e3b6,20260725,1.0,0.9,1
run1,OHLCV+amount,OHLCV+amount_0071,3,99.99626922607422,100.09281158447266,99.92228698730469,99.9860610961914,99.99626922607422,100.09281158447266,99.92228698730469,99.9860610961914,False,True,True,0.0,0.0,0.0,0.0,KronosPredictor,a7d5f37e2e9fbd9891f7d7d4f72574512dd1f704fee14223e0a8cd0fbf54197c,0b30a443affb03e05a876a083857de9164f899feb7b4d261da02c485c9a3e3b6,20260725,1.0,0.9,1
run1,OHLCV+amount,OHLCV+amount_0071,4,99.98477172851562,100.10910034179688,99.92820739746094,99.9963150024414,99.98477172851562,100.10910034179688,99.92820739746094,99.9963150024414,False,True,True,0.0,0.0,0.0,0.0,KronosPredictor,a7d5f37e2e9fbd9891f7d7d4f72574512dd1f704fee14223e0a8cd0fbf54197c,0b30a443affb03e05a876a083857de9164f899feb7b4d261da02c485c9a3e3b6,20260725,1.0,0.9,1
run1,OHLCV+amount,OHLCV+amount_0071,5,99.96896362304688,100.00133514404297,99.95088195800781,99.99004364013672,99.96896362304688,100.00133514404297,99.95088195800781,99.99004364013672,False,True,True,0.0,0.0,0.0,0.0,KronosPredictor,a7d5f37e2e9fbd9891f7d7d4f72574512dd1f704fee14223e0a8cd0fbf54197c,0b30a443affb03e05a876a083857de9164f899feb7b4d261da02c485c9a3e3b6,20260725,1.0,0.9,1
run1,OHLCV+amount,OHLCV+amount_0072,1,100.11592102050781,100.0784683227539,99.97763061523438,99.99779510498047,100.11592102050781,100.11592102050781,99.97763061523438,99.99779510498047,False,True,True,0.03745269775390625,0.0,0.03745269775390625,0.0003745352356478197,KronosPredictor,a7d5f37e2e9fbd9891f7d7d4f72574512dd1f704fee14223e0a8cd0fbf54197c,0b30a443affb03e05a876a083857de9164f899feb7b4d261da02c485c9a3e3b6,20260725,1.0,0.9,1
run1,OHLCV+amount,OHLCV+amount_0072,2,99.99551391601562,100.01933288574219,99.93152618408203,99.99423217773438,99.99551391601562,100.01933288574219,99.93152618408203,99.99423217773438,False,True,True,0.0,0.0,0.0,0.0,KronosPredictor,a7d5f37e2e9fbd9891f7d7d4f72574512dd1f704fee14223e0a8cd0fbf54197c,0b30a443affb03e05a876a083857de9164f899feb7b4d261da02c485c9a3e3b6,20260725,1.0,0.9,1
run1,OHLCV+amount,OHLCV+amount_0072,3,100.069091796875,100.06905364990234,99.9338150024414,99.99394989013672,100.069091796875,100.069091796875,99.9338150024414,99.99394989013672,False,True,True,3.814697265625e-05,0.0,3.814697265625e-05,3.8147813775495995e-07,KronosPredictor,a7d5f37e2e9fbd9891f7d7d4f72574512dd1f704fee14223e0a8cd0fbf54197c,0b30a443affb03e05a876a083857de9164f899feb7b4d261da02c485c9a3e3b6,20260725,1.0,0.9,1
run1,OHLCV+amount,OHLCV+amount_0072,4,100.0616455078125,100.11653137207031,100.00371551513672,100.0029296875,100.0616455078125,100.11653137207031,100.0029296875,100.0029296875,False,True,True,0.0,0.00078582763671875,0.00078582763671875,7.858449637752175e-06,KronosPredictor,a7d5f37e2e9fbd9891f7d7d4f72574512dd1f704fee14223e0a8cd0fbf54197c,0b30a443affb03e05a876a083857de9164f899feb7b4d261da02c485c9a3e3b6,20260725,1.0,0.9,1
run1,OHLCV+amount,OHLCV+amount_0072,5,99.9071273803711,100.08304595947266,99.9189682006836,100.00125885009766,99.9071273803711,100.08304595947266,99.9071273803711,100.00125885009766,False,True,True,0.0,0.0118408203125,0.0118408203125,0.00011841081395913958,KronosPredictor,a7d5f37e2e9fbd9891f7d7d4f72574512dd1f704fee14223e0a8cd0fbf54197c,0b30a443affb03e05a876a083857de9164f899feb7b4d261da02c485c9a3e3b6,20260725,1.0,0.9,1
run1,OHLCV+amount,OHLCV+amount_0073,1,99.98139190673828,99.9949722290039,99.93151092529297,99.97441864013672,99.98139190673828,99.9949722290039,99.93151092529297,99.97441864013672,True,True,False,0.0,0.0,0.0,0.0,KronosPredictor,a7d5f37e2e9fbd9891f7d7d4f72574512dd1f704fee14223e0a8cd0fbf54197c,0b30a443affb03e05a876a083857de9164f899feb7b4d261da02c485c9a3e3b6,20260725,1.0,0.9,1
run1,OHLCV+amount,OHLCV+amount_0073,2,99.92353057861328,99.99639892578125,99.9009780883789,99.97540283203125,99.92353057861328,99.99639892578125,99.9009780883789,99.97540283203125,True,True,False,0.0,0.0,0.0,0.0,KronosPredictor,a7d5f37e2e9fbd9891f7d7d4f72574512dd1f704fee14223e0a8cd0fbf54197c,0b30a443affb03e05a876a083857de9164f899feb7b4d261da02c485c9a3e3b6,20260725,1.0,0.9,1
run1,OHLCV+amount,OHLCV+amount_0073,3,99.95526123046875,99.998779296875,99.93415832519531,99.98004913330078,99.95526123046875,99.998779296875,99.93415832519531,99.98004913330078,True,True,False,0.0,0.0,0.0,0.0,KronosPredictor,a7d5f37e2e9fbd9891f7d7d4f72574512dd1f704fee14223e0a8cd0fbf54197c,0b30a443affb03e05a876a083857de9164f899feb7b4d261da02c485c9a3e3b6,20260725,1.0,0.9,1
run1,OHLCV+amount,OHLCV+amount_0073,4,99.94964599609375,100.0901107788086,99.9015121459961,99.98287963867188,99.94964599609375,100.0901107788086,99.9015121459961,99.98287963867188,True,True,False,0.0,0.0,0.0,0.0,KronosPredictor,a7d5f37e2e9fbd9891f7d7d4f72574512dd1f704fee14223e0a8cd0fbf54197c,0b30a443affb03e05a876a083857de9164f899feb7b4d261da02c485c9a3e3b6,20260725,1.0,0.9,1
run1,OHLCV+amount,OHLCV+amount_0073,5,99.91021728515625,99.99886322021484,99.87609100341797,99.97368621826172,99.91021728515625,99.99886322021484,99.87609100341797,99.97368621826172,True,True,False,0.0,0.0,0.0,0.0,KronosPredictor,a7d5f37e2e9fbd9891f7d7d4f72574512dd1f704fee14223e0a8cd0fbf54197c,0b30a443affb03e05a876a083857de9164f899feb7b4d261da02c485c9a3e3b6,20260725,1.0,0.9,1
run1,OHLCV+amount,OHLCV+amount_0074,1,99.97393035888672,100.01666259765625,99.86685943603516,99.99253845214844,99.97393035888672,100.01666259765625,99.86685943603516,99.99253845214844,False,True,True,0.0,0.0,0.0,0.0,KronosPredictor,a7d5f37e2e9fbd9891f7d7d4f72574512dd1f704fee14223e0a8cd0fbf54197c,0b30a443affb03e05a876a083857de9164f899feb7b4d261da02c485c9a3e3b6,20260725,1.0,0.9,1
run1,OHLCV+amount,OHLCV+amount_0074,2,99.955078125,99.9913330078125,99.88842010498047,99.99239349365234,99.955078125,99.99239349365234,99.88842010498047,99.99239349365234,False,True,True,0.00106048583984375,0.0,0.00106048583984375,1.0605649744068123e-05,KronosPredictor,a7d5f37e2e9fbd9891f7d7d4f72574512dd1f704fee14223e0a8cd0fbf54197c,0b30a443affb03e05a876a083857de9164f899feb7b4d261da02c485c9a3e3b6,20260725,1.0,0.9,1
run1,OHLCV+amount,OHLCV+amount_0074,3,99.93849182128906,100.00892639160156,99.88377380371094,99.99307250976562,99.93849182128906,100.00892639160156,99.88377380371094,99.99307250976562,False,True,True,0.0,0.0,0.0,0.0,KronosPredictor,a7d5f37e2e9fbd9891f7d7d4f72574512dd1f704fee14223e0a8cd0fbf54197c,0b30a443affb03e05a876a083857de9164f899feb7b4d261da02c485c9a3e3b6,20260725,1.0,0.9,1
run1,OHLCV+amount,OHLCV+amount_0074,4,99.90998077392578,100.05777740478516,99.87615966796875,99.99722290039062,99.90998077392578,100.05777740478516,99.87615966796875,99.99722290039062,False,True,True,0.0,0.0,0.0,0.0,KronosPredictor,a7d5f37e2e9fbd9891f7d7d4f72574512dd1f704fee14223e0a8cd0fbf54197c,0b30a443affb03e05a876a083857de9164f899feb7b4d261da02c485c9a3e3b6,20260725,1.0,0.9,1
run1,OHLCV+amount,OHLCV+amount_0074,5,99.88965606689453,100.04747772216797,99.88770294189453,99.9992904663086,99.88965606689453,100.04747772216797,99.88770294189453,99.9992904663086,False,True,True,0.0,0.0,0.0,0.0,KronosPredictor,a7d5f37e2e9fbd9891f7d7d4f72574512dd1f704fee14223e0a8cd0fbf54197c,0b30a443affb03e05a876a083857de9164f899feb7b4d261da02c485c9a3e3b6,20260725,1.0,0.9,1
run1,OHLCV+amount,OHLCV+amount_0075,1,100.12899780273438,100.17060089111328,99.9923324584961,100.00395965576172,100.12899780273438,100.17060089111328,99.9923324584961,100.00395965576172,False,True,True,0.0,0.0,0.0,0.0,KronosPredictor,a7d5f37e2e9fbd9891f7d7d4f72574512dd1f704fee14223e0a8cd0fbf54197c,0b30a443affb03e05a876a083857de9164f899feb7b4d261da02c485c9a3e3b6,20260725,1.0,0.9,1
run1,OHLCV+amount,OHLCV+amount_0075,2,100.00422668457031,100.10812377929688,99.9789047241211,100.00946044921875,100.00422668457031,100.10812377929688,99.9789047241211,100.00946044921875,False,True,True,0.0,0.0,0.0,0.0,KronosPredictor,a7d5f37e2e9fbd9891f7d7d4f72574512dd1f704fee14223e0a8cd0fbf54197c,0b30a443affb03e05a876a083857de9164f899feb7b4d261da02c485c9a3e3b6,20260725,1.0,0.9,1
run1,OHLCV+amount,OHLCV+amount_0075,3,100.12468719482422,100.14419555664062,100.00080108642578,100.00714111328125,100.12468719482422,100.14419555664062,100.00080108642578,100.00714111328125,False,True,True,0.0,0.0,0.0,0.0,KronosPredictor,a7d5f37e2e9fbd9891f7d7d4f72574512dd1f704fee14223e0a8cd0fbf54197c,0b30a443affb03e05a876a083857de9164f899feb7b4d261da02c485c9a3e3b6,20260725,1.0,0.9,1
run1,OHLCV+amount,OHLCV+amount_0075,4,100.05034637451172,100.05917358398438,100.00501251220703,100.00484466552734,100.05034637451172,100.05917358398438,100.00484466552734,100.00484466552734,False,True,True,0.0,0.0001678466796875,0.0001678466796875,1.6784003379993116e-06,KronosPredictor,a7d5f37e2e9fbd9891f7d7d4f72574512dd1f704fee14223e0a8cd0fbf54197c,0b30a443affb03e05a876a083857de9164f899feb7b4d261da02c485c9a3e3b6,20260725,1.0,0.9,1
run1,OHLCV+amount,OHLCV+amount_0075,5,100.09822082519531,100.07733917236328,100.02957153320312,100.00614166259766,100.09822082519531,100.09822082519531,100.00614166259766,100.00614166259766,False,True,True,0.02088165283203125,0.02342987060546875,0.0443115234375,0.0004430976892318183,KronosPredictor,a7d5f37e2e9fbd9891f7d7d4f72574512dd1f704fee14223e0a8cd0fbf54197c,0b30a443affb03e05a876a083857de9164f899feb7b4d261da02c485c9a3e3b6,20260725,1.0,0.9,1
run1,OHLCV+amount,OHLCV+amount_0076,1,100.17731475830078,100.13447570800781,100.0633316040039,100.02249908447266,100.17731475830078,100.17731475830078,100.02249908447266,100.02249908447266,False,True,True,0.04283905029296875,0.04083251953125,0.08367156982421875,0.0008365274872162017,KronosPredictor,a7d5f37e2e9fbd9891f7d7d4f72574512dd1f704fee14223e0a8cd0fbf54197c,0b30a443affb03e05a876a083857de9164f899feb7b4d261da02c485c9a3e3b6,20260725,1.0,0.9,1
run1,OHLCV+amount,OHLCV+amount_0076,2,99.9850082397461,100.0985107421875,99.95682525634766,100.01398468017578,99.9850082397461,100.0985107421875,99.95682525634766,100.01398468017578,False,True,True,0.0,0.0,0.0,0.0,KronosPredictor,a7d5f37e2e9fbd9891f7d7d4f72574512dd1f704fee14223e0a8cd0fbf54197c,0b30a443affb03e05a876a083857de9164f899feb7b4d261da02c485c9a3e3b6,20260725,1.0,0.9,1
run1,OHLCV+amount,OHLCV+amount_0076,3,100.24320220947266,100.1591567993164,100.05400085449219,100.01918029785156,100.24320220947266,100.24320220947266,100.01918029785156,100.01918029785156,False,True,True,0.08404541015625,0.034820556640625,0.118865966796875,0.001188392290583425,KronosPredictor,a7d5f37e2e9fbd9891f7d7d4f72574512dd1f704fee14223e0a8cd0fbf54197c,0b30a443affb03e05a876a083857de9164f899feb7b4d261da02c485c9a3e3b6,20260725,1.0,0.9,1
run1,OHLCV+amount,OHLCV+amount_0076,4,100.02393341064453,100.10616302490234,99.98074340820312,100.01787567138672,100.02393341064453,100.10616302490234,99.98074340820312,100.01787567138672,False,True,True,0.0,0.0,0.0,0.0,KronosPredictor,a7d5f37e2e9fbd9891f7d7d4f72574512dd1f704fee14223e0a8cd0fbf54197c,0b30a443affb03e05a876a083857de9164f899feb7b4d261da02c485c9a3e3b6,20260725,1.0,0.9,1
run1,OHLCV+amount,OHLCV+amount_0076,5,100.083740234375,100.10369110107422,99.97650909423828,100.01183319091797,100.083740234375,100.10369110107422,99.97650909423828,100.01183319091797,False,True,True,0.0,0.0,0.0,0.0,KronosPredictor,a7d5f37e2e9fbd9891f7d7d4f72574512dd1f704fee14223e0a8cd0fbf54197c,0b30a443affb03e05a876a083857de9164f899feb7b4d261da02c485c9a3e3b6,20260725,1.0,0.9,1
run1,OHLCV+amount,OHLCV+amount_0077,1,100.02906036376953,100.12511444091797,99.9418716430664,100.01343536376953,100.02906036376953,100.12511444091797,99.9418716430664,100.01343536376953,False,True,True,0.0,0.0,0.0,0.0,KronosPredictor,a7d5f37e2e9fbd9891f7d7d4f72574512dd1f704fee14223e0a8cd0fbf54197c,0b30a443affb03e05a876a083857de9164f899feb7b4d261da02c485c9a3e3b6,20260725,1.0,0.9,1
run1,OHLCV+amount,OHLCV+amount_0077,2,100.20543670654297,100.13256072998047,99.96450805664062,100.00911712646484,100.20543670654297,100.20543670654297,99.96450805664062,100.00911712646484,False,True,True,0.0728759765625,0.0,0.0728759765625,0.0007286618672524848,KronosPredictor,a7d5f37e2e9fbd9891f7d7d4f72574512dd1f704fee14223e0a8cd0fbf54197c,0b30a443affb03e05a876a083857de9164f899feb7b4d261da02c485c9a3e3b6,20260725,1.0,0.9,1
run1,OHLCV+amount,OHLCV+amount_0077,3,100.07283020019531,100.0776138305664,99.99600219726562,100.01213836669922,100.07283020019531,100.0776138305664,99.99600219726562,100.01213836669922,False,True,True,0.0,0.0,0.0,0.0,KronosPredictor,a7d5f37e2e9fbd9891f7d7d4f72574512dd1f704fee14223e0a8cd0fbf54197c,0b30a443affb03e05a876a083857de9164f899feb7b4d261da02c485c9a3e3b6,20260725,1.0,0.9,1
run1,OHLCV+amount,OHLCV+amount_0077,4,100.0228500366211,100.14261627197266,99.97903442382812,100.0217056274414,100.0228500366211,100.14261627197266,99.97903442382812,100.0217056274414,False,True,True,0.0,0.0,0.0,0.0,KronosPredictor,a7d5f37e2e9fbd9891f7d7d4f72574512dd1f704fee14223e0a8cd0fbf54197c,0b30a443affb03e05a876a083857de9164f899feb7b4d261da02c485c9a3e3b6,20260725,1.0,0.9,1
run1,OHLCV+amount,OHLCV+amount_0077,5,100.18846130371094,100.13255310058594,100.0266342163086,100.01512908935547,100.18846130371094,100.18846130371094,100.01512908935547,100.01512908935547,False,True,True,0.055908203125,0.011505126953125,0.067413330078125,0.0006740427406870766,KronosPredictor,a7d5f37e2e9fbd9891f7d7d4f72574512dd1f704fee14223e0a8cd0fbf54197c,0b30a443affb03e05a876a083857de9164f899feb7b4d261da02c485c9a3e3b6,20260725,1.0,0.9,1
run1,OHLCV+amount,OHLCV+amount_0078,1,100.07317352294922,100.08020782470703,99.91655731201172,99.99751281738281,100.07317352294922,100.08020782470703,99.91655731201172,99.99751281738281,False,True,True,0.0,0.0,0.0,0.0,KronosPredictor,a7d5f37e2e9fbd9891f7d7d4f72574512dd1f704fee14223e0a8cd0fbf54197c,0b30a443affb03e05a876a083857de9164f899feb7b4d261da02c485c9a3e3b6,20260725,1.0,0.9,1
run1,OHLCV+amount,OHLCV+amount_0078,2,100.0868148803711,100.13502502441406,100.00049591064453,100.0059814453125,100.0868148803711,100.13502502441406,100.00049591064453,100.0059814453125,False,True,True,0.0,0.0,0.0,0.0,KronosPredictor,a7d5f37e2e9fbd9891f7d7d4f72574512dd1f704fee14223e0a8cd0fbf54197c,0b30a443affb03e05a876a083857de9164f899feb7b4d261da02c485c9a3e3b6,20260725,1.0,0.9,1
run1,OHLCV+amount,OHLCV+amount_0078,3,100.11801147460938,100.23748016357422,99.92265319824219,100.00636291503906,100.11801147460938,100.23748016357422,99.92265319824219,100.00636291503906,False,True,True,0.0,0.0,0.0,0.0,KronosPredictor,a7d5f37e2e9fbd9891f7d7d4f72574512dd1f704fee14223e0a8cd0fbf54197c,0b30a443affb03e05a876a083857de9164f899feb7b4d261da02c485c9a3e3b6,20260725,1.0,0.9,1
run1,OHLCV+amount,OHLCV+amount_0078,4,100.03492736816406,100.13916015625,99.89693450927734,100.00126647949219,100.03492736816406,100.13916015625,99.89693450927734,100.00126647949219,False,True,True,0.0,0.0,0.0,0.0,KronosPredictor,a7d5f37e2e9fbd9891f7d7d4f72574512dd1f704fee14223e0a8cd0fbf54197c,0b30a443affb03e05a876a083857de9164f899feb7b4d261da02c485c9a3e3b6,20260725,1.0,0.9,1
run1,OHLCV+amount,OHLCV+amount_0078,5,100.136962890625,100.10223388671875,99.89449310302734,99.9968032836914,100.136962890625,100.136962890625,99.89449310302734,99.9968032836914,False,True,True,0.03472900390625,0.0,0.03472900390625,0.0003472986770148244,KronosPredictor,a7d5f37e2e9fbd9891f7d7d4f72574512dd1f704fee14223e0a8cd0fbf54197c,0b30a443affb03e05a876a083857de9164f899feb7b4d261da02c485c9a3e3b6,20260725,1.0,0.9,1
run1,OHLCV+amount,OHLCV+amount_0079,1,100.0113296508789,100.05523681640625,99.95955657958984,100.00275421142578,100.0113296508789,100.05523681640625,99.95955657958984,100.00275421142578,True,True,False,0.0,0.0,0.0,0.0,KronosPredictor,a7d5f37e2e9fbd9891f7d7d4f72574512dd1f704fee14223e0a8cd0fbf54197c,0b30a443affb03e05a876a083857de9164f899feb7b4d261da02c485c9a3e3b6,20260725,1.0,0.9,1
run1,OHLCV+amount,OHLCV+amount_0079,2,99.9632797241211,100.05274200439453,99.94010925292969,100.00318145751953,99.9632797241211,100.05274200439453,99.94010925292969,100.00318145751953,True,True,False,0.0,0.0,0.0,0.0,KronosPredictor,a7d5f37e2e9fbd9891f7d7d4f72574512dd1f704fee14223e0a8cd0fbf54197c,0b30a443affb03e05a876a083857de9164f899feb7b4d261da02c485c9a3e3b6,20260725,1.0,0.9,1
run1,OHLCV+amount,OHLCV+amount_0079,3,99.98670196533203,100.04362487792969,99.96588134765625,100.00383758544922,99.98670196533203,100.04362487792969,99.96588134765625,100.00383758544922,True,True,False,0.0,0.0,0.0,0.0,KronosPredictor,a7d5f37e2e9fbd9891f7d7d4f72574512dd1f704fee14223e0a8cd0fbf54197c,0b30a443affb03e05a876a083857de9164f899feb7b4d261da02c485c9a3e3b6,20260725,1.0,0.9,1
run1,OHLCV+amount,OHLCV+amount_0079,4,99.98068237304688,100.05206298828125,99.92410278320312,100.0020980834961,99.98068237304688,100.05206298828125,99.92410278320312,100.0020980834961,True,True,False,0.0,0.0,0.0,0.0,KronosPredictor,a7d5f37e2e9fbd9891f7d7d4f72574512dd1f704fee14223e0a8cd0fbf54197c,0b30a443affb03e05a876a083857de9164f899feb7b4d261da02c485c9a3e3b6,20260725,1.0,0.9,1
run1,OHLCV+amount,OHLCV+amount_0079,5,100.01853942871094,100.03602600097656,99.95094299316406,99.99908447265625,100.01853942871094,100.03602600097656,99.95094299316406,99.99908447265625,True,True,False,0.0,0.0,0.0,0.0,KronosPredictor,a7d5f37e2e9fbd9891f7d7d4f72574512dd1f704fee14223e0a8cd0fbf54197c,0b30a443affb03e05a876a083857de9164f899feb7b4d261da02c485c9a3e3b6,20260725,1.0,0.9,1
run1,OHLCV+amount,OHLCV+amount_0080,1,100.06927490234375,100.1021499633789,99.9939193725586,100.02342224121094,100.06927490234375,100.1021499633789,99.9939193725586,100.02342224121094,False,True,True,0.0,0.0,0.0,0.0,KronosPredictor,a7d5f37e2e9fbd9891f7d7d4f72574512dd1f704fee14223e0a8cd0fbf54197c,0b30a443affb03e05a876a083857de9164f899feb7b4d261da02c485c9a3e3b6,20260725,1.0,0.9,1
run1,OHLCV+amount,OHLCV+amount_0080,2,100.021484375,100.06722259521484,99.94367218017578,100.0157470703125,100.021484375,100.06722259521484,99.94367218017578,100.0157470703125,False,True,True,0.0,0.0,0.0,0.0,KronosPredictor,a7d5f37e2e9fbd9891f7d7d4f72574512dd1f704fee14223e0a8cd0fbf54197c,0b30a443affb03e05a876a083857de9164f899feb7b4d261da02c485c9a3e3b6,20260725,1.0,0.9,1
run1,OHLCV+amount,OHLCV+amount_0080,3,100.03218841552734,100.06204986572266,99.98825073242188,100.0186996459961,100.03218841552734,100.06204986572266,99.98825073242188,100.0186996459961,False,True,True,0.0,0.0,0.0,0.0,KronosPredictor,a7d5f37e2e9fbd9891f7d7d4f72574512dd1f704fee14223e0a8cd0fbf54197c,0b30a443affb03e05a876a083857de9164f899feb7b4d261da02c485c9a3e3b6,20260725,1.0,0.9,1
run1,OHLCV+amount,OHLCV+amount_0080,4,100.12211608886719,100.09476470947266,100.04820251464844,100.0249252319336,100.12211608886719,100.12211608886719,100.0249252319336,100.0249252319336,False,True,True,0.02735137939453125,0.02327728271484375,0.050628662109375,0.0005061680651885888,KronosPredictor,a7d5f37e2e9fbd9891f7d7d4f72574512dd1f704fee14223e0a8cd0fbf54197c,0b30a443affb03e05a876a083857de9164f899feb7b4d261da02c485c9a3e3b6,20260725,1.0,0.9,1
run1,OHLCV+amount,OHLCV+amount_0080,5,100.09722137451172,100.102783203125,100.05131530761719,100.03147888183594,100.09722137451172,100.102783203125,100.03147888183594,100.03147888183594,False,True,True,0.0,0.01983642578125,0.01983642578125,0.00019831780733730122,KronosPredictor,a7d5f37e2e9fbd9891f7d7d4f72574512dd1f704fee14223e0a8cd0fbf54197c,0b30a443affb03e05a876a083857de9164f899feb7b4d261da02c485c9a3e3b6,20260725,1.0,0.9,1
run1,OHLCV+amount,OHLCV+amount_0081,1,100.01087951660156,100.03229522705078,99.90618896484375,99.9873046875,100.01087951660156,100.03229522705078,99.90618896484375,99.9873046875,False,True,True,0.0,0.0,0.0,0.0,KronosPredictor,a7d5f37e2e9fbd9891f7d7d4f72574512dd1f704fee14223e0a8cd0fbf54197c,0b30a443affb03e05a876a083857de9164f899feb7b4d261da02c485c9a3e3b6,20260725,1.0,0.9,1
run1,OHLCV+amount,OHLCV+amount_0081,2,99.84040832519531,100.04712677001953,99.84833526611328,99.99713134765625,99.84040832519531,100.04712677001953,99.84040832519531,99.99713134765625,False,True,True,0.0,0.00792694091796875,0.00792694091796875,7.927947395665466e-05,KronosPredictor,a7d5f37e2e9fbd9891f7d7d4f72574512dd1f704fee14223e0a8cd0fbf54197c,0b30a443affb03e05a876a083857de9164f899feb7b4d261da02c485c9a3e3b6,20260725,1.0,0.9,1
run1,OHLCV+amount,OHLCV+amount_0081,3,100.00419616699219,100.10294342041016,99.88214111328125,99.9942626953125,100.00419616699219,100.10294342041016,99.88214111328125,99.9942626953125,False,True,True,0.0,0.0,0.0,0.0,KronosPredictor,a7d5f37e2e9fbd9891f7d7d4f72574512dd1f704fee14223e0a8cd0fbf54197c,0b30a443affb03e05a876a083857de9164f899feb7b4d261da02c485c9a3e3b6,20260725,1.0,0.9,1
run1,OHLCV+amount,OHLCV+amount_0081,4,99.99536895751953,100.03044891357422,99.9670639038086,99.99470520019531,99.99536895751953,100.03044891357422,99.9670639038086,99.99470520019531,False,True,True,0.0,0.0,0.0,0.0,KronosPredictor,a7d5f37e2e9fbd9891f7d7d4f72574512dd1f704fee14223e0a8cd0fbf54197c,0b30a443affb03e05a876a083857de9164f899feb7b4d261da02c485c9a3e3b6,20260725,1.0,0.9,1
run1,OHLCV+amount,OHLCV+amount_0081,5,99.89826202392578,100.01592254638672,99.93291473388672,99.99604797363281,99.89826202392578,100.01592254638672,99.89826202392578,99.99604797363281,False,True,True,0.0,0.0346527099609375,0.0346527099609375,0.0003465710978932872,KronosPredictor,a7d5f37e2e9fbd9891f7d7d4f72574512dd1f704fee14223e0a8cd0fbf54197c,0b30a443affb03e05a876a083857de9164f899feb7b4d261da02c485c9a3e3b6,20260725,1.0,0.9,1
run1,OHLCV+amount,OHLCV+amount_0082,1,99.92205810546875,99.99380493164062,99.92979431152344,100.00396728515625,99.92205810546875,100.00396728515625,99.92205810546875,100.00396728515625,False,True,True,0.010162353515625,0.0077362060546875,0.0178985595703125,0.0001789784951158554,KronosPredictor,a7d5f37e2e9fbd9891f7d7d4f72574512dd1f704fee14223e0a8cd0fbf54197c,0b30a443affb03e05a876a083857de9164f899feb7b4d261da02c485c9a3e3b6,20260725,1.0,0.9,1
run1,OHLCV+amount,OHLCV+amount_0082,2,99.95902252197266,100.04548645019531,99.94550323486328,100.00653076171875,99.95902252197266,100.04548645019531,99.94550323486328,100.00653076171875,False,True,True,0.0,0.0,0.0,0.0,KronosPredictor,a7d5f37e2e9fbd9891f7d7d4f72574512dd1f704fee14223e0a8cd0fbf54197c,0b30a443affb03e05a876a083857de9164f899feb7b4d261da02c485c9a3e3b6,20260725,1.0,0.9,1
run1,OHLCV+amount,OHLCV+amount_0082,3,99.92741394042969,100.00443267822266,99.94564819335938,100.00542449951172,99.92741394042969,100.00542449951172,99.92741394042969,100.00542449951172,False,True,True,0.0009918212890625,0.0182342529296875,0.01922607421875,0.00019225311495820783,KronosPredictor,a7d5f37e2e9fbd9891f7d7d4f72574512dd1f704fee14223e0a8cd0fbf54197c,0b30a443affb03e05a876a083857de9164f899feb7b4d261da02c485c9a3e3b6,20260725,1.0,0.9,1
run1,OHLCV+amount,OHLCV+amount_0082,4,99.954833984375,100.02104949951172,99.93191528320312,100.00456237792969,99.954833984375,100.02104949951172,99.93191528320312,100.00456237792969,False,True,True,0.0,0.0,0.0,0.0,KronosPredictor,a7d5f37e2e9fbd9891f7d7d4f72574512dd1f704fee14223e0a8cd0fbf54197c,0b30a443affb03e05a876a083857de9164f899feb7b4d261da02c485c9a3e3b6,20260725,1.0,0.9,1
run1,OHLCV+amount,OHLCV+amount_0082,5,99.91548919677734,100.0332260131836,99.90831756591797,100.00458526611328,99.91548919677734,100.0332260131836,99.90831756591797,100.00458526611328,False,True,True,0.0,0.0,0.0,0.0,KronosPredictor,a7d5f37e2e9fbd9891f7d7d4f72574512dd1f704fee14223e0a8cd0fbf54197c,0b30a443affb03e05a876a083857de9164f899feb7b4d261da02c485c9a3e3b6,20260725,1.0,0.9,1
run1,OHLCV+amount,OHLCV+amount_0083,1,99.95088195800781,100.03221130371094,99.91539001464844,100.0029296875,99.95088195800781,100.03221130371094,99.91539001464844,100.0029296875,True,True,False,0.0,0.0,0.0,0.0,KronosPredictor,a7d5f37e2e9fbd9891f7d7d4f72574512dd1f704fee14223e0a8cd0fbf54197c,0b30a443affb03e05a876a083857de9164f899feb7b4d261da02c485c9a3e3b6,20260725,1.0,0.9,1
run1,OHLCV+amount,OHLCV+amount_0083,2,100.00654602050781,100.04010009765625,99.96118927001953,100.00377655029297,100.00654602050781,100.04010009765625,99.96118927001953,100.00377655029297,True,True,False,0.0,0.0,0.0,0.0,KronosPredictor,a7d5f37e2e9fbd9891f7d7d4f72574512dd1f704fee14223e0a8cd0fbf54197c,0b30a443affb03e05a876a083857de9164f899feb7b4d261da02c485c9a3e3b6,20260725,1.0,0.9,1
run1,OHLCV+amount,OHLCV+amount_0083,3,100.01972198486328,100.0587387084961,99.91896057128906,100.00212860107422,100.01972198486328,100.0587387084961,99.91896057128906,100.00212860107422,True,True,False,0.0,0.0,0.0,0.0,KronosPredictor,a7d5f37e2e9fbd9891f7d7d4f72574512dd1f704fee14223e0a8cd0fbf54197c,0b30a443affb03e05a876a083857de9164f899feb7b4d261da02c485c9a3e3b6,20260725,1.0,0.9,1
run1,OHLCV+amount,OHLCV+amount_0083,4,99.89763641357422,100.0419692993164,99.88948059082031,100.00187683105469,99.89763641357422,100.0419692993164,99.88948059082031,100.00187683105469,True,True,False,0.0,0.0,0.0,0.0,KronosPredictor,a7d5f37e2e9fbd9891f7d7d4f72574512dd1f704fee14223e0a8cd0fbf54197c,0b30a443affb03e05a876a083857de9164f899feb7b4d261da02c485c9a3e3b6,20260725,1.0,0.9,1
run1,OHLCV+amount,OHLCV+amount_0083,5,100.04547119140625,100.04891967773438,99.93885803222656,100.00138854980469,100.04547119140625,100.04891967773438,99.93885803222656,100.00138854980469,True,True,False,0.0,0.0,0.0,0.0,KronosPredictor,a7d5f37e2e9fbd9891f7d7d4f72574512dd1f704fee14223e0a8cd0fbf54197c,0b30a443affb03e05a876a083857de9164f899feb7b4d261da02c485c9a3e3b6,20260725,1.0,0.9,1
run1,OHLCV+amount,OHLCV+amount_0084,1,100.03181457519531,100.06263732910156,99.99803161621094,100.00753784179688,100.03181457519531,100.06263732910156,99.99803161621094,100.00753784179688,False,True,True,0.0,0.0,0.0,0.0,KronosPredictor,a7d5f37e2e9fbd9891f7d7d4f72574512dd1f704fee14223e0a8cd0fbf54197c,0b30a443affb03e05a876a083857de9164f899feb7b4d261da02c485c9a3e3b6,20260725,1.0,0.9,1
run1,OHLCV+amount,OHLCV+amount_0084,2,100.06581115722656,100.07860565185547,99.94055938720703,100.00247955322266,100.06581115722656,100.07860565185547,99.94055938720703,100.00247955322266,False,True,True,0.0,0.0,0.0,0.0,KronosPredictor,a7d5f37e2e9fbd9891f7d7d4f72574512dd1f704fee14223e0a8cd0fbf54197c,0b30a443affb03e05a876a083857de9164f899feb7b4d261da02c485c9a3e3b6,20260725,1.0,0.9,1
run1,OHLCV+amount,OHLCV+amount_0084,3,99.98365783691406,100.125244140625,99.9151840209961,100.00779724121094,99.98365783691406,100.125244140625,99.9151840209961,100.00779724121094,False,True,True,0.0,0.0,0.0,0.0,KronosPredictor,a7d5f37e2e9fbd9891f7d7d4f72574512dd1f704fee14223e0a8cd0fbf54197c,0b30a443affb03e05a876a083857de9164f899feb7b4d261da02c485c9a3e3b6,20260725,1.0,0.9,1
run1,OHLCV+amount,OHLCV+amount_0084,4,100.01698303222656,100.05239868164062,99.96453094482422,100.00515747070312,100.01698303222656,100.05239868164062,99.96453094482422,100.00515747070312,False,True,True,0.0,0.0,0.0,0.0,KronosPredictor,a7d5f37e2e9fbd9891f7d7d4f72574512dd1f704fee14223e0a8cd0fbf54197c,0b30a443affb03e05a876a083857de9164f899feb7b4d261da02c485c9a3e3b6,20260725,1.0,0.9,1
run1,OHLCV+amount,OHLCV+amount_0084,5,100.21807098388672,100.13309478759766,99.9590072631836,100.00463104248047,100.21807098388672,100.21807098388672,99.9590072631836,100.00463104248047,False,True,True,0.0849761962890625,0.0,0.0849761962890625,0.0008496979140061159,KronosPredictor,a7d5f37e2e9fbd9891f7d7d4f72574512dd1f704fee14223e0a8cd0fbf54197c,0b30a443affb03e05a876a083857de9164f899feb7b4d261da02c485c9a3e3b6,20260725,1.0,0.9,1
run1,OHLCV+amount,OHLCV+amount_0085,1,100.00016021728516,100.02608489990234,99.91658020019531,99.98770141601562,100.00016021728516,100.02608489990234,99.91658020019531,99.98770141601562,True,True,False,0.0,0.0,0.0,0.0,KronosPredictor,a7d5f37e2e9fbd9891f7d7d4f72574512dd1f704fee14223e0a8cd0fbf54197c,0b30a443affb03e05a876a083857de9164f899feb7b4d261da02c485c9a3e3b6,20260725,1.0,0.9,1
run1,OHLCV+amount,OHLCV+amount_0085,2,100.0070571899414,100.02787780761719,99.92150115966797,99.98844909667969,100.0070571899414,100.02787780761719,99.92150115966797,99.98844909667969,True,True,False,0.0,0.0,0.0,0.0,KronosPredictor,a7d5f37e2e9fbd9891f7d7d4f72574512dd1f704fee14223e0a8cd0fbf54197c,0b30a443affb03e05a876a083857de9164f899feb7b4d261da02c485c9a3e3b6,20260725,1.0,0.9,1
run1,OHLCV+amount,OHLCV+amount_0085,3,99.9522476196289,100.00566864013672,99.92753601074219,99.99030303955078,99.9522476196289,100.00566864013672,99.92753601074219,99.99030303955078,True,True,False,0.0,0.0,0.0,0.0,KronosPredictor,a7d5f37e2e9fbd9891f7d7d4f72574512dd1f704fee14223e0a8cd0fbf54197c,0b30a443affb03e05a876a083857de9164f899feb7b4d261da02c485c9a3e3b6,20260725,1.0,0.9,1
run1,OHLCV+amount,OHLCV+amount_0085,4,99.96031951904297,100.01583862304688,99.93461608886719,99.99040985107422,99.96031951904297,100.01583862304688,99.93461608886719,99.99040985107422,True,True,False,0.0,0.0,0.0,0.0,KronosPredictor,a7d5f37e2e9fbd9891f7d7d4f72574512dd1f704fee14223e0a8cd0fbf54197c,0b30a443affb03e05a876a083857de9164f899feb7b4d261da02c485c9a3e3b6,20260725,1.0,0.9,1
run1,OHLCV+amount,OHLCV+amount_0085,5,99.94578552246094,100.00835418701172,99.91397094726562,99.9904556274414,99.94578552246094,100.00835418701172,99.91397094726562,99.9904556274414,True,True,False,0.0,0.0,0.0,0.0,KronosPredictor,a7d5f37e2e9fbd9891f7d7d4f72574512dd1f704fee14223e0a8cd0fbf54197c,0b30a443affb03e05a876a083857de9164f899feb7b4d261da02c485c9a3e3b6,20260725,1.0,0.9,1
run1,OHLCV+amount,OHLCV+amount_0086,1,100.04041290283203,100.05774688720703,99.93022155761719,99.99873352050781,100.04041290283203,100.05774688720703,99.93022155761719,99.99873352050781,False,True,True,0.0,0.0,0.0,0.0,KronosPredictor,a7d5f37e2e9fbd9891f7d7d4f72574512dd1f704fee14223e0a8cd0fbf54197c,0b30a443affb03e05a876a083857de9164f899feb7b4d261da02c485c9a3e3b6,20260725,1.0,0.9,1
run1,OHLCV+amount,OHLCV+amount_0086,2,99.99423217773438,100.0070571899414,99.9458236694336,100.00001525878906,99.99423217773438,100.0070571899414,99.9458236694336,100.00001525878906,False,True,True,0.0,0.0,0.0,0.0,KronosPredictor,a7d5f37e2e9fbd9891f7d7d4f72574512dd1f704fee14223e0a8cd0fbf54197c,0b30a443affb03e05a876a083857de9164f899feb7b4d261da02c485c9a3e3b6,20260725,1.0,0.9,1
run1,OHLCV+amount,OHLCV+amount_0086,3,99.9705810546875,100.01752471923828,99.95612335205078,100.00152587890625,99.9705810546875,100.01752471923828,99.95612335205078,100.00152587890625,False,True,True,0.0,0.0,0.0,0.0,KronosPredictor,a7d5f37e2e9fbd9891f7d7d4f72574512dd1f704fee14223e0a8cd0fbf54197c,0b30a443affb03e05a876a083857de9164f899feb7b4d261da02c485c9a3e3b6,20260725,1.0,0.9,1
run1,OHLCV+amount,OHLCV+amount_0086,4,99.92137908935547,99.9915771484375,99.94047546386719,100.000732421875,99.92137908935547,100.000732421875,99.92137908935547,100.000732421875,False,True,True,0.0091552734375,0.01909637451171875,0.02825164794921875,0.0002825200575507777,KronosPredictor,a7d5f37e2e9fbd9891f7d7d4f72574512dd1f704fee14223e0a8cd0fbf54197c,0b30a443affb03e05a876a083857de9164f899feb7b4d261da02c485c9a3e3b6,20260725,1.0,0.9,1
run1,OHLCV+amount,OHLCV+amount_0086,5,99.96178436279297,100.05126190185547,99.922607421875,100.00232696533203,99.96178436279297,100.05126190185547,99.922607421875,100.00232696533203,False,True,True,0.0,0.0,0.0,0.0,KronosPredictor,a7d5f37e2e9fbd9891f7d7d4f72574512dd1f704fee14223e0a8cd0fbf54197c,0b30a443affb03e05a876a083857de9164f899feb7b4d261da02c485c9a3e3b6,20260725,1.0,0.9,1
run1,OHLCV+amount,OHLCV+amount_0087,1,100.01614379882812,100.03536224365234,99.95960998535156,99.99671936035156,100.01614379882812,100.03536224365234,99.95960998535156,99.99671936035156,False,True,True,0.0,0.0,0.0,0.0,KronosPredictor,a7d5f37e2e9fbd9891f7d7d4f72574512dd1f704fee14223e0a8cd0fbf54197c,0b30a443affb03e05a876a083857de9164f899feb7b4d261da02c485c9a3e3b6,20260725,1.0,0.9,1
run1,OHLCV+amount,OHLCV+amount_0087,2,100.03065490722656,100.01142883300781,99.91792297363281,99.99269104003906,100.03065490722656,100.03065490722656,99.91792297363281,99.99269104003906,False,True,True,0.01922607421875,0.0,0.01922607421875,0.00019226704977656585,KronosPredictor,a7d5f37e2e9fbd9891f7d7d4f72574512dd1f704fee14223e0a8cd0fbf54197c,0b30a443affb03e05a876a083857de9164f899feb7b4d261da02c485c9a3e3b6,20260725,1.0,0.9,1
run1,OHLCV+amount,OHLCV+amount_0087,3,100.07061004638672,100.07955169677734,99.88363647460938,99.99236297607422,100.07061004638672,100.07955169677734,99.88363647460938,99.99236297607422,False,True,True,0.0,0.0,0.0,0.0,KronosPredictor,a7d5f37e2e9fbd9891f7d7d4f72574512dd1f704fee14223e0a8cd0fbf54197c,0b30a443affb03e05a876a083857de9164f899feb7b4d261da02c485c9a3e3b6,20260725,1.0,0.9,1
run1,OHLCV+amount,OHLCV+amount_0087,4,99.87194061279297,99.93407440185547,99.87519836425781,99.98880767822266,99.87194061279297,99.98880767822266,99.87194061279297,99.98880767822266,False,True,True,0.0547332763671875,0.00325775146484375,0.05799102783203125,0.000579929303710983,KronosPredictor,a7d5f37e2e9fbd9891f7d7d4f72574512dd1f704fee14223e0a8cd0fbf54197c,0b30a443affb03e05a876a083857de9164f899feb7b4d261da02c485c9a3e3b6,20260725,1.0,0.9,1
run1,OHLCV+amount,OHLCV+amount_0087,5,99.85144805908203,99.97696685791016,99.90309143066406,99.99612426757812,99.85144805908203,99.99612426757812,99.85144805908203,99.99612426757812,False,True,True,0.01915740966796875,0.05164337158203125,0.07080078125,0.0007080310404470362,KronosPredictor,a7d5f37e2e9fbd9891f7d7d4f72574512dd1f704fee14223e0a8cd0fbf54197c,0b30a443affb03e05a876a083857de9164f899feb7b4d261da02c485c9a3e3b6,20260725,1.0,0.9,1
run1,OHLCV+amount,OHLCV+amount_0088,1,100.12152099609375,100.09147644042969,100.02679443359375,100.02153778076172,100.12152099609375,100.12152099609375,100.02153778076172,100.02153778076172,False,True,True,0.0300445556640625,0.00525665283203125,0.03530120849609375,0.0003529360703638735,KronosPredictor,a7d5f37e2e9fbd9891f7d7d4f72574512dd1f704fee14223e0a8cd0fbf54197c,0b30a443affb03e05a876a083857de9164f899feb7b4d261da02c485c9a3e3b6,20260725,1.0,0.9,1
run1,OHLCV+amount,OHLCV+amount_0088,2,100.04207611083984,100.10103607177734,100.02473449707031,100.0306625366211,100.04207611083984,100.10103607177734,100.02473449707031,100.0306625366211,False,True,True,0.0,0.0,0.0,0.0,KronosPredictor,a7d5f37e2e9fbd9891f7d7d4f72574512dd1f704fee14223e0a8cd0fbf54197c,0b30a443affb03e05a876a083857de9164f899feb7b4d261da02c485c9a3e3b6,20260725,1.0,0.9,1
run1,OHLCV+amount,OHLCV+amount_0088,3,100.0886001586914,100.09339141845703,100.02796173095703,100.02669525146484,100.0886001586914,100.09339141845703,100.02669525146484,100.02669525146484,False,True,True,0.0,0.0012664794921875,0.0012664794921875,1.2662067793473741e-05,KronosPredictor,a7d5f37e2e9fbd9891f7d7d4f72574512dd1f704fee14223e0a8cd0fbf54197c,0b30a443affb03e05a876a083857de9164f899feb7b4d261da02c485c9a3e3b6,20260725,1.0,0.9,1
run1,OHLCV+amount,OHLCV+amount_0088,4,100.01277160644531,100.0833969116211,99.9998550415039,100.0257568359375,100.01277160644531,100.0833969116211,99.9998550415039,100.0257568359375,False,True,True,0.0,0.0,0.0,0.0,KronosPredictor,a7d5f37e2e9fbd9891f7d7d4f72574512dd1f704fee14223e0a8cd0fbf54197c,0b30a443affb03e05a876a083857de9164f899feb7b4d261da02c485c9a3e3b6,20260725,1.0,0.9,1
run1,OHLCV+amount,OHLCV+amount_0088,5,100.03939056396484,100.06072235107422,99.99840545654297,100.02277374267578,100.03939056396484,100.06072235107422,99.99840545654297,100.02277374267578,False,True,True,0.0,0.0,0.0,0.0,KronosPredictor,a7d5f37e2e9fbd9891f7d7d4f72574512dd1f704fee14223e0a8cd0fbf54197c,0b30a443affb03e05a876a083857de9164f899feb7b4d261da02c485c9a3e3b6,20260725,1.0,0.9,1
run1,OHLCV+amount,OHLCV+amount_0089,1,99.79154205322266,100.04777526855469,99.81637573242188,99.99175262451172,99.79154205322266,100.04777526855469,99.79154205322266,99.99175262451172,False,True,True,0.0,0.02483367919921875,0.02483367919921875,0.000248357274949205,KronosPredictor,a7d5f37e2e9fbd9891f7d7d4f72574512dd1f704fee14223e0a8cd0fbf54197c,0b30a443affb03e05a876a083857de9164f899feb7b4d261da02c485c9a3e3b6,20260725,1.0,0.9,1
run1,OHLCV+amount,OHLCV+amount_0089,2,100.06006622314453,100.05339813232422,99.85369873046875,99.9873046875,100.06006622314453,100.06006622314453,99.85369873046875,99.9873046875,False,True,True,0.0066680908203125,0.0,0.0066680908203125,6.668640808159914e-05,KronosPredictor,a7d5f37e2e9fbd9891f7d7d4f72574512dd1f704fee14223e0a8cd0fbf54197c,0b30a443affb03e05a876a083857de9164f899feb7b4d261da02c485c9a3e3b6,20260725,1.0,0.9,1
run1,OHLCV+amount,OHLCV+amount_0089,3,99.92619323730469,100.11924743652344,99.8841552734375,99.98956298828125,99.92619323730469,100.11924743652344,99.8841552734375,99.98956298828125,False,True,True,0.0,0.0,0.0,0.0,KronosPredictor,a7d5f37e2e9fbd9891f7d7d4f72574512dd1f704fee14223e0a8cd0fbf54197c,0b30a443affb03e05a876a083857de9164f899feb7b4d261da02c485c9a3e3b6,20260725,1.0,0.9,1
run1,OHLCV+amount,OHLCV+amount_0089,4,99.92291259765625,100.11396026611328,99.89680480957031,99.99030303955078,99.92291259765625,100.11396026611328,99.89680480957031,99.99030303955078,False,True,True,0.0,0.0,0.0,0.0,KronosPredictor,a7d5f37e2e9fbd9891f7d7d4f72574512dd1f704fee14223e0a8cd0fbf54197c,0b30a443affb03e05a876a083857de9164f899feb7b4d261da02c485c9a3e3b6,20260725,1.0,0.9,1
run1,OHLCV+amount,OHLCV+amount_0089,5,100.01984405517578,100.05039978027344,99.9374008178711,99.99398803710938,100.01984405517578,100.05039978027344,99.9374008178711,99.99398803710938,False,True,True,0.0,0.0,0.0,0.0,KronosPredictor,a7d5f37e2e9fbd9891f7d7d4f72574512dd1f704fee14223e0a8cd0fbf54197c,0b30a443affb03e05a876a083857de9164f899feb7b4d261da02c485c9a3e3b6,20260725,1.0,0.9,1
run1,OHLCV+amount,OHLCV+amount_0090,1,100.10169219970703,100.09661865234375,100.00801849365234,100.00206756591797,100.10169219970703,100.10169219970703,100.00206756591797,100.00206756591797,False,True,True,0.00507354736328125,0.005950927734375,0.01102447509765625,0.00011024247164079174,KronosPredictor,a7d5f37e2e9fbd9891f7d7d4f72574512dd1f704fee14223e0a8cd0fbf54197c,0b30a443affb03e05a876a083857de9164f899feb7b4d261da02c485c9a3e3b6,20260725,1.0,0.9,1
run1,OHLCV+amount,OHLCV+amount_0090,2,100.06981658935547,100.0848159790039,99.96612548828125,100.00032806396484,100.06981658935547,100.0848159790039,99.96612548828125,100.00032806396484,False,True,True,0.0,0.0,0.0,0.0,KronosPredictor,a7d5f37e2e9fbd9891f7d7d4f72574512dd1f704fee14223e0a8cd0fbf54197c,0b30a443affb03e05a876a083857de9164f899feb7b4d261da02c485c9a3e3b6,20260725,1.0,0.9,1
run1,OHLCV+amount,OHLCV+amount_0090,3,100.0363998413086,100.12755584716797,99.95587158203125,99.99942016601562,100.0363998413086,100.12755584716797,99.95587158203125,99.99942016601562,False,True,True,0.0,0.0,0.0,0.0,KronosPredictor,a7d5f37e2e9fbd9891f7d7d4f72574512dd1f704fee14223e0a8cd0fbf54197c,0b30a443affb03e05a876a083857de9164f899feb7b4d261da02c485c9a3e3b6,20260725,1.0,0.9,1
run1,OHLCV+amount,OHLCV+amount_0090,4,100.08763885498047,100.10142517089844,100.0084457397461,100.003173828125,100.08763885498047,100.10142517089844,100.003173828125,100.003173828125,False,True,True,0.0,0.00527191162109375,0.00527191162109375,5.271802623099452e-05,KronosPredictor,a7d5f37e2e9fbd9891f7d7d4f72574512dd1f704fee14223e0a8cd0fbf54197c,0b30a443affb03e05a876a083857de9164f899feb7b4d261da02c485c9a3e3b6,20260725,1.0,0.9,1
run1,OHLCV+amount,OHLCV+amount_0090,5,99.98421478271484,100.07730865478516,99.96776580810547,100.00160217285156,99.98421478271484,100.07730865478516,99.96776580810547,100.00160217285156,False,True,True,0.0,0.0,0.0,0.0,KronosPredictor,a7d5f37e2e9fbd9891f7d7d4f72574512dd1f704fee14223e0a8cd0fbf54197c,0b30a443affb03e05a876a083857de9164f899feb7b4d261da02c485c9a3e3b6,20260725,1.0,0.9,1
run1,OHLCV+amount,OHLCV+amount_0091,1,99.84626770019531,100.06805419921875,99.88912963867188,100.00188446044922,99.84626770019531,100.06805419921875,99.84626770019531,100.00188446044922,False,True,True,0.0,0.0428619384765625,0.0428619384765625,0.0004286113077550495,KronosPredictor,a7d5f37e2e9fbd9891f7d7d4f72574512dd1f704fee14223e0a8cd0fbf54197c,0b30a443affb03e05a876a083857de9164f899feb7b4d261da02c485c9a3e3b6,20260725,1.0,0.9,1
run1,OHLCV+amount,OHLCV+amount_0091,2,99.99945068359375,100.0750732421875,99.88554382324219,100.0026626586914,99.99945068359375,100.0750732421875,99.88554382324219,100.0026626586914,False,True,True,0.0,0.0,0.0,0.0,KronosPredictor,a7d5f37e2e9fbd9891f7d7d4f72574512dd1f704fee14223e0a8cd0fbf54197c,0b30a443affb03e05a876a083857de9164f899feb7b4d261da02c485c9a3e3b6,20260725,1.0,0.9,1
run1,OHLCV+amount,OHLCV+amount_0091,3,100.01445007324219,100.09996032714844,99.94812774658203,100.0030517578125,100.01445007324219,100.09996032714844,99.94812774658203,100.0030517578125,False,True,True,0.0,0.0,0.0,0.0,KronosPredictor,a7d5f37e2e9fbd9891f7d7d4f72574512dd1f704fee14223e0a8cd0fbf54197c,0b30a443affb03e05a876a083857de9164f899feb7b4d261da02c485c9a3e3b6,20260725,1.0,0.9,1
run1,OHLCV+amount,OHLCV+amount_0091,4,100.16435241699219,100.0926284790039,99.98015594482422,99.99838256835938,100.16435241699219,100.16435241699219,99.98015594482422,99.99838256835938,False,True,True,0.07172393798828125,0.0,0.07172393798828125,0.000717225864045073,KronosPredictor,a7d5f37e2e9fbd9891f7d7d4f72574512dd1f704fee14223e0a8cd0fbf54197c,0b30a443affb03e05a876a083857de9164f899feb7b4d261da02c485c9a3e3b6,20260725,1.0,0.9,1
run1,OHLCV+amount,OHLCV+amount_0091,5,100.158203125,100.102783203125,99.96145629882812,99.99848175048828,100.158203125,100.158203125,99.96145629882812,99.99848175048828,False,True,True,0.055419921875,0.0,0.055419921875,0.0005541887752817158,KronosPredictor,a7d5f37e2e9fbd9891f7d7d4f72574512dd1f704fee14223e0a8cd0fbf54197c,0b30a443affb03e05a876a083857de9164f899feb7b4d261da02c485c9a3e3b6,20260725,1.0,0.9,1
run1,OHLCV+amount,OHLCV+amount_0092,1,99.98979187011719,100.14366149902344,99.98870849609375,100.03087615966797,99.98979187011719,100.14366149902344,99.98870849609375,100.03087615966797,False,True,True,0.0,0.0,0.0,0.0,KronosPredictor,a7d5f37e2e9fbd9891f7d7d4f72574512dd1f704fee14223e0a8cd0fbf54197c,0b30a443affb03e05a876a083857de9164f899feb7b4d261da02c485c9a3e3b6,20260725,1.0,0.9,1
run1,OHLCV+amount,OHLCV+amount_0092,2,100.06777954101562,100.14468383789062,99.9999008178711,100.02682495117188,100.06777954101562,100.14468383789062,99.9999008178711,100.02682495117188,False,True,True,0.0,0.0,0.0,0.0,KronosPredictor,a7d5f37e2e9fbd9891f7d7d4f72574512dd1f704fee14223e0a8cd0fbf54197c,0b30a443affb03e05a876a083857de9164f899feb7b4d261da02c485c9a3e3b6,20260725,1.0,0.9,1
run1,OHLCV+amount,OHLCV+amount_0092,3,100.20519256591797,100.17418670654297,100.02157592773438,100.01593017578125,100.20519256591797,100.20519256591797,100.01593017578125,100.01593017578125,False,True,True,0.031005859375,0.005645751953125,0.036651611328125,0.00036640298211146506,KronosPredictor,a7d5f37e2e9fbd9891f7d7d4f72574512dd1f704fee14223e0a8cd0fbf54197c,0b30a443affb03e05a876a083857de9164f899feb7b4d261da02c485c9a3e3b6,20260725,1.0,0.9,1
run1,OHLCV+amount,OHLCV+amount_0092,4,99.86653137207031,100.16236877441406,99.91777801513672,100.03114318847656,99.86653137207031,100.16236877441406,99.86653137207031,100.03114318847656,False,True,True,0.0,0.05124664306640625,0.05124664306640625,0.000512308249550939,KronosPredictor,a7d5f37e2e9fbd9891f7d7d4f72574512dd1f704fee14223e0a8cd0fbf54197c,0b30a443affb03e05a876a083857de9164f899feb7b4d261da02c485c9a3e3b6,20260725,1.0,0.9,1
run1,OHLCV+amount,OHLCV+amount_0092,5,99.99421691894531,100.08683776855469,99.94058990478516,100.01770782470703,99.99421691894531,100.08683776855469,99.94058990478516,100.01770782470703,False,True,True,0.0,0.0,0.0,0.0,KronosPredictor,a7d5f37e2e9fbd9891f7d7d4f72574512dd1f704fee14223e0a8cd0fbf54197c,0b30a443affb03e05a876a083857de9164f899feb7b4d261da02c485c9a3e3b6,20260725,1.0,0.9,1
run1,OHLCV+amount,OHLCV+amount_0093,1,100.0072250366211,100.04119110107422,99.96642303466797,100.00346374511719,100.0072250366211,100.04119110107422,99.96642303466797,100.00346374511719,False,True,True,0.0,0.0,0.0,0.0,KronosPredictor,a7d5f37e2e9fbd9891f7d7d4f72574512dd1f704fee14223e0a8cd0fbf54197c,0b30a443affb03e05a876a083857de9164f899feb7b4d261da02c485c9a3e3b6,20260725,1.0,0.9,1
run1,OHLCV+amount,OHLCV+amount_0093,2,100.17400360107422,100.11532592773438,100.0174560546875,100.0075912475586,100.17400360107422,100.17400360107422,100.0075912475586,100.0075912475586,False,True,True,0.05867767333984375,0.00986480712890625,0.06854248046875,0.0006854010641416077,KronosPredictor,a7d5f37e2e9fbd9891f7d7d4f72574512dd1f704fee14223e0a8cd0fbf54197c,0b30a443affb03e05a876a083857de9164f899feb7b4d261da02c485c9a3e3b6,20260725,1.0,0.9,1
run1,OHLCV+amount,OHLCV+amount_0093,3,100.0888671875,100.06333923339844,99.98428344726562,100.00263977050781,100.0888671875,100.0888671875,99.98428344726562,100.00263977050781,False,True,True,0.0255279541015625,0.0,0.0255279541015625,0.0002552706990892497,KronosPredictor,a7d5f37e2e9fbd9891f7d7d4f72574512dd1f704fee14223e0a8cd0fbf54197c,0b30a443affb03e05a876a083857de9164f899feb7b4d261da02c485c9a3e3b6,20260725,1.0,0.9,1
run1,OHLCV+amount,OHLCV+amount_0093,4,100.02021026611328,100.05614471435547,99.96842193603516,100.00254821777344,100.02021026611328,100.05614471435547,99.96842193603516,100.00254821777344,False,True,True,0.0,0.0,0.0,0.0,KronosPredictor,a7d5f37e2e9fbd9891f7d7d4f72574512dd1f704fee14223e0a8cd0fbf54197c,0b30a443affb03e05a876a083857de9164f899feb7b4d261da02c485c9a3e3b6,20260725,1.0,0.9,1
run1,OHLCV+amount,OHLCV+amount_0093,5,100.01264953613281,100.05098724365234,99.9783935546875,100.00460815429688,100.01264953613281,100.05098724365234,99.9783935546875,100.00460815429688,False,True,True,0.0,0.0,0.0,0.0,KronosPredictor,a7d5f37e2e9fbd9891f7d7d4f72574512dd1f704fee14223e0a8cd0fbf54197c,0b30a443affb03e05a876a083857de9164f899feb7b4d261da02c485c9a3e3b6,20260725,1.0,0.9,1
run1,OHLCV+amount,OHLCV+amount_0094,1,99.8698501586914,100.0855484008789,99.8779067993164,99.98507690429688,99.8698501586914,100.0855484008789,99.8698501586914,99.98507690429688,False,True,True,0.0,0.008056640625,0.008056640625,8.057843104638112e-05,KronosPredictor,a7d5f37e2e9fbd9891f7d7d4f72574512dd1f704fee14223e0a8cd0fbf54197c,0b30a443affb03e05a876a083857de9164f899feb7b4d261da02c485c9a3e3b6,20260725,1.0,0.9,1
run1,OHLCV+amount,OHLCV+amount_0094,2,100.22978973388672,100.11228942871094,99.93579864501953,99.99034881591797,100.22978973388672,100.22978973388672,99.93579864501953,99.99034881591797,False,True,True,0.11750030517578125,0.0,0.11750030517578125,0.0011751784247588217,KronosPredictor,a7d5f37e2e9fbd9891f7d7d4f72574512dd1f704fee14223e0a8cd0fbf54197c,0b30a443affb03e05a876a083857de9164f899feb7b4d261da02c485c9a3e3b6,20260725,1.0,0.9,1
run1,OHLCV+amount,OHLCV+amount_0094,3,100.00945281982422,100.02790832519531,99.9569091796875,99.99110412597656,100.00945281982422,100.02790832519531,99.9569091796875,99.99110412597656,False,True,True,0.0,0.0,0.0,0.0,KronosPredictor,a7d5f37e2e9fbd9891f7d7d4f72574512dd1f704fee14223e0a8cd0fbf54197c,0b30a443affb03e05a876a083857de9164f899feb7b4d261da02c485c9a3e3b6,20260725,1.0,0.9,1
run1,OHLCV+amount,OHLCV+amount_0094,4,99.97050476074219,100.02234649658203,99.95709228515625,99.99400329589844,99.97050476074219,100.02234649658203,99.95709228515625,99.99400329589844,False,True,True,0.0,0.0,0.0,0.0,KronosPredictor,a7d5f37e2e9fbd9891f7d7d4f72574512dd1f704fee14223e0a8cd0fbf54197c,0b30a443affb03e05a876a083857de9164f899feb7b4d261da02c485c9a3e3b6,20260725,1.0,0.9,1
run1,OHLCV+amount,OHLCV+amount_0094,5,100.00861358642578,100.02783203125,99.92626953125,99.98828125,100.00861358642578,100.02783203125,99.92626953125,99.98828125,False,True,True,0.0,0.0,0.0,0.0,KronosPredictor,a7d5f37e2e9fbd9891f7d7d4f72574512dd1f704fee14223e0a8cd0fbf54197c,0b30a443affb03e05a876a083857de9164f899feb7b4d261da02c485c9a3e3b6,20260725,1.0,0.9,1
run1,OHLCV+amount,OHLCV+amount_0095,1,100.01959228515625,100.04985046386719,99.98181915283203,99.99882507324219,100.01959228515625,100.04985046386719,99.98181915283203,99.99882507324219,False,True,True,0.0,0.0,0.0,0.0,KronosPredictor,a7d5f37e2e9fbd9891f7d7d4f72574512dd1f704fee14223e0a8cd0fbf54197c,0b30a443affb03e05a876a083857de9164f899feb7b4d261da02c485c9a3e3b6,20260725,1.0,0.9,1
run1,OHLCV+amount,OHLCV+amount_0095,2,99.98550415039062,100.0944595336914,99.91148376464844,100.00160217285156,99.98550415039062,100.0944595336914,99.91148376464844,100.00160217285156,False,True,True,0.0,0.0,0.0,0.0,KronosPredictor,a7d5f37e2e9fbd9891f7d7d4f72574512dd1f704fee14223e0a8cd0fbf54197c,0b30a443affb03e05a876a083857de9164f899feb7b4d261da02c485c9a3e3b6,20260725,1.0,0.9,1
run1,OHLCV+amount,OHLCV+amount_0095,3,100.0763168334961,100.07384490966797,100.024169921875,100.00305938720703,100.0763168334961,100.0763168334961,100.00305938720703,100.00305938720703,False,True,True,0.002471923828125,0.02111053466796875,0.02358245849609375,0.00023582735575964256,KronosPredictor,a7d5f37e2e9fbd9891f7d7d4f72574512dd1f704fee14223e0a8cd0fbf54197c,0b30a443affb03e05a876a083857de9164f899feb7b4d261da02c485c9a3e3b6,20260725,1.0,0.9,1
run1,OHLCV+amount,OHLCV+amount_0095,4,100.19336700439453,100.11424255371094,100.00163269042969,100.0003890991211,100.19336700439453,100.19336700439453,100.0003890991211,100.0003890991211,False,True,True,0.07912445068359375,0.00124359130859375,0.0803680419921875,0.0008036898626891215,KronosPredictor,a7d5f37e2e9fbd9891f7d7d4f72574512dd1f704fee14223e0a8cd0fbf54197c,0b30a443affb03e05a876a083857de9164f899feb7b4d261da02c485c9a3e3b6,20260725,1.0,0.9,1
run1,OHLCV+amount,OHLCV+amount_0095,5,100.05351257324219,100.09210968017578,99.9731216430664,100.00050354003906,100.05351257324219,100.09210968017578,99.9731216430664,100.00050354003906,False,True,True,0.0,0.0,0.0,0.0,KronosPredictor,a7d5f37e2e9fbd9891f7d7d4f72574512dd1f704fee14223e0a8cd0fbf54197c,0b30a443affb03e05a876a083857de9164f899feb7b4d261da02c485c9a3e3b6,20260725,1.0,0.9,1
run1,OHLCV+amount,OHLCV+amount_0096,1,99.88819122314453,100.05912780761719,99.92179870605469,100.01311492919922,99.88819122314453,100.05912780761719,99.88819122314453,100.01311492919922,False,True,True,0.0,0.03360748291015625,0.03360748291015625,0.0003360307589054445,KronosPredictor,a7d5f37e2e9fbd9891f7d7d4f72574512dd1f704fee14223e0a8cd0fbf54197c,0b30a443affb03e05a876a083857de9164f899feb7b4d261da02c485c9a3e3b6,20260725,1.0,0.9,1
run1,OHLCV+amount,OHLCV+amount_0096,2,100.02902221679688,100.05840301513672,99.97962951660156,100.01262664794922,100.02902221679688,100.05840301513672,99.97962951660156,100.01262664794922,False,True,True,0.0,0.0,0.0,0.0,KronosPredictor,a7d5f37e2e9fbd9891f7d7d4f72574512dd1f704fee14223e0a8cd0fbf54197c,0b30a443affb03e05a876a083857de9164f899feb7b4d261da02c485c9a3e3b6,20260725,1.0,0.9,1
run1,OHLCV+amount,OHLCV+amount_0096,3,100.05220794677734,100.03409576416016,99.96360778808594,100.00882720947266,100.05220794677734,100.05220794677734,99.96360778808594,100.00882720947266,False,True,True,0.0181121826171875,0.0,0.0181121826171875,0.0001810980752875199,KronosPredictor,a7d5f37e2e9fbd9891f7d7d4f72574512dd1f704fee14223e0a8cd0fbf54197c,0b30a443affb03e05a876a083857de9164f899feb7b4d261da02c485c9a3e3b6,20260725,1.0,0.9,1
run1,OHLCV+amount,OHLCV+amount_0096,4,100.11421203613281,100.09955596923828,100.0100326538086,100.01473236083984,100.11421203613281,100.11421203613281,100.0100326538086,100.01473236083984,False,True,True,0.01465606689453125,0.0,0.01465606689453125,0.0001465414501378794,KronosPredictor,a7d5f37e2e9fbd9891f7d7d4f72574512dd1f704fee14223e0a8cd0fbf54197c,0b30a443affb03e05a876a083857de9164f899feb7b4d261da02c485c9a3e3b6,20260725,1.0,0.9,1
run1,OHLCV+amount,OHLCV+amount_0096,5,100.10435485839844,100.11873626708984,100.05582427978516,100.01641082763672,100.10435485839844,100.11873626708984,100.01641082763672,100.01641082763672,False,True,True,0.0,0.0394134521484375,0.0394134521484375,0.0003940828377992114,KronosPredictor,a7d5f37e2e9fbd9891f7d7d4f72574512dd1f704fee14223e0a8cd0fbf54197c,0b30a443affb03e05a876a083857de9164f899feb7b4d261da02c485c9a3e3b6,20260725,1.0,0.9,1
run1,OHLCV+amount,OHLCV+amount_0097,1,99.92249298095703,100.01282501220703,99.9166259765625,99.98780059814453,99.92249298095703,100.01282501220703,99.9166259765625,99.98780059814453,True,True,False,0.0,0.0,0.0,0.0,KronosPredictor,a7d5f37e2e9fbd9891f7d7d4f72574512dd1f704fee14223e0a8cd0fbf54197c,0b30a443affb03e05a876a083857de9164f899feb7b4d261da02c485c9a3e3b6,20260725,1.0,0.9,1
run1,OHLCV+amount,OHLCV+amount_0097,2,99.91944122314453,99.98846435546875,99.90841674804688,99.98474884033203,99.91944122314453,99.98846435546875,99.90841674804688,99.98474884033203,True,True,False,0.0,0.0,0.0,0.0,KronosPredictor,a7d5f37e2e9fbd9891f7d7d4f72574512dd1f704fee14223e0a8cd0fbf54197c,0b30a443affb03e05a876a083857de9164f899feb7b4d261da02c485c9a3e3b6,20260725,1.0,0.9,1
run1,OHLCV+amount,OHLCV+amount_0097,3,100.00931549072266,100.06092071533203,99.89828491210938,99.98504638671875,100.00931549072266,100.06092071533203,99.89828491210938,99.98504638671875,True,True,False,0.0,0.0,0.0,0.0,KronosPredictor,a7d5f37e2e9fbd9891f7d7d4f72574512dd1f704fee14223e0a8cd0fbf54197c,0b30a443affb03e05a876a083857de9164f899feb7b4d261da02c485c9a3e3b6,20260725,1.0,0.9,1
run1,OHLCV+amount,OHLCV+amount_0097,4,99.91732025146484,99.99433898925781,99.89453125,99.98387908935547,99.91732025146484,99.99433898925781,99.89453125,99.98387908935547,True,True,False,0.0,0.0,0.0,0.0,KronosPredictor,a7d5f37e2e9fbd9891f7d7d4f72574512dd1f704fee14223e0a8cd0fbf54197c,0b30a443affb03e05a876a083857de9164f899feb7b4d261da02c485c9a3e3b6,20260725,1.0,0.9,1
run1,OHLCV+amount,OHLCV+amount_0097,5,100.00654602050781,100.01614379882812,99.9126968383789,99.9841079711914,100.00654602050781,100.01614379882812,99.9126968383789,99.9841079711914,True,True,False,0.0,0.0,0.0,0.0,KronosPredictor,a7d5f37e2e9fbd9891f7d7d4f72574512dd1f704fee14223e0a8cd0fbf54197c,0b30a443affb03e05a876a083857de9164f899feb7b4d261da02c485c9a3e3b6,20260725,1.0,0.9,1
run1,OHLCV+amount,OHLCV+amount_0098,1,100.04979705810547,100.03081512451172,99.95265197753906,100.00267791748047,100.04979705810547,100.04979705810547,99.95265197753906,100.00267791748047,False,True,True,0.01898193359375,0.0,0.01898193359375,0.00018981425286844202,KronosPredictor,a7d5f37e2e9fbd9891f7d7d4f72574512dd1f704fee14223e0a8cd0fbf54197c,0b30a443affb03e05a876a083857de9164f899feb7b4d261da02c485c9a3e3b6,20260725,1.0,0.9,1
run1,OHLCV+amount,OHLCV+amount_0098,2,99.99089813232422,100.07974243164062,99.91608428955078,100.00538635253906,99.99089813232422,100.07974243164062,99.91608428955078,100.00538635253906,False,True,True,0.0,0.0,0.0,0.0,KronosPredictor,a7d5f37e2e9fbd9891f7d7d4f72574512dd1f704fee14223e0a8cd0fbf54197c,0b30a443affb03e05a876a083857de9164f899feb7b4d261da02c485c9a3e3b6,20260725,1.0,0.9,1
run1,OHLCV+amount,OHLCV+amount_0098,3,99.98348999023438,100.03898620605469,99.958740234375,100.00550842285156,99.98348999023438,100.03898620605469,99.958740234375,100.00550842285156,False,True,True,0.0,0.0,0.0,0.0,KronosPredictor,a7d5f37e2e9fbd9891f7d7d4f72574512dd1f704fee14223e0a8cd0fbf54197c,0b30a443affb03e05a876a083857de9164f899feb7b4d261da02c485c9a3e3b6,20260725,1.0,0.9,1
run1,OHLCV+amount,OHLCV+amount_0098,4,99.9610824584961,100.05821228027344,99.95465087890625,100.00794219970703,99.9610824584961,100.05821228027344,99.95465087890625,100.00794219970703,False,True,True,0.0,0.0,0.0,0.0,KronosPredictor,a7d5f37e2e9fbd9891f7d7d4f72574512dd1f704fee14223e0a8cd0fbf54197c,0b30a443affb03e05a876a083857de9164f899feb7b4d261da02c485c9a3e3b6,20260725,1.0,0.9,1
run1,OHLCV+amount,OHLCV+amount_0098,5,100.027587890625,100.0499267578125,99.98355865478516,100.00660705566406,100.027587890625,100.0499267578125,99.98355865478516,100.00660705566406,False,True,True,0.0,0.0,0.0,0.0,KronosPredictor,a7d5f37e2e9fbd9891f7d7d4f72574512dd1f704fee14223e0a8cd0fbf54197c,0b30a443affb03e05a876a083857de9164f899feb7b4d261da02c485c9a3e3b6,20260725,1.0,0.9,1
run1,OHLCV+amount,OHLCV+amount_0099,1,100.0484390258789,100.06082916259766,99.98652648925781,99.99127960205078,100.0484390258789,100.06082916259766,99.98652648925781,99.99127960205078,False,True,True,0.0,0.0,0.0,0.0,KronosPredictor,a7d5f37e2e9fbd9891f7d7d4f72574512dd1f704fee14223e0a8cd0fbf54197c,0b30a443affb03e05a876a083857de9164f899feb7b4d261da02c485c9a3e3b6,20260725,1.0,0.9,1
run1,OHLCV+amount,OHLCV+amount_0099,2,100.01313781738281,100.05974578857422,99.95687866210938,99.98927307128906,100.01313781738281,100.05974578857422,99.95687866210938,99.98927307128906,False,True,True,0.0,0.0,0.0,0.0,KronosPredictor,a7d5f37e2e9fbd9891f7d7d4f72574512dd1f704fee14223e0a8cd0fbf54197c,0b30a443affb03e05a876a083857de9164f899feb7b4d261da02c485c9a3e3b6,20260725,1.0,0.9,1
run1,OHLCV+amount,OHLCV+amount_0099,3,100.04478454589844,100.02561950683594,99.9261474609375,99.98043823242188,100.04478454589844,100.04478454589844,99.9261474609375,99.98043823242188,False,True,True,0.0191650390625,0.0,0.0191650390625,0.00019166710475927276,KronosPredictor,a7d5f37e2e9fbd9891f7d7d4f72574512dd1f704fee14223e0a8cd0fbf54197c,0b30a443affb03e05a876a083857de9164f899feb7b4d261da02c485c9a3e3b6,20260725,1.0,0.9,1
run1,OHLCV+amount,OHLCV+amount_0099,4,99.89878845214844,99.98567199707031,99.93428802490234,99.98524475097656,99.89878845214844,99.98567199707031,99.89878845214844,99.98524475097656,False,True,True,0.0,0.03549957275390625,0.03549957275390625,0.00035502668727901916,KronosPredictor,a7d5f37e2e9fbd9891f7d7d4f72574512dd1f704fee14223e0a8cd0fbf54197c,0b30a443affb03e05a876a083857de9164f899feb7b4d261da02c485c9a3e3b6,20260725,1.0,0.9,1
run1,OHLCV+amount,OHLCV+amount_0099,5,99.97852325439453,100.01661682128906,99.93981170654297,99.98426055908203,99.97852325439453,100.01661682128906,99.93981170654297,99.98426055908203,False,True,True,0.0,0.0,0.0,0.0,KronosPredictor,a7d5f37e2e9fbd9891f7d7d4f72574512dd1f704fee14223e0a8cd0fbf54197c,0b30a443affb03e05a876a083857de9164f899feb7b4d261da02c485c9a3e3b6,20260725,1.0,0.9,1
